contrast,metric,seed,basin,delta
L_minus_G,NSE,17,03456500,-0.04333872608190181
L_minus_G,NSE,17,03182500,0.015398531413209793
L_minus_G,NSE,17,01539000,0.2575634826070895
L_minus_G,NSE,17,01350000,0.08475098194873198
L_minus_G,NSE,17,03238500,-0.00455059296655369
L_minus_G,NSE,17,01030500,0.1766041263346133
L_minus_G,NSE,17,01365000,0.0898866914688129
L_minus_G,NSE,17,03460000,-0.09311388901984452
L_minus_G,NSE,17,02046000,0.041211143853005616
L_minus_G,NSE,17,03028000,0.09162126145322158
L_minus_G,NSE,17,01350080,-0.3623379125274263
L_minus_G,NSE,17,01484100,0.2386307119581944
L_minus_G,NSE,17,02015700,0.04691235808229832
L_minus_G,NSE,17,04224775,0.06788879189270514
L_minus_G,NSE,17,01466500,0.42816070058970424
L_minus_G,NSE,17,02016000,0.11299375016207391
L_minus_G,NSE,17,01134500,0.03391143209647429
L_minus_G,NSE,17,01518862,0.18416135145012746
L_minus_G,NSE,17,01545600,0.19859697986755198
L_minus_G,NSE,17,04197100,-0.08126957457079997
L_minus_G,NSE,17,01549500,0.09661446333886514
L_minus_G,NSE,17,02140991,-0.06643900172239481
L_minus_G,NSE,17,03049000,0.024528689196879228
L_minus_G,NSE,17,02111500,0.0015886799943960472
L_minus_G,NSE,17,03450000,0.026174126106701112
L_minus_G,NSE,17,04122200,0.12192870338811179
L_minus_G,NSE,17,02053800,0.007323094776118033
L_minus_G,NSE,17,04196800,0.03355229782634506
L_minus_G,NSE,17,02017500,-0.04335821166595799
L_minus_G,NSE,17,03165000,-0.05655228237286336
L_minus_G,NSE,17,01543000,0.0999676421614023
L_minus_G,NSE,17,01491000,-0.03145388871040211
L_minus_G,NSE,17,02051500,0.11416877596854869
L_minus_G,NSE,17,02070000,0.17848979191855352
L_minus_G,NSE,17,01415000,-0.009147518946450606
L_minus_G,NSE,17,03011800,0.1092468538489142
L_minus_G,NSE,17,02014000,-0.08301037554176616
L_minus_G,NSE,17,02028500,0.012369581820278142
L_minus_G,NSE,17,02056900,-0.08685349078017102
L_minus_G,NSE,17,01516500,0.06111572775997476
L_minus_G,NSE,17,03213700,0.09667019914197295
L_minus_G,NSE,17,01547700,0.15678861591918802
L_minus_G,NSE,17,01485500,0.030574036166653773
L_minus_G,NSE,17,01632900,0.06608997059200528
L_minus_G,NSE,17,02027000,0.06670526878421223
L_minus_G,NSE,17,01078000,0.02086257038492756
L_minus_G,NSE,17,03049800,-0.0759154199258214
L_minus_G,NSE,17,01606500,0.10496327935869132
L_minus_G,NSE,17,02065500,-0.13877144115526452
L_minus_G,NSE,17,03164000,0.18969257694103658
L_minus_G,NSE,17,02137727,0.04943140769991483
L_minus_G,NSE,17,03498500,0.08653359730752364
L_minus_G,NSE,17,02069700,0.16756945127932354
L_minus_G,NSE,17,03463300,-0.10446075738975613
L_minus_G,NSE,17,03173000,0.029701399067077472
L_minus_G,NSE,17,01532000,0.09011401865390412
L_minus_G,NSE,17,03186500,0.10420162244360898
L_minus_G,NSE,17,03488000,-0.22082721699857089
L_minus_G,NSE,17,01557500,0.12532176224417868
L_minus_G,NSE,17,01658500,0.20445855008701763
L_minus_G,NSE,17,01596500,0.04940231723793709
L_minus_G,NSE,17,01644000,0.19486916268130516
L_minus_G,NSE,17,04213000,-0.011179129577391533
L_minus_G,NSE,17,01487000,-0.06070466070491709
L_minus_G,NSE,17,01669000,-0.012937790439928043
L_minus_G,NSE,17,01142500,0.007437009177680087
L_minus_G,NSE,17,04105700,0.34256498117603584
L_minus_G,NSE,17,01413500,0.05738250240958653
L_minus_G,NSE,17,01613050,0.06219237044467929
L_minus_G,NSE,17,03076600,-0.04142280799081077
L_minus_G,NSE,17,01423000,0.19821696333310945
L_minus_G,NSE,17,01411300,0.6374395665401453
L_minus_G,NSE,17,01139800,-0.014990362628550802
L_minus_G,NSE,17,01605500,0.09252130312006479
L_minus_G,NSE,17,03066000,0.015639698426578197
L_minus_G,NSE,17,03069500,0.08917522860612992
L_minus_G,NSE,17,03473000,0.1280663499943382
L_minus_G,NSE,17,02081500,0.20389141615026152
L_minus_G,NSE,17,01634500,0.052379965852076826
L_minus_G,NSE,17,01439500,0.04745087316216301
L_minus_G,NSE,17,03070500,0.03125638562482225
L_minus_G,NSE,17,02143040,0.03620376121923885
L_minus_G,NSE,17,01055000,0.10575662631489724
L_minus_G,NSE,17,02112360,0.12733147810020617
L_minus_G,NSE,17,01669520,0.23769652973533462
L_minus_G,NSE,17,03180500,0.002360577761228888
L_minus_G,NSE,17,01638480,0.18878454432990965
L_minus_G,NSE,17,02053200,0.2897671152897773
L_minus_G,NSE,17,01169000,0.032412075419307906
L_minus_G,NSE,17,01350140,0.06548612971263912
L_minus_G,NSE,17,01591400,-0.0661441504706316
L_minus_G,NSE,17,01586610,0.19795184511747765
L_minus_G,NSE,17,01434025,0.11529205917945173
L_minus_G,NSE,17,03439000,-0.0317424976191476
L_minus_G,NSE,17,02178400,-0.02041123708840764
L_minus_G,NSE,17,01664000,0.10629050327999812
L_minus_G,NSE,17,03015500,0.09879065221753502
L_minus_G,NSE,17,04296000,-0.07386562588949319
L_minus_G,NSE,17,02112120,0.20893068625123135
L_minus_G,NSE,17,02082950,0.4908258652395411
L_minus_G,NSE,17,01639500,0.1968031026264765
L_minus_G,NSE,17,01047000,0.10111262693148615
L_minus_G,NSE,17,02074500,0.13299672125414008
L_minus_G,NSE,17,01054200,0.11975930518526234
L_minus_G,NSE,17,02177000,0.01922475298111226
L_minus_G,NSE,17,03500240,-0.04443362880141355
L_minus_G,NSE,17,04233000,0.12722128012465295
L_minus_G,NSE,17,03237280,-0.06436844227721106
L_minus_G,NSE,17,01548500,0.0981566564450288
L_minus_G,NSE,17,02125000,0.27417461156869716
L_minus_G,NSE,17,03479000,-0.008487302728103052
L_minus_G,NSE,17,02118500,0.1407930544927375
L_minus_G,NSE,17,01139000,0.0026726025854365565
L_minus_G,NSE,17,01187300,0.15369068836142996
L_minus_G,NSE,17,03504000,0.0019095694068285152
L_minus_G,NSE,17,02011400,0.07568977187241632
L_minus_G,NSE,17,01568000,0.1049821258425282
L_minus_G,NSE,17,01543500,0.09257548685260975
L_minus_G,NSE,17,01031500,0.07010665062538513
L_minus_G,NSE,17,01567500,-0.09791248515798334
L_minus_G,NSE,17,02027500,0.10786147576046246
L_minus_G,NSE,17,03010655,0.12718716119281626
L_minus_G,NSE,17,04216418,0.09370239384646739
L_minus_G,NSE,17,02152100,0.05010281261387328
L_minus_G,NSE,17,01510000,0.12602584967639008
L_minus_G,NSE,17,03026500,0.058693955896398364
L_minus_G,NSE,17,02128000,0.2527512076110735
L_minus_G,NSE,17,04256000,-0.04240731489114169
L_minus_G,NSE,17,01620500,-0.002180463749781425
L_minus_G,NSE,17,03455500,-0.11990761504057579
L_minus_G,NSE,17,01451800,0.06959832177645908
L_minus_G,NSE,17,04185000,0.19037739165024503
L_minus_G,NSE,17,02111180,-0.03579250956539781
L_minus_G,NSE,17,01594950,0.023624860338101517
L_minus_G,NSE,17,01580000,0.23870367421706717
L_minus_G,NSE,17,03050000,0.043136165668498316
L_minus_G,NSE,17,01632000,0.08618733363161324
L_minus_G,NSE,17,04221000,0.14766790988123824
L_minus_G,NSE,17,03021350,0.13312089172984842
L_minus_G,NSE,17,01583500,0.13228385336028814
L_minus_G,NSE,17,02059500,0.15194695900371746
L_minus_G,NSE,17,01666500,0.1421628057240666
L_minus_G,NSE,17,03187500,0.09742657460790549
L_minus_G,NSE,17,01181000,0.054560063492644195
L_minus_G,NSE,17,01440400,-0.0046806080565849895
L_minus_G,NSE,17,01435000,0.09585353681295405
L_minus_G,NSE,17,01144000,0.05665306112765911
L_minus_G,NSE,17,02011460,0.11950946940100349
L_minus_G,NSE,17,02143000,0.09966480846774517
L_minus_G,NSE,17,03140000,0.051673960562025556
L_minus_G,NSE,17,01440000,0.06527193128044606
L_minus_G,NSE,17,01550000,0.08730416924896955
L_minus_G,NSE,17,02077200,-0.029402988697308174
L_minus_G,NSE,17,03237500,0.11601518073282668
L_minus_G,NSE,17,02018000,0.07913857471867558
L_minus_G,NSE,17,02013000,0.04621356297352108
L_minus_G,NSE,17,03161000,0.15352092619827773
L_minus_G,NSE,17,04197170,0.04664770779826466
L_minus_G,NSE,17,03471500,0.09663963625878447
L_minus_G,NSE,17,01137500,-0.0007884853410456971
L_minus_G,NSE,17,01052500,0.08005511506520668
L_minus_G,NSE,17,02051000,-0.009721085152450515
L_minus_G,NSE,17,01057000,0.03970812467675011
L_minus_G,NSE,17,03144000,0.10787283532419956
L_minus_G,NSE,17,03078000,0.018666809130100437
L_minus_G,NSE,17,03170000,0.03791801874803269
L_minus_G,NSE,17,02038850,0.11489933748288428
L_minus_G,NSE,17,03241500,0.03650068552871055
L_minus_G,NSE,17,02064000,-0.02213875231821061
L_minus_G,NSE,17,02096846,0.11185880499899725
L_minus_G,NSE,17,02055100,-0.09944531085373198
L_minus_G,NSE,17,04213075,0.21128999909357493
L_minus_G,NSE,17,01333000,-0.005934726497101694
L_minus_G,NSE,17,01552500,0.06959158600145288
L_minus_G,NSE,17,04115265,0.15211024543882723
L_minus_G,NSE,17,03500000,0.05607275706785442
L_minus_G,NSE,17,01544500,0.12117966017875781
L_minus_G,NSE,17,02149000,0.105361829991932
L_minus_G,NSE,17,01552000,0.07648629005173779
L_minus_G,NSE,17,03159540,0.05281792474214431
L_minus_G,NSE,17,01414500,0.014201836550307378
L_minus_G,NSE,17,01542810,0.11534460161163174
L_minus_G,NSE,17,01667500,0.0465377486027303
L_minus_G,NSE,11,03456500,-0.04925739661977557
L_minus_G,NSE,11,03182500,0.10189568520776049
L_minus_G,NSE,11,01539000,0.1144895113561657
L_minus_G,NSE,11,01350000,0.058433573606216926
L_minus_G,NSE,11,03238500,-0.10083495423057554
L_minus_G,NSE,11,01030500,0.13530435265703178
L_minus_G,NSE,11,01365000,0.026884417750520195
L_minus_G,NSE,11,03460000,0.061814256169594795
L_minus_G,NSE,11,02046000,0.036131677662722406
L_minus_G,NSE,11,03028000,0.07647199752142875
L_minus_G,NSE,11,01350080,-0.28230670492837784
L_minus_G,NSE,11,01484100,0.08152910970986993
L_minus_G,NSE,11,02015700,0.09983824845257971
L_minus_G,NSE,11,04224775,0.1424030613475572
L_minus_G,NSE,11,01466500,0.25816426206408827
L_minus_G,NSE,11,02016000,0.080648266543079
L_minus_G,NSE,11,01134500,0.11224463153871633
L_minus_G,NSE,11,01518862,0.17146391615475975
L_minus_G,NSE,11,01545600,0.13912504293236327
L_minus_G,NSE,11,04197100,-0.192346367844077
L_minus_G,NSE,11,01549500,0.03510021588902312
L_minus_G,NSE,11,02140991,0.023998245185024247
L_minus_G,NSE,11,03049000,0.017445272752330543
L_minus_G,NSE,11,02111500,0.08732988860861612
L_minus_G,NSE,11,03450000,0.02310011420094038
L_minus_G,NSE,11,04122200,0.05347761554877983
L_minus_G,NSE,11,02053800,-0.2810577873355862
L_minus_G,NSE,11,04196800,0.08566275531488998
L_minus_G,NSE,11,02017500,0.06682491517994982
L_minus_G,NSE,11,03165000,-0.1560991445829114
L_minus_G,NSE,11,01543000,0.08429022725806679
L_minus_G,NSE,11,01491000,-0.012806638799676584
L_minus_G,NSE,11,02051500,0.11140603206665234
L_minus_G,NSE,11,02070000,0.07328840285514349
L_minus_G,NSE,11,01415000,-0.1179216307662343
L_minus_G,NSE,11,03011800,0.03358811185392274
L_minus_G,NSE,11,02014000,-0.0628672107782764
L_minus_G,NSE,11,02028500,-0.01613418975730685
L_minus_G,NSE,11,02056900,-0.08802459790014239
L_minus_G,NSE,11,01516500,0.08913642019824475
L_minus_G,NSE,11,03213700,0.08730714454167376
L_minus_G,NSE,11,01547700,0.09430178627775443
L_minus_G,NSE,11,01485500,0.02308698537770182
L_minus_G,NSE,11,01632900,-0.013029188913477263
L_minus_G,NSE,11,02027000,0.11498576475809075
L_minus_G,NSE,11,01078000,0.04490533623515669
L_minus_G,NSE,11,03049800,-0.059958891223097166
L_minus_G,NSE,11,01606500,0.05926390063684406
L_minus_G,NSE,11,02065500,-0.12943141292754845
L_minus_G,NSE,11,03164000,0.11244994587979518
L_minus_G,NSE,11,02137727,-0.005052362537229738
L_minus_G,NSE,11,03498500,0.1059113116679542
L_minus_G,NSE,11,02069700,0.128982485028314
L_minus_G,NSE,11,03463300,-0.14273367392287628
L_minus_G,NSE,11,03173000,0.006910163167376027
L_minus_G,NSE,11,01532000,0.043888091821812525
L_minus_G,NSE,11,03186500,0.049136115282896964
L_minus_G,NSE,11,03488000,-0.43726316601465753
L_minus_G,NSE,11,01557500,0.02461577627993583
L_minus_G,NSE,11,01658500,0.1821175003715092
L_minus_G,NSE,11,01596500,0.04095782028463446
L_minus_G,NSE,11,01644000,0.09911933471688394
L_minus_G,NSE,11,04213000,0.06805130242927959
L_minus_G,NSE,11,01487000,-0.11124567885724979
L_minus_G,NSE,11,01669000,-0.0800248676942018
L_minus_G,NSE,11,01142500,0.08801638220418573
L_minus_G,NSE,11,04105700,0.3680335739596261
L_minus_G,NSE,11,01413500,0.08565018708563554
L_minus_G,NSE,11,01613050,-0.04381618887496752
L_minus_G,NSE,11,03076600,0.02296656576787348
L_minus_G,NSE,11,01423000,0.20477903271063358
L_minus_G,NSE,11,01411300,-0.08663710493973342
L_minus_G,NSE,11,01139800,0.08123482580485009
L_minus_G,NSE,11,01605500,0.1871693877410634
L_minus_G,NSE,11,03066000,0.002238745445779622
L_minus_G,NSE,11,03069500,0.09072617718775566
L_minus_G,NSE,11,03473000,0.09417466619485182
L_minus_G,NSE,11,02081500,0.06781943057185114
L_minus_G,NSE,11,01634500,-0.060609244086473946
L_minus_G,NSE,11,01439500,0.015105508461399353
L_minus_G,NSE,11,03070500,0.027946641753394008
L_minus_G,NSE,11,02143040,-0.014541637850964517
L_minus_G,NSE,11,01055000,0.07321054103814961
L_minus_G,NSE,11,02112360,0.07786210198158683
L_minus_G,NSE,11,01669520,0.05180603535649664
L_minus_G,NSE,11,03180500,0.024857173485246187
L_minus_G,NSE,11,01638480,0.17003232506176003
L_minus_G,NSE,11,02053200,0.10267615468835922
L_minus_G,NSE,11,01169000,0.004563935680677478
L_minus_G,NSE,11,01350140,-0.044516525617282254
L_minus_G,NSE,11,01591400,0.02071091621805199
L_minus_G,NSE,11,01586610,-0.2000141634733058
L_minus_G,NSE,11,01434025,0.08712523830120633
L_minus_G,NSE,11,03439000,0.04280042515231519
L_minus_G,NSE,11,02178400,-0.008955961432131954
L_minus_G,NSE,11,01664000,0.09524528981999936
L_minus_G,NSE,11,03015500,0.10869286213310225
L_minus_G,NSE,11,04296000,-0.07310879331697473
L_minus_G,NSE,11,02112120,0.02614057227153288
L_minus_G,NSE,11,02082950,0.05183140974687206
L_minus_G,NSE,11,01639500,0.12496760018184094
L_minus_G,NSE,11,01047000,0.09738883376621676
L_minus_G,NSE,11,02074500,0.058917313905719526
L_minus_G,NSE,11,01054200,0.05962238785975116
L_minus_G,NSE,11,02177000,0.051683292748875176
L_minus_G,NSE,11,03500240,0.047437284089594356
L_minus_G,NSE,11,04233000,0.028734856072470505
L_minus_G,NSE,11,03237280,0.020633374665318893
L_minus_G,NSE,11,01548500,0.10962546170337595
L_minus_G,NSE,11,02125000,0.08283445786075849
L_minus_G,NSE,11,03479000,-0.03757110937661734
L_minus_G,NSE,11,02118500,0.021516186631335366
L_minus_G,NSE,11,01139000,-0.11637936056662479
L_minus_G,NSE,11,01187300,0.024296255629809527
L_minus_G,NSE,11,03504000,0.05088092123994792
L_minus_G,NSE,11,02011400,0.10611657725371115
L_minus_G,NSE,11,01568000,0.0511507552394691
L_minus_G,NSE,11,01543500,0.10497668237214652
L_minus_G,NSE,11,01031500,0.07317058377633734
L_minus_G,NSE,11,01567500,-0.09561523194576815
L_minus_G,NSE,11,02027500,-0.05956219179255051
L_minus_G,NSE,11,03010655,0.12649190210075334
L_minus_G,NSE,11,04216418,0.13627674382330868
L_minus_G,NSE,11,02152100,-0.02204420251909589
L_minus_G,NSE,11,01510000,0.10295322845295651
L_minus_G,NSE,11,03026500,0.027885598348492913
L_minus_G,NSE,11,02128000,-0.10155863487739125
L_minus_G,NSE,11,04256000,-0.027992443526116184
L_minus_G,NSE,11,01620500,-0.4344130666675853
L_minus_G,NSE,11,03455500,0.10297097809859024
L_minus_G,NSE,11,01451800,0.05930432270330588
L_minus_G,NSE,11,04185000,0.09200938303938055
L_minus_G,NSE,11,02111180,0.004681093043907292
L_minus_G,NSE,11,01594950,0.024863519592138394
L_minus_G,NSE,11,01580000,0.15188356731805452
L_minus_G,NSE,11,03050000,0.07545320721717885
L_minus_G,NSE,11,01632000,-0.012898780501518492
L_minus_G,NSE,11,04221000,0.12977844606910882
L_minus_G,NSE,11,03021350,0.07650720096581509
L_minus_G,NSE,11,01583500,0.11569349153747843
L_minus_G,NSE,11,02059500,-0.19060071756243335
L_minus_G,NSE,11,01666500,0.012493054848821905
L_minus_G,NSE,11,03187500,0.05822188098178027
L_minus_G,NSE,11,01181000,0.03778079380804211
L_minus_G,NSE,11,01440400,0.036266966021730074
L_minus_G,NSE,11,01435000,0.12933143787784263
L_minus_G,NSE,11,01144000,0.11029992450958337
L_minus_G,NSE,11,02011460,0.131659117832428
L_minus_G,NSE,11,02143000,0.0630024229697217
L_minus_G,NSE,11,03140000,0.04969440578003892
L_minus_G,NSE,11,01440000,-0.042144179624340694
L_minus_G,NSE,11,01550000,0.018356992293161567
L_minus_G,NSE,11,02077200,0.07598489878561654
L_minus_G,NSE,11,03237500,-0.04170793881488921
L_minus_G,NSE,11,02018000,-0.013690223614696073
L_minus_G,NSE,11,02013000,0.022252164676067943
L_minus_G,NSE,11,03161000,0.13597243705877127
L_minus_G,NSE,11,04197170,0.11076179539168807
L_minus_G,NSE,11,03471500,-0.1313213912882384
L_minus_G,NSE,11,01137500,0.001994910039337383
L_minus_G,NSE,11,01052500,0.023832839583941445
L_minus_G,NSE,11,02051000,0.002828172217055891
L_minus_G,NSE,11,01057000,0.011329426985765556
L_minus_G,NSE,11,03144000,0.1225620243530362
L_minus_G,NSE,11,03078000,0.00447454543529302
L_minus_G,NSE,11,03170000,0.013689242520524836
L_minus_G,NSE,11,02038850,0.04837736465572606
L_minus_G,NSE,11,03241500,0.05953752013482316
L_minus_G,NSE,11,02064000,0.01576770328754673
L_minus_G,NSE,11,02096846,-0.0717907297748791
L_minus_G,NSE,11,02055100,0.06561903606220887
L_minus_G,NSE,11,04213075,0.20150601715751237
L_minus_G,NSE,11,01333000,-0.0836851418333282
L_minus_G,NSE,11,01552500,0.09086995477115123
L_minus_G,NSE,11,04115265,0.10570037696846124
L_minus_G,NSE,11,03500000,0.10814202510480864
L_minus_G,NSE,11,01544500,0.1510071886241081
L_minus_G,NSE,11,02149000,0.031645318240169806
L_minus_G,NSE,11,01552000,0.06408606390669602
L_minus_G,NSE,11,03159540,0.06992063362731438
L_minus_G,NSE,11,01414500,-0.03426433542757379
L_minus_G,NSE,11,01542810,0.0383993297055254
L_minus_G,NSE,11,01667500,0.045930966741886015
L_minus_G,NSE,13,03456500,-0.04527381791572116
L_minus_G,NSE,13,03182500,0.012017738229614716
L_minus_G,NSE,13,01539000,0.19216733092372895
L_minus_G,NSE,13,01350000,0.08552657302464983
L_minus_G,NSE,13,03238500,-0.06195250739952318
L_minus_G,NSE,13,01030500,0.07797601069067772
L_minus_G,NSE,13,01365000,0.06323031922851052
L_minus_G,NSE,13,03460000,-0.3952242637024671
L_minus_G,NSE,13,02046000,0.020250338859446382
L_minus_G,NSE,13,03028000,0.06875556028817698
L_minus_G,NSE,13,01350080,-0.5573633215227681
L_minus_G,NSE,13,01484100,0.0059866890640423165
L_minus_G,NSE,13,02015700,0.022482418690527473
L_minus_G,NSE,13,04224775,0.05066668000612373
L_minus_G,NSE,13,01466500,0.3528645248355985
L_minus_G,NSE,13,02016000,0.06312031946578966
L_minus_G,NSE,13,01134500,0.08016134583706225
L_minus_G,NSE,13,01518862,0.091208079476221
L_minus_G,NSE,13,01545600,-0.004499632607611215
L_minus_G,NSE,13,04197100,0.05699432180566144
L_minus_G,NSE,13,01549500,-0.10774102410296416
L_minus_G,NSE,13,02140991,-0.0021949273573652617
L_minus_G,NSE,13,03049000,0.013761811908015398
L_minus_G,NSE,13,02111500,0.06745073225211184
L_minus_G,NSE,13,03450000,0.006060753978804012
L_minus_G,NSE,13,04122200,0.08413257707504229
L_minus_G,NSE,13,02053800,-0.36238146493611756
L_minus_G,NSE,13,04196800,0.10850914288986324
L_minus_G,NSE,13,02017500,0.02103069575205252
L_minus_G,NSE,13,03165000,-0.4618701616174663
L_minus_G,NSE,13,01543000,0.09089973918419281
L_minus_G,NSE,13,01491000,0.013603754874592533
L_minus_G,NSE,13,02051500,0.07901821290252076
L_minus_G,NSE,13,02070000,0.09696251212792195
L_minus_G,NSE,13,01415000,-0.16832875519692925
L_minus_G,NSE,13,03011800,0.05339709690349426
L_minus_G,NSE,13,02014000,0.042026828180957265
L_minus_G,NSE,13,02028500,0.004780758518860173
L_minus_G,NSE,13,02056900,0.002097443458286108
L_minus_G,NSE,13,01516500,-0.07967941983862181
L_minus_G,NSE,13,03213700,0.03311282331607468
L_minus_G,NSE,13,01547700,0.09074179065909294
L_minus_G,NSE,13,01485500,-0.034487414706181996
L_minus_G,NSE,13,01632900,0.01959162291489369
L_minus_G,NSE,13,02027000,-0.0018398066069257313
L_minus_G,NSE,13,01078000,0.056994706315564025
L_minus_G,NSE,13,03049800,0.07200381793156019
L_minus_G,NSE,13,01606500,0.048959836926971256
L_minus_G,NSE,13,02065500,0.2560019552136543
L_minus_G,NSE,13,03164000,0.1226893326803058
L_minus_G,NSE,13,02137727,0.03248916022531545
L_minus_G,NSE,13,03498500,0.07375179749231509
L_minus_G,NSE,13,02069700,0.024508305301952804
L_minus_G,NSE,13,03463300,-0.05633896031432939
L_minus_G,NSE,13,03173000,0.09779222180129787
L_minus_G,NSE,13,01532000,-0.015679413121277297
L_minus_G,NSE,13,03186500,0.05676618331599559
L_minus_G,NSE,13,03488000,-0.2854012090851994
L_minus_G,NSE,13,01557500,0.03176373067048954
L_minus_G,NSE,13,01658500,0.2093267143672436
L_minus_G,NSE,13,01596500,0.06576625391280144
L_minus_G,NSE,13,01644000,0.1108179742130766
L_minus_G,NSE,13,04213000,-0.10865653846590839
L_minus_G,NSE,13,01487000,-0.05385179340220003
L_minus_G,NSE,13,01669000,-0.15004916981251804
L_minus_G,NSE,13,01142500,0.09077377969717915
L_minus_G,NSE,13,04105700,-1.7671133311354383
L_minus_G,NSE,13,01413500,-0.10017561216790549
L_minus_G,NSE,13,01613050,-0.09580847343683452
L_minus_G,NSE,13,03076600,-0.0024119541796426835
L_minus_G,NSE,13,01423000,0.17882634791635077
L_minus_G,NSE,13,01411300,-0.018569897999738405
L_minus_G,NSE,13,01139800,0.11040311431940175
L_minus_G,NSE,13,01605500,0.06255579121562738
L_minus_G,NSE,13,03066000,-0.02412098451337452
L_minus_G,NSE,13,03069500,0.09772440586336806
L_minus_G,NSE,13,03473000,0.03858492392221258
L_minus_G,NSE,13,02081500,0.06254798893657165
L_minus_G,NSE,13,01634500,-0.08522533384541209
L_minus_G,NSE,13,01439500,0.0006710307844042251
L_minus_G,NSE,13,03070500,0.05790322612233001
L_minus_G,NSE,13,02143040,-0.05317284993860516
L_minus_G,NSE,13,01055000,0.04413541016899436
L_minus_G,NSE,13,02112360,0.021872903585556713
L_minus_G,NSE,13,01669520,0.04498812374505323
L_minus_G,NSE,13,03180500,-0.012254503980222653
L_minus_G,NSE,13,01638480,0.25934925647064955
L_minus_G,NSE,13,02053200,0.016361401595835323
L_minus_G,NSE,13,01169000,0.012631669087343478
L_minus_G,NSE,13,01350140,-0.2105165295833834
L_minus_G,NSE,13,01591400,-0.046592277705972185
L_minus_G,NSE,13,01586610,-0.028419508357375722
L_minus_G,NSE,13,01434025,0.12668889201058486
L_minus_G,NSE,13,03439000,0.027661036456807953
L_minus_G,NSE,13,02178400,-0.008434569482472898
L_minus_G,NSE,13,01664000,0.03261321391252192
L_minus_G,NSE,13,03015500,0.071278102567218
L_minus_G,NSE,13,04296000,-0.062404077199557095
L_minus_G,NSE,13,02112120,0.026285857383866573
L_minus_G,NSE,13,02082950,-0.20172596195941228
L_minus_G,NSE,13,01639500,0.16462652512063192
L_minus_G,NSE,13,01047000,0.08711349902107324
L_minus_G,NSE,13,02074500,0.06736691745985102
L_minus_G,NSE,13,01054200,0.03712765615069591
L_minus_G,NSE,13,02177000,0.03396894407590301
L_minus_G,NSE,13,03500240,-0.00277601588634524
L_minus_G,NSE,13,04233000,0.028237913556701244
L_minus_G,NSE,13,03237280,0.05773809208220715
L_minus_G,NSE,13,01548500,0.08718484558288342
L_minus_G,NSE,13,02125000,0.18078301984383038
L_minus_G,NSE,13,03479000,-0.057548246535448655
L_minus_G,NSE,13,02118500,0.08793376323929303
L_minus_G,NSE,13,01139000,-0.06998170466335807
L_minus_G,NSE,13,01187300,0.008190230297387413
L_minus_G,NSE,13,03504000,-0.014479062359270767
L_minus_G,NSE,13,02011400,0.03792444271432749
L_minus_G,NSE,13,01568000,0.07025719893550941
L_minus_G,NSE,13,01543500,0.06746946306744195
L_minus_G,NSE,13,01031500,0.07552231155522815
L_minus_G,NSE,13,01567500,-0.05155115494981466
L_minus_G,NSE,13,02027500,-0.17088363519252214
L_minus_G,NSE,13,03010655,0.07565965727088442
L_minus_G,NSE,13,04216418,0.11484977725929901
L_minus_G,NSE,13,02152100,-0.018851838902353646
L_minus_G,NSE,13,01510000,0.010546693600791412
L_minus_G,NSE,13,03026500,0.07581112430804327
L_minus_G,NSE,13,02128000,-0.027136890925234858
L_minus_G,NSE,13,04256000,-0.03337294444555461
L_minus_G,NSE,13,01620500,-0.39369928857184344
L_minus_G,NSE,13,03455500,-0.048829208710623906
L_minus_G,NSE,13,01451800,0.01628536872288533
L_minus_G,NSE,13,04185000,0.27494476821820335
L_minus_G,NSE,13,02111180,0.00810954149283949
L_minus_G,NSE,13,01594950,0.00794052060298589
L_minus_G,NSE,13,01580000,0.20259219365660797
L_minus_G,NSE,13,03050000,0.04690511472693493
L_minus_G,NSE,13,01632000,0.04368516894774255
L_minus_G,NSE,13,04221000,0.13953199501509095
L_minus_G,NSE,13,03021350,0.09790076184221919
L_minus_G,NSE,13,01583500,0.15048862627089965
L_minus_G,NSE,13,02059500,0.06518630825865579
L_minus_G,NSE,13,01666500,-0.06099690222504228
L_minus_G,NSE,13,03187500,0.07892707175022784
L_minus_G,NSE,13,01181000,-0.022782779828866784
L_minus_G,NSE,13,01440400,0.01766490747461491
L_minus_G,NSE,13,01435000,0.11722876515000169
L_minus_G,NSE,13,01144000,0.12218817197687781
L_minus_G,NSE,13,02011460,0.06703279693963948
L_minus_G,NSE,13,02143000,-0.07640548335626329
L_minus_G,NSE,13,03140000,0.08922849004758338
L_minus_G,NSE,13,01440000,0.033758021891240664
L_minus_G,NSE,13,01550000,-0.12491628018683976
L_minus_G,NSE,13,02077200,-0.06976301034593912
L_minus_G,NSE,13,03237500,0.0544275601493891
L_minus_G,NSE,13,02018000,0.009412068570004095
L_minus_G,NSE,13,02013000,0.013605379109037696
L_minus_G,NSE,13,03161000,0.14564334548574576
L_minus_G,NSE,13,04197170,0.12460055139112547
L_minus_G,NSE,13,03471500,0.0912363938863694
L_minus_G,NSE,13,01137500,-0.011406322540027158
L_minus_G,NSE,13,01052500,0.06482982326080577
L_minus_G,NSE,13,02051000,0.021206946376786773
L_minus_G,NSE,13,01057000,-0.02506663293413991
L_minus_G,NSE,13,03144000,0.14103538065011023
L_minus_G,NSE,13,03078000,0.027907306452552683
L_minus_G,NSE,13,03170000,0.06646812962346271
L_minus_G,NSE,13,02038850,0.22383727033831713
L_minus_G,NSE,13,03241500,0.035991683018370524
L_minus_G,NSE,13,02064000,0.03018282489186941
L_minus_G,NSE,13,02096846,0.09344471895278916
L_minus_G,NSE,13,02055100,-0.004004125159952521
L_minus_G,NSE,13,04213075,0.19590493033270828
L_minus_G,NSE,13,01333000,-0.0048715236829619535
L_minus_G,NSE,13,01552500,0.04063374751875937
L_minus_G,NSE,13,04115265,0.010568421953095042
L_minus_G,NSE,13,03500000,0.08595154930165405
L_minus_G,NSE,13,01544500,0.07775500381548028
L_minus_G,NSE,13,02149000,0.07645198562637956
L_minus_G,NSE,13,01552000,-0.0528255172563894
L_minus_G,NSE,13,03159540,0.03289219861987003
L_minus_G,NSE,13,01414500,-0.06931311642254512
L_minus_G,NSE,13,01542810,0.04522300435368298
L_minus_G,NSE,13,01667500,0.019253249544603057
L_minus_G,KGE,17,03456500,0.5584186331213475
L_minus_G,KGE,17,03182500,0.15920016704795648
L_minus_G,KGE,17,01539000,0.23252461739537122
L_minus_G,KGE,17,01350000,0.19164554393732536
L_minus_G,KGE,17,03238500,0.7901756586200579
L_minus_G,KGE,17,01030500,0.17819116016580283
L_minus_G,KGE,17,01365000,0.1953884051787933
L_minus_G,KGE,17,03460000,3.1127266675556866
L_minus_G,KGE,17,02046000,-0.08385758215511485
L_minus_G,KGE,17,03028000,0.11557953195237103
L_minus_G,KGE,17,01350080,3.9723314737272726
L_minus_G,KGE,17,01484100,0.22291491740229064
L_minus_G,KGE,17,02015700,0.037430915036389845
L_minus_G,KGE,17,04224775,0.12233974767596034
L_minus_G,KGE,17,01466500,0.15644604384708305
L_minus_G,KGE,17,02016000,0.20857555481682788
L_minus_G,KGE,17,01134500,0.11662016812216958
L_minus_G,KGE,17,01518862,0.27747004430756605
L_minus_G,KGE,17,01545600,0.5477879927614301
L_minus_G,KGE,17,04197100,0.018677890441917366
L_minus_G,KGE,17,01549500,1.9317091678222722
L_minus_G,KGE,17,02140991,0.6873173119633997
L_minus_G,KGE,17,03049000,0.7383851405473553
L_minus_G,KGE,17,02111500,0.29751127657549137
L_minus_G,KGE,17,03450000,1.5064948351322252
L_minus_G,KGE,17,04122200,0.04780749799550099
L_minus_G,KGE,17,02053800,-0.04420568901820865
L_minus_G,KGE,17,04196800,0.1497399555503094
L_minus_G,KGE,17,02017500,0.020742664788896303
L_minus_G,KGE,17,03165000,1.4594702115909663
L_minus_G,KGE,17,01543000,0.22652395041951723
L_minus_G,KGE,17,01491000,0.008980901781902695
L_minus_G,KGE,17,02051500,-0.025018406861663678
L_minus_G,KGE,17,02070000,0.0830616881388957
L_minus_G,KGE,17,01415000,0.09899391217946008
L_minus_G,KGE,17,03011800,0.45801699077395774
L_minus_G,KGE,17,02014000,-0.03607959984116926
L_minus_G,KGE,17,02028500,0.03581803128475569
L_minus_G,KGE,17,02056900,-0.05524108029354147
L_minus_G,KGE,17,01516500,0.26704553095056804
L_minus_G,KGE,17,03213700,0.08921149477676749
L_minus_G,KGE,17,01547700,0.19317157101525217
L_minus_G,KGE,17,01485500,-0.012740665867231216
L_minus_G,KGE,17,01632900,0.06589621482455876
L_minus_G,KGE,17,02027000,0.16427795935670186
L_minus_G,KGE,17,01078000,0.08444193843471204
L_minus_G,KGE,17,03049800,0.09896247695007099
L_minus_G,KGE,17,01606500,0.06442811822264694
L_minus_G,KGE,17,02065500,-0.11132199421811118
L_minus_G,KGE,17,03164000,0.38812365240082025
L_minus_G,KGE,17,02137727,1.3229939900916263
L_minus_G,KGE,17,03498500,0.25541633268651087
L_minus_G,KGE,17,02069700,0.30353219480209526
L_minus_G,KGE,17,03463300,0.12138432075371575
L_minus_G,KGE,17,03173000,0.05638570253461672
L_minus_G,KGE,17,01532000,0.5506425763119065
L_minus_G,KGE,17,03186500,0.32923158611330705
L_minus_G,KGE,17,03488000,-0.1438242758997349
L_minus_G,KGE,17,01557500,0.07674549992870061
L_minus_G,KGE,17,01658500,0.2285661720283656
L_minus_G,KGE,17,01596500,0.4697567180781229
L_minus_G,KGE,17,01644000,0.23101330373155027
L_minus_G,KGE,17,04213000,0.4791808950316808
L_minus_G,KGE,17,01487000,-0.11864987581906994
L_minus_G,KGE,17,01669000,0.03517367314007225
L_minus_G,KGE,17,01142500,0.11411662048395299
L_minus_G,KGE,17,04105700,0.14035849466034434
L_minus_G,KGE,17,01413500,0.21686899891750344
L_minus_G,KGE,17,01613050,0.231157691566783
L_minus_G,KGE,17,03076600,0.08279313217930184
L_minus_G,KGE,17,01423000,0.1475562854251673
L_minus_G,KGE,17,01411300,0.4246476870239533
L_minus_G,KGE,17,01139800,0.15166733473421212
L_minus_G,KGE,17,01605500,0.06557965167502977
L_minus_G,KGE,17,03066000,0.18829530400322603
L_minus_G,KGE,17,03069500,0.11922145181773958
L_minus_G,KGE,17,03473000,0.12342139586508238
L_minus_G,KGE,17,02081500,0.005368864942520757
L_minus_G,KGE,17,01634500,0.011296174653668611
L_minus_G,KGE,17,01439500,-0.1285835554316639
L_minus_G,KGE,17,03070500,0.2580845191650071
L_minus_G,KGE,17,02143040,0.6433448746116958
L_minus_G,KGE,17,01055000,0.047380611358878166
L_minus_G,KGE,17,02112360,0.5761309934210772
L_minus_G,KGE,17,01669520,0.13647101188798394
L_minus_G,KGE,17,03180500,0.22554909671829115
L_minus_G,KGE,17,01638480,0.27176285087805974
L_minus_G,KGE,17,02053200,0.16347734861541596
L_minus_G,KGE,17,01169000,0.2259265642130519
L_minus_G,KGE,17,01350140,0.15232124869633323
L_minus_G,KGE,17,01591400,0.1045666890305128
L_minus_G,KGE,17,01586610,0.3480289991057103
L_minus_G,KGE,17,01434025,0.19670665579454605
L_minus_G,KGE,17,03439000,0.3052367451429475
L_minus_G,KGE,17,02178400,0.17837379401740927
L_minus_G,KGE,17,01664000,0.11271611637999845
L_minus_G,KGE,17,03015500,0.07877164282298577
L_minus_G,KGE,17,04296000,0.05238439765496028
L_minus_G,KGE,17,02112120,0.26203944758735165
L_minus_G,KGE,17,02082950,0.08269837748595676
L_minus_G,KGE,17,01639500,0.3233354020884356
L_minus_G,KGE,17,01047000,0.015813542921325308
L_minus_G,KGE,17,02074500,-0.007527776218909321
L_minus_G,KGE,17,01054200,0.19795697827376824
L_minus_G,KGE,17,02177000,0.326734659371664
L_minus_G,KGE,17,03500240,1.3759397913509646
L_minus_G,KGE,17,04233000,0.08434566842027214
L_minus_G,KGE,17,03237280,0.11442438026901913
L_minus_G,KGE,17,01548500,0.9439394538187438
L_minus_G,KGE,17,02125000,-0.04152688073108257
L_minus_G,KGE,17,03479000,0.6690958002067552
L_minus_G,KGE,17,02118500,0.09468229209819479
L_minus_G,KGE,17,01139000,0.25949644646680237
L_minus_G,KGE,17,01187300,0.20798915379750316
L_minus_G,KGE,17,03504000,0.05090954623471455
L_minus_G,KGE,17,02011400,0.08721746130232433
L_minus_G,KGE,17,01568000,0.41373769149839934
L_minus_G,KGE,17,01543500,4.805366357430468
L_minus_G,KGE,17,01031500,0.10810117442200584
L_minus_G,KGE,17,01567500,0.07109798158697145
L_minus_G,KGE,17,02027500,0.2454586337361616
L_minus_G,KGE,17,03010655,0.5006315790115219
L_minus_G,KGE,17,04216418,8.225301595723742
L_minus_G,KGE,17,02152100,0.12448694747831757
L_minus_G,KGE,17,01510000,0.4223020046937498
L_minus_G,KGE,17,03026500,0.680003112004888
L_minus_G,KGE,17,02128000,0.13362364045363362
L_minus_G,KGE,17,04256000,0.07979407252044979
L_minus_G,KGE,17,01620500,0.19002172740501344
L_minus_G,KGE,17,03455500,0.2595266504798671
L_minus_G,KGE,17,01451800,0.7377990920613962
L_minus_G,KGE,17,04185000,0.39961674873578723
L_minus_G,KGE,17,02111180,0.7240902895561319
L_minus_G,KGE,17,01594950,0.2521429089968339
L_minus_G,KGE,17,01580000,0.6904932004367291
L_minus_G,KGE,17,03050000,0.16517669457312445
L_minus_G,KGE,17,01632000,0.07665232321930282
L_minus_G,KGE,17,04221000,0.229303245513374
L_minus_G,KGE,17,03021350,0.2491947912616469
L_minus_G,KGE,17,01583500,0.2988887061833463
L_minus_G,KGE,17,02059500,-0.0716951545616451
L_minus_G,KGE,17,01666500,0.07121697374598646
L_minus_G,KGE,17,03187500,0.33531260017936426
L_minus_G,KGE,17,01181000,0.19977648742825393
L_minus_G,KGE,17,01440400,0.0013408165055085464
L_minus_G,KGE,17,01435000,0.23348957270374682
L_minus_G,KGE,17,01144000,0.16594021949341864
L_minus_G,KGE,17,02011460,0.22777270739301236
L_minus_G,KGE,17,02143000,0.3386066840862155
L_minus_G,KGE,17,03140000,0.039411439775564605
L_minus_G,KGE,17,01440000,0.05663240708169626
L_minus_G,KGE,17,01550000,9.011176553297146
L_minus_G,KGE,17,02077200,0.021497935574381843
L_minus_G,KGE,17,03237500,0.5211203093079224
L_minus_G,KGE,17,02018000,0.08825483007034007
L_minus_G,KGE,17,02013000,-0.05445617450454654
L_minus_G,KGE,17,03161000,23.832519269376544
L_minus_G,KGE,17,04197170,0.4208711683741144
L_minus_G,KGE,17,03471500,0.1264103954047815
L_minus_G,KGE,17,01137500,0.25673080857493014
L_minus_G,KGE,17,01052500,0.12413651468775888
L_minus_G,KGE,17,02051000,-0.06803049269723194
L_minus_G,KGE,17,01057000,0.016218963200683945
L_minus_G,KGE,17,03144000,0.2094193486435113
L_minus_G,KGE,17,03078000,0.13777693296094506
L_minus_G,KGE,17,03170000,0.062068995095029056
L_minus_G,KGE,17,02038850,-0.06258430646386182
L_minus_G,KGE,17,03241500,0.007064856462082769
L_minus_G,KGE,17,02064000,0.01197990139701921
L_minus_G,KGE,17,02096846,-0.3585907433670874
L_minus_G,KGE,17,02055100,-0.12179436668614485
L_minus_G,KGE,17,04213075,2.9631750717532688
L_minus_G,KGE,17,01333000,0.1812937637875207
L_minus_G,KGE,17,01552500,0.1765022883904318
L_minus_G,KGE,17,04115265,0.0441060132474661
L_minus_G,KGE,17,03500000,0.5156015305369342
L_minus_G,KGE,17,01544500,1.0102764692881054
L_minus_G,KGE,17,02149000,0.29888799110792086
L_minus_G,KGE,17,01552000,3.7858134561565975
L_minus_G,KGE,17,03159540,0.15300625726924844
L_minus_G,KGE,17,01414500,0.14806638048993892
L_minus_G,KGE,17,01542810,6.708336810795128
L_minus_G,KGE,17,01667500,0.006132275286224509
L_minus_G,KGE,11,03456500,0.52900694163613
L_minus_G,KGE,11,03182500,0.5062021654876437
L_minus_G,KGE,11,01539000,0.48211905834347
L_minus_G,KGE,11,01350000,0.07334854831417803
L_minus_G,KGE,11,03238500,0.04060711797340888
L_minus_G,KGE,11,01030500,0.26997151738555625
L_minus_G,KGE,11,01365000,0.05695972607713329
L_minus_G,KGE,11,03460000,6.1736117728175905
L_minus_G,KGE,11,02046000,0.057389134758513816
L_minus_G,KGE,11,03028000,0.4922967855099496
L_minus_G,KGE,11,01350080,2.774064075257456
L_minus_G,KGE,11,01484100,0.03972417308862419
L_minus_G,KGE,11,02015700,0.2638120530732764
L_minus_G,KGE,11,04224775,0.3121973049991439
L_minus_G,KGE,11,01466500,0.11031778475503207
L_minus_G,KGE,11,02016000,0.21176331449896968
L_minus_G,KGE,11,01134500,0.2546529781397159
L_minus_G,KGE,11,01518862,0.12069263224893279
L_minus_G,KGE,11,01545600,0.22515837060518318
L_minus_G,KGE,11,04197100,1.3423023939766983
L_minus_G,KGE,11,01549500,0.9973876662279313
L_minus_G,KGE,11,02140991,0.1636632253811774
L_minus_G,KGE,11,03049000,0.3556295300624347
L_minus_G,KGE,11,02111500,0.09022847235509379
L_minus_G,KGE,11,03450000,3.6694401202587836
L_minus_G,KGE,11,04122200,0.07577269647375207
L_minus_G,KGE,11,02053800,-0.2213285347817866
L_minus_G,KGE,11,04196800,1.4382096964818856
L_minus_G,KGE,11,02017500,0.13998777888475233
L_minus_G,KGE,11,03165000,0.3111788548716997
L_minus_G,KGE,11,01543000,1.414814206458926
L_minus_G,KGE,11,01491000,0.14838681460774772
L_minus_G,KGE,11,02051500,0.005974747389808854
L_minus_G,KGE,11,02070000,-0.002654491276975479
L_minus_G,KGE,11,01415000,0.004512113011672314
L_minus_G,KGE,11,03011800,0.7490484537126029
L_minus_G,KGE,11,02014000,-0.036606049035345145
L_minus_G,KGE,11,02028500,0.09099031786669476
L_minus_G,KGE,11,02056900,-0.14283913540152327
L_minus_G,KGE,11,01516500,0.054787371781484184
L_minus_G,KGE,11,03213700,-0.04760000218494764
L_minus_G,KGE,11,01547700,0.1552046810828931
L_minus_G,KGE,11,01485500,0.14633405290295032
L_minus_G,KGE,11,01632900,-0.012402949629065851
L_minus_G,KGE,11,02027000,0.20407027436877334
L_minus_G,KGE,11,01078000,0.3654390688079341
L_minus_G,KGE,11,03049800,0.745082899562147
L_minus_G,KGE,11,01606500,0.003517504414593864
L_minus_G,KGE,11,02065500,-0.0663327506959207
L_minus_G,KGE,11,03164000,0.22311842728842157
L_minus_G,KGE,11,02137727,0.8138044512162476
L_minus_G,KGE,11,03498500,0.07127019050673622
L_minus_G,KGE,11,02069700,0.08687773539727506
L_minus_G,KGE,11,03463300,0.1877971672171188
L_minus_G,KGE,11,03173000,-0.004422176738840156
L_minus_G,KGE,11,01532000,0.07984334612520749
L_minus_G,KGE,11,03186500,0.15192353911164824
L_minus_G,KGE,11,03488000,-0.31177263158581003
L_minus_G,KGE,11,01557500,1.2950269406672186
L_minus_G,KGE,11,01658500,0.2417586785579101
L_minus_G,KGE,11,01596500,1.0726807488369543
L_minus_G,KGE,11,01644000,-0.013148087755250226
L_minus_G,KGE,11,04213000,0.7986940027380909
L_minus_G,KGE,11,01487000,-0.026099143079929665
L_minus_G,KGE,11,01669000,-0.05455793125013264
L_minus_G,KGE,11,01142500,0.4481014656630433
L_minus_G,KGE,11,04105700,0.2095458996061743
L_minus_G,KGE,11,01413500,0.16852508489894114
L_minus_G,KGE,11,01613050,-0.09682977164250717
L_minus_G,KGE,11,03076600,0.809083491494271
L_minus_G,KGE,11,01423000,0.27207834143140286
L_minus_G,KGE,11,01411300,0.04353389354313253
L_minus_G,KGE,11,01139800,0.46493822457101663
L_minus_G,KGE,11,01605500,0.201374101149573
L_minus_G,KGE,11,03066000,0.07432245878663879
L_minus_G,KGE,11,03069500,0.06832786797359958
L_minus_G,KGE,11,03473000,0.1275517230967118
L_minus_G,KGE,11,02081500,-0.07165977575312588
L_minus_G,KGE,11,01634500,-0.15318903968625353
L_minus_G,KGE,11,01439500,0.09464836534330079
L_minus_G,KGE,11,03070500,0.010257034580647417
L_minus_G,KGE,11,02143040,0.12873166038481698
L_minus_G,KGE,11,01055000,0.13095590278846148
L_minus_G,KGE,11,02112360,0.26793774839539786
L_minus_G,KGE,11,01669520,0.05145432137496864
L_minus_G,KGE,11,03180500,0.26462162177047643
L_minus_G,KGE,11,01638480,0.10846439524989626
L_minus_G,KGE,11,02053200,0.03615565796505882
L_minus_G,KGE,11,01169000,0.3259605189928836
L_minus_G,KGE,11,01350140,-0.027002346195757587
L_minus_G,KGE,11,01591400,0.09265581274352463
L_minus_G,KGE,11,01586610,-0.02994132758610535
L_minus_G,KGE,11,01434025,0.08337232138047856
L_minus_G,KGE,11,03439000,0.2504330124081885
L_minus_G,KGE,11,02178400,0.09813723865907575
L_minus_G,KGE,11,01664000,0.03425570154597979
L_minus_G,KGE,11,03015500,0.28602835687454775
L_minus_G,KGE,11,04296000,0.47648840838920237
L_minus_G,KGE,11,02112120,0.08597354992206407
L_minus_G,KGE,11,02082950,-0.11901000241661841
L_minus_G,KGE,11,01639500,0.04824986280032828
L_minus_G,KGE,11,01047000,0.13134971341415702
L_minus_G,KGE,11,02074500,0.014399035035714824
L_minus_G,KGE,11,01054200,0.10930906055317258
L_minus_G,KGE,11,02177000,0.279218418674438
L_minus_G,KGE,11,03500240,1.7855939947105326
L_minus_G,KGE,11,04233000,0.630402822357296
L_minus_G,KGE,11,03237280,0.49654900685927594
L_minus_G,KGE,11,01548500,0.03949774849164034
L_minus_G,KGE,11,02125000,-0.3105790388555376
L_minus_G,KGE,11,03479000,1.0175976205314627
L_minus_G,KGE,11,02118500,-0.06608455010181202
L_minus_G,KGE,11,01139000,0.11600849757841747
L_minus_G,KGE,11,01187300,0.1844755488960449
L_minus_G,KGE,11,03504000,0.10482707488198195
L_minus_G,KGE,11,02011400,0.1597816588929325
L_minus_G,KGE,11,01568000,0.10168017934887841
L_minus_G,KGE,11,01543500,1.7653804894892942
L_minus_G,KGE,11,01031500,0.25149943250111073
L_minus_G,KGE,11,01567500,0.07996135105173385
L_minus_G,KGE,11,02027500,-0.016457307206551808
L_minus_G,KGE,11,03010655,1.43639248738662
L_minus_G,KGE,11,04216418,28.45258733758114
L_minus_G,KGE,11,02152100,-0.0506442864936395
L_minus_G,KGE,11,01510000,0.06431726298412377
L_minus_G,KGE,11,03026500,1.5248296932504832
L_minus_G,KGE,11,02128000,-0.1844160429244618
L_minus_G,KGE,11,04256000,0.1526444042892301
L_minus_G,KGE,11,01620500,0.08781862907022486
L_minus_G,KGE,11,03455500,0.4590835878415678
L_minus_G,KGE,11,01451800,0.49464294048591495
L_minus_G,KGE,11,04185000,0.2680572075293518
L_minus_G,KGE,11,02111180,0.41847864603120843
L_minus_G,KGE,11,01594950,0.5571661341231666
L_minus_G,KGE,11,01580000,0.16427678613347307
L_minus_G,KGE,11,03050000,0.1077367109539229
L_minus_G,KGE,11,01632000,0.10547832628583065
L_minus_G,KGE,11,04221000,0.48201431882512535
L_minus_G,KGE,11,03021350,0.3198928245480257
L_minus_G,KGE,11,01583500,0.14636901317697448
L_minus_G,KGE,11,02059500,-0.15175468662009384
L_minus_G,KGE,11,01666500,-0.0073605726293393126
L_minus_G,KGE,11,03187500,0.13618078157341773
L_minus_G,KGE,11,01181000,0.3634796516575445
L_minus_G,KGE,11,01440400,0.2583023078839166
L_minus_G,KGE,11,01435000,0.19014668058423756
L_minus_G,KGE,11,01144000,0.4095284487183575
L_minus_G,KGE,11,02011460,0.23963684457368606
L_minus_G,KGE,11,02143000,0.08766604583807558
L_minus_G,KGE,11,03140000,0.3630671187302583
L_minus_G,KGE,11,01440000,0.24428070608804642
L_minus_G,KGE,11,01550000,4.430875709125254
L_minus_G,KGE,11,02077200,0.12480066698527059
L_minus_G,KGE,11,03237500,0.10661506789838582
L_minus_G,KGE,11,02018000,0.017711223739782178
L_minus_G,KGE,11,02013000,-0.1456691362286694
L_minus_G,KGE,11,03161000,16.367205469530163
L_minus_G,KGE,11,04197170,0.604797700375364
L_minus_G,KGE,11,03471500,0.02525102274286406
L_minus_G,KGE,11,01137500,0.11669987869131038
L_minus_G,KGE,11,01052500,0.10542312234124052
L_minus_G,KGE,11,02051000,-0.034489280666397226
L_minus_G,KGE,11,01057000,0.17312946247920413
L_minus_G,KGE,11,03144000,0.6392031726177724
L_minus_G,KGE,11,03078000,0.49007977692071714
L_minus_G,KGE,11,03170000,-0.0604602934197257
L_minus_G,KGE,11,02038850,0.010433756372463798
L_minus_G,KGE,11,03241500,0.8280560698253823
L_minus_G,KGE,11,02064000,-0.06706608728259811
L_minus_G,KGE,11,02096846,-0.4728362259809039
L_minus_G,KGE,11,02055100,0.03519725086643122
L_minus_G,KGE,11,04213075,0.7622268773465399
L_minus_G,KGE,11,01333000,0.179309751815113
L_minus_G,KGE,11,01552500,0.26326959402461214
L_minus_G,KGE,11,04115265,0.12137918521436697
L_minus_G,KGE,11,03500000,0.5619282720573247
L_minus_G,KGE,11,01544500,0.04191144401953362
L_minus_G,KGE,11,02149000,0.09421548068512964
L_minus_G,KGE,11,01552000,0.9769298627725468
L_minus_G,KGE,11,03159540,0.2993728449826022
L_minus_G,KGE,11,01414500,0.048989055597207454
L_minus_G,KGE,11,01542810,10.59322894549646
L_minus_G,KGE,11,01667500,-0.0016200392175033107
L_minus_G,KGE,13,03456500,0.5931823672650943
L_minus_G,KGE,13,03182500,0.8229469814926652
L_minus_G,KGE,13,01539000,0.40949457468253514
L_minus_G,KGE,13,01350000,0.1691341818834362
L_minus_G,KGE,13,03238500,0.3109615974601043
L_minus_G,KGE,13,01030500,-0.008969294227528568
L_minus_G,KGE,13,01365000,0.2814149467009739
L_minus_G,KGE,13,03460000,2.2204154374686045
L_minus_G,KGE,13,02046000,0.001857285988945634
L_minus_G,KGE,13,03028000,0.6411123059628109
L_minus_G,KGE,13,01350080,1.7435066776156458
L_minus_G,KGE,13,01484100,0.06107268031054436
L_minus_G,KGE,13,02015700,0.2538740261088286
L_minus_G,KGE,13,04224775,0.28415982443632926
L_minus_G,KGE,13,01466500,0.11598589129712977
L_minus_G,KGE,13,02016000,0.26331187484627827
L_minus_G,KGE,13,01134500,0.3633826761227419
L_minus_G,KGE,13,01518862,0.1012189537062631
L_minus_G,KGE,13,01545600,0.053455563180632604
L_minus_G,KGE,13,04197100,0.6514964820652097
L_minus_G,KGE,13,01549500,0.6055273660536334
L_minus_G,KGE,13,02140991,0.5049484575339382
L_minus_G,KGE,13,03049000,0.13094198957025438
L_minus_G,KGE,13,02111500,0.25516286701716306
L_minus_G,KGE,13,03450000,2.7347817857446053
L_minus_G,KGE,13,04122200,0.09086037180935991
L_minus_G,KGE,13,02053800,-0.24678069770944921
L_minus_G,KGE,13,04196800,0.6623837843005554
L_minus_G,KGE,13,02017500,0.14269394002947178
L_minus_G,KGE,13,03165000,0.3324878540182433
L_minus_G,KGE,13,01543000,1.430183867862141
L_minus_G,KGE,13,01491000,0.11968390208744961
L_minus_G,KGE,13,02051500,0.12064718818375963
L_minus_G,KGE,13,02070000,0.08746186948469803
L_minus_G,KGE,13,01415000,0.15879042162856072
L_minus_G,KGE,13,03011800,0.8693062756348474
L_minus_G,KGE,13,02014000,0.11455639088924152
L_minus_G,KGE,13,02028500,0.11164076790664235
L_minus_G,KGE,13,02056900,-0.007824682476174294
L_minus_G,KGE,13,01516500,0.042958177945653486
L_minus_G,KGE,13,03213700,0.05511242346454448
L_minus_G,KGE,13,01547700,0.23518991309047965
L_minus_G,KGE,13,01485500,0.03167132376364812
L_minus_G,KGE,13,01632900,0.1054923015650896
L_minus_G,KGE,13,02027000,0.1560792006458327
L_minus_G,KGE,13,01078000,0.4758849253744205
L_minus_G,KGE,13,03049800,0.8048012955778611
L_minus_G,KGE,13,01606500,0.06574838788922943
L_minus_G,KGE,13,02065500,0.01727164590150343
L_minus_G,KGE,13,03164000,0.44200376953479104
L_minus_G,KGE,13,02137727,1.2775803576640308
L_minus_G,KGE,13,03498500,0.06276218765852071
L_minus_G,KGE,13,02069700,0.18274842232624777
L_minus_G,KGE,13,03463300,0.08878766679955319
L_minus_G,KGE,13,03173000,0.03237459085418182
L_minus_G,KGE,13,01532000,0.04676936040965507
L_minus_G,KGE,13,03186500,0.30419420786124396
L_minus_G,KGE,13,03488000,-0.28283312791146864
L_minus_G,KGE,13,01557500,1.1134463159596608
L_minus_G,KGE,13,01658500,0.19828018507684053
L_minus_G,KGE,13,01596500,1.2299543481676403
L_minus_G,KGE,13,01644000,0.09656459445971921
L_minus_G,KGE,13,04213000,0.5343612744057968
L_minus_G,KGE,13,01487000,-0.020275779631104385
L_minus_G,KGE,13,01669000,0.04229370176781755
L_minus_G,KGE,13,01142500,0.592955183222675
L_minus_G,KGE,13,04105700,-0.6427782208874654
L_minus_G,KGE,13,01413500,-0.09338030254762109
L_minus_G,KGE,13,01613050,-0.0881042352687812
L_minus_G,KGE,13,03076600,0.6654455447537169
L_minus_G,KGE,13,01423000,0.3134341201730091
L_minus_G,KGE,13,01411300,0.06330992554692183
L_minus_G,KGE,13,01139800,0.5609823439686866
L_minus_G,KGE,13,01605500,0.16581918591260325
L_minus_G,KGE,13,03066000,0.2449707708837815
L_minus_G,KGE,13,03069500,0.23488588996505677
L_minus_G,KGE,13,03473000,0.13464371598162905
L_minus_G,KGE,13,02081500,-0.15044681232428248
L_minus_G,KGE,13,01634500,-0.03080369849862641
L_minus_G,KGE,13,01439500,0.16761952284106596
L_minus_G,KGE,13,03070500,0.09727924378340447
L_minus_G,KGE,13,02143040,0.2895259450495319
L_minus_G,KGE,13,01055000,0.21635201680722627
L_minus_G,KGE,13,02112360,0.3938053596046671
L_minus_G,KGE,13,01669520,0.09719533845782169
L_minus_G,KGE,13,03180500,0.5287228490207596
L_minus_G,KGE,13,01638480,0.2286582121601487
L_minus_G,KGE,13,02053200,0.15611010929361024
L_minus_G,KGE,13,01169000,0.3755599453955887
L_minus_G,KGE,13,01350140,0.3704394159648017
L_minus_G,KGE,13,01591400,0.06907516719812123
L_minus_G,KGE,13,01586610,0.1597629091601821
L_minus_G,KGE,13,01434025,0.1724969757673238
L_minus_G,KGE,13,03439000,0.24210288737131336
L_minus_G,KGE,13,02178400,0.1341877972749349
L_minus_G,KGE,13,01664000,0.03186362971972634
L_minus_G,KGE,13,03015500,0.23839891101868882
L_minus_G,KGE,13,04296000,0.6155545087585405
L_minus_G,KGE,13,02112120,0.2010769483087238
L_minus_G,KGE,13,02082950,-0.25120696581432167
L_minus_G,KGE,13,01639500,0.16926042462386537
L_minus_G,KGE,13,01047000,0.1292529674553966
L_minus_G,KGE,13,02074500,-0.0850500568128345
L_minus_G,KGE,13,01054200,0.2197792988075179
L_minus_G,KGE,13,02177000,0.2239009118100863
L_minus_G,KGE,13,03500240,1.5244610996815688
L_minus_G,KGE,13,04233000,0.7057644230262358
L_minus_G,KGE,13,03237280,0.28287793841634057
L_minus_G,KGE,13,01548500,0.4344110515436431
L_minus_G,KGE,13,02125000,-0.06070830205478617
L_minus_G,KGE,13,03479000,0.7788049383062723
L_minus_G,KGE,13,02118500,0.09799123425166512
L_minus_G,KGE,13,01139000,0.3073131203929339
L_minus_G,KGE,13,01187300,0.2764236101537242
L_minus_G,KGE,13,03504000,0.057718863012988786
L_minus_G,KGE,13,02011400,0.1545912487553669
L_minus_G,KGE,13,01568000,0.20598729175384556
L_minus_G,KGE,13,01543500,0.33063305344287874
L_minus_G,KGE,13,01031500,0.3212942932803814
L_minus_G,KGE,13,01567500,0.09186002292062734
L_minus_G,KGE,13,02027500,0.25876669215507875
L_minus_G,KGE,13,03010655,1.5679616567982317
L_minus_G,KGE,13,04216418,29.243107031014006
L_minus_G,KGE,13,02152100,0.033465882758135446
L_minus_G,KGE,13,01510000,0.1638422002275175
L_minus_G,KGE,13,03026500,1.8373249220885335
L_minus_G,KGE,13,02128000,-0.037766962990625874
L_minus_G,KGE,13,04256000,0.30788103765713726
L_minus_G,KGE,13,01620500,0.2995497039171279
L_minus_G,KGE,13,03455500,0.21744186712857116
L_minus_G,KGE,13,01451800,0.3874596326543248
L_minus_G,KGE,13,04185000,0.09477864826119142
L_minus_G,KGE,13,02111180,0.7299809715997235
L_minus_G,KGE,13,01594950,0.8114678912263803
L_minus_G,KGE,13,01580000,0.3694053851907527
L_minus_G,KGE,13,03050000,0.5081170670460481
L_minus_G,KGE,13,01632000,0.1443053804502602
L_minus_G,KGE,13,04221000,0.30362338183242465
L_minus_G,KGE,13,03021350,0.4053484210197982
L_minus_G,KGE,13,01583500,0.2228766590703266
L_minus_G,KGE,13,02059500,-0.04929579980043308
L_minus_G,KGE,13,01666500,-0.04937210361669353
L_minus_G,KGE,13,03187500,0.39777333330856146
L_minus_G,KGE,13,01181000,0.2972959966788301
L_minus_G,KGE,13,01440400,0.30050033539863275
L_minus_G,KGE,13,01435000,0.33045255079471514
L_minus_G,KGE,13,01144000,0.4851459335806907
L_minus_G,KGE,13,02011460,0.5181490249622068
L_minus_G,KGE,13,02143000,0.19497468242227
L_minus_G,KGE,13,03140000,0.2465067559792521
L_minus_G,KGE,13,01440000,0.2611011380243343
L_minus_G,KGE,13,01550000,3.666904149726718
L_minus_G,KGE,13,02077200,0.059470783155634366
L_minus_G,KGE,13,03237500,0.19702759771135725
L_minus_G,KGE,13,02018000,0.058506058535549244
L_minus_G,KGE,13,02013000,-0.01596588690165357
L_minus_G,KGE,13,03161000,19.780159040854553
L_minus_G,KGE,13,04197170,0.38979061617190347
L_minus_G,KGE,13,03471500,0.13946999682302974
L_minus_G,KGE,13,01137500,0.26466750835676567
L_minus_G,KGE,13,01052500,0.23891495033371712
L_minus_G,KGE,13,02051000,-0.0020478828212008304
L_minus_G,KGE,13,01057000,0.24084873124005746
L_minus_G,KGE,13,03144000,0.3763150305797751
L_minus_G,KGE,13,03078000,0.4690376491847146
L_minus_G,KGE,13,03170000,0.09744629621382028
L_minus_G,KGE,13,02038850,0.05863296847323518
L_minus_G,KGE,13,03241500,0.32459862384523486
L_minus_G,KGE,13,02064000,0.0635635604371726
L_minus_G,KGE,13,02096846,-0.3140430739075508
L_minus_G,KGE,13,02055100,0.0009248481261238117
L_minus_G,KGE,13,04213075,4.0938407238126375
L_minus_G,KGE,13,01333000,0.43442188280381633
L_minus_G,KGE,13,01552500,0.40227219262722735
L_minus_G,KGE,13,04115265,0.08545792964776022
L_minus_G,KGE,13,03500000,0.45997274852812364
L_minus_G,KGE,13,01544500,0.23538630754368717
L_minus_G,KGE,13,02149000,0.3352473040705559
L_minus_G,KGE,13,01552000,0.9390684880602359
L_minus_G,KGE,13,03159540,0.094824788890564
L_minus_G,KGE,13,01414500,-0.01113856330158458
L_minus_G,KGE,13,01542810,21.68713460903146
L_minus_G,KGE,13,01667500,0.026266373177293634
L_minus_G,logNSE,17,03456500,0.23991232392747486
L_minus_G,logNSE,17,01539000,0.20098529058305836
L_minus_G,logNSE,17,01350000,0.13720280496050996
L_minus_G,logNSE,17,01030500,0.15069099558095245
L_minus_G,logNSE,17,01365000,0.19336700602736157
L_minus_G,logNSE,17,03460000,0.25364197439724967
L_minus_G,logNSE,17,03028000,0.13031800191494236
L_minus_G,logNSE,17,01350080,0.25796049865424453
L_minus_G,logNSE,17,01134500,0.14150784454720344
L_minus_G,logNSE,17,01543000,0.1843442611379431
L_minus_G,logNSE,17,01415000,0.26810488421096157
L_minus_G,logNSE,17,03011800,0.20550804271697254
L_minus_G,logNSE,17,01078000,0.144604567541738
L_minus_G,logNSE,17,03463300,0.045436069738943874
L_minus_G,logNSE,17,03186500,0.1554818275328096
L_minus_G,logNSE,17,04213000,0.43929732102316366
L_minus_G,logNSE,17,01142500,0.18726330939472846
L_minus_G,logNSE,17,01413500,0.1658193038193163
L_minus_G,logNSE,17,03076600,0.12988204048580987
L_minus_G,logNSE,17,01423000,0.26365410200773676
L_minus_G,logNSE,17,01139800,0.24698518671893221
L_minus_G,logNSE,17,03066000,0.15031231758202468
L_minus_G,logNSE,17,03069500,0.1713331879793265
L_minus_G,logNSE,17,01439500,0.18535028445104873
L_minus_G,logNSE,17,03070500,0.08919428474116764
L_minus_G,logNSE,17,01055000,0.1681396379208664
L_minus_G,logNSE,17,03180500,0.1662622127977218
L_minus_G,logNSE,17,01169000,0.14536690451222922
L_minus_G,logNSE,17,01350140,0.3774509607749429
L_minus_G,logNSE,17,01434025,0.11590573628739298
L_minus_G,logNSE,17,03439000,0.3762957102154296
L_minus_G,logNSE,17,02178400,0.1733244518233954
L_minus_G,logNSE,17,03015500,0.1772847615590879
L_minus_G,logNSE,17,04296000,0.13994783346011697
L_minus_G,logNSE,17,01047000,0.15563208870381173
L_minus_G,logNSE,17,01054200,0.19485783502217613
L_minus_G,logNSE,17,02177000,0.31871356421515173
L_minus_G,logNSE,17,03500240,0.18823672737068642
L_minus_G,logNSE,17,01139000,0.1996156498401198
L_minus_G,logNSE,17,01187300,0.24916921664103664
L_minus_G,logNSE,17,03504000,0.19020062345582844
L_minus_G,logNSE,17,01543500,0.18888721426944377
L_minus_G,logNSE,17,01031500,0.1798083241057571
L_minus_G,logNSE,17,01510000,0.2526993362810539
L_minus_G,logNSE,17,03026500,0.1732724760606551
L_minus_G,logNSE,17,04256000,0.19686572551061443
L_minus_G,logNSE,17,03455500,0.2610793809933686
L_minus_G,logNSE,17,01451800,0.229462754753041
L_minus_G,logNSE,17,01594950,0.13223074656174205
L_minus_G,logNSE,17,03050000,0.21468173500486087
L_minus_G,logNSE,17,03021350,0.22946832593286615
L_minus_G,logNSE,17,03187500,0.16760004902670134
L_minus_G,logNSE,17,01181000,0.19525546848572728
L_minus_G,logNSE,17,01440400,0.17959364568962743
L_minus_G,logNSE,17,01435000,0.09765297992332422
L_minus_G,logNSE,17,01144000,0.2552570020648479
L_minus_G,logNSE,17,01440000,0.18683311080309517
L_minus_G,logNSE,17,01137500,0.11785383076737332
L_minus_G,logNSE,17,01052500,0.10769967030340821
L_minus_G,logNSE,17,01057000,0.1377461111988867
L_minus_G,logNSE,17,03078000,0.09724974346464488
L_minus_G,logNSE,17,04213075,0.35866040784312336
L_minus_G,logNSE,17,01333000,0.1138758867074725
L_minus_G,logNSE,17,01552500,0.2210842542933692
L_minus_G,logNSE,17,03500000,0.19852649515219
L_minus_G,logNSE,17,01552000,0.28042772514249403
L_minus_G,logNSE,17,01414500,0.1714760540958582
L_minus_G,logNSE,11,03456500,0.12114035762864728
L_minus_G,logNSE,11,01539000,0.1155381241020843
L_minus_G,logNSE,11,01350000,0.12665546306078646
L_minus_G,logNSE,11,01030500,0.08612229982190789
L_minus_G,logNSE,11,01365000,0.14750343765386775
L_minus_G,logNSE,11,03460000,0.11108878200876293
L_minus_G,logNSE,11,03028000,0.12142447983108451
L_minus_G,logNSE,11,01350080,0.229545629253317
L_minus_G,logNSE,11,01134500,0.16580747307567778
L_minus_G,logNSE,11,01543000,0.08808940344779259
L_minus_G,logNSE,11,01415000,0.20234414663340095
L_minus_G,logNSE,11,03011800,0.18194570173577096
L_minus_G,logNSE,11,01078000,0.26659549540885186
L_minus_G,logNSE,11,03463300,0.15789164275020773
L_minus_G,logNSE,11,03186500,0.18018122219872557
L_minus_G,logNSE,11,04213000,0.24871870924698902
L_minus_G,logNSE,11,01142500,0.34284794843603694
L_minus_G,logNSE,11,01413500,0.15148804798262439
L_minus_G,logNSE,11,03076600,0.0574112213064123
L_minus_G,logNSE,11,01423000,0.26908513201137396
L_minus_G,logNSE,11,01139800,0.3905555764378448
L_minus_G,logNSE,11,03066000,0.13948171147672528
L_minus_G,logNSE,11,03069500,0.06672109715593566
L_minus_G,logNSE,11,01439500,0.19870950198909165
L_minus_G,logNSE,11,03070500,0.06200916214195995
L_minus_G,logNSE,11,01055000,0.11302896363148751
L_minus_G,logNSE,11,03180500,0.09411729238167543
L_minus_G,logNSE,11,01169000,0.2562657482867754
L_minus_G,logNSE,11,01350140,0.3286142291967177
L_minus_G,logNSE,11,01434025,0.14525722837186517
L_minus_G,logNSE,11,03439000,0.24308202830517145
L_minus_G,logNSE,11,02178400,0.09181808634215027
L_minus_G,logNSE,11,03015500,0.1652758798821825
L_minus_G,logNSE,11,04296000,0.17341602143905654
L_minus_G,logNSE,11,01047000,0.19222351404874405
L_minus_G,logNSE,11,01054200,0.16597784201700994
L_minus_G,logNSE,11,02177000,0.2620575847777682
L_minus_G,logNSE,11,03500240,0.11260008221127293
L_minus_G,logNSE,11,01139000,0.18082443237714418
L_minus_G,logNSE,11,01187300,0.10649500325694938
L_minus_G,logNSE,11,03504000,0.2055072790534952
L_minus_G,logNSE,11,01543500,0.07662687791541423
L_minus_G,logNSE,11,01031500,0.19277934806442942
L_minus_G,logNSE,11,01510000,0.14865154246416634
L_minus_G,logNSE,11,03026500,0.050962788019423666
L_minus_G,logNSE,11,04256000,0.24021563441325489
L_minus_G,logNSE,11,03455500,0.2584599008003463
L_minus_G,logNSE,11,01451800,0.1451405161522128
L_minus_G,logNSE,11,01594950,0.10218984657555841
L_minus_G,logNSE,11,03050000,0.21670172134483956
L_minus_G,logNSE,11,03021350,0.19445359158898246
L_minus_G,logNSE,11,03187500,0.15662930342695935
L_minus_G,logNSE,11,01181000,0.2201232699269544
L_minus_G,logNSE,11,01440400,0.19274771604104934
L_minus_G,logNSE,11,01435000,0.16970082395101482
L_minus_G,logNSE,11,01144000,0.3464888165830504
L_minus_G,logNSE,11,01440000,0.1701748617047567
L_minus_G,logNSE,11,01137500,0.16969792200310685
L_minus_G,logNSE,11,01052500,0.11307929895531521
L_minus_G,logNSE,11,01057000,0.22210762531863015
L_minus_G,logNSE,11,03078000,0.014216813088778757
L_minus_G,logNSE,11,04213075,0.5672101289800989
L_minus_G,logNSE,11,01333000,0.1832035407814696
L_minus_G,logNSE,11,01552500,0.16440376558833858
L_minus_G,logNSE,11,03500000,0.1470985487864518
L_minus_G,logNSE,11,01552000,0.17186548676580182
L_minus_G,logNSE,11,01414500,0.1592956375021224
L_minus_G,logNSE,13,03456500,0.28462866835370315
L_minus_G,logNSE,13,01539000,0.1495251409045959
L_minus_G,logNSE,13,01350000,0.11925139166319454
L_minus_G,logNSE,13,01030500,0.0895905272185179
L_minus_G,logNSE,13,01365000,0.24686787734915083
L_minus_G,logNSE,13,03460000,0.18808176766397233
L_minus_G,logNSE,13,03028000,0.12182672367831082
L_minus_G,logNSE,13,01350080,0.19841440965989954
L_minus_G,logNSE,13,01134500,0.1916120027959154
L_minus_G,logNSE,13,01543000,0.14339036789233883
L_minus_G,logNSE,13,01415000,0.17569744869877524
L_minus_G,logNSE,13,03011800,0.14032439727958224
L_minus_G,logNSE,13,01078000,0.25143110357300236
L_minus_G,logNSE,13,03463300,0.08435172252092293
L_minus_G,logNSE,13,03186500,0.10503100722301306
L_minus_G,logNSE,13,04213000,0.1390829711007252
L_minus_G,logNSE,13,01142500,0.318309761645433
L_minus_G,logNSE,13,01413500,0.10810427615385909
L_minus_G,logNSE,13,03076600,0.06037209060430526
L_minus_G,logNSE,13,01423000,0.27014502935252616
L_minus_G,logNSE,13,01139800,0.3525978619740068
L_minus_G,logNSE,13,03066000,0.10789101922590083
L_minus_G,logNSE,13,03069500,0.16194027031206082
L_minus_G,logNSE,13,01439500,0.20750597033796392
L_minus_G,logNSE,13,03070500,0.10913987068113928
L_minus_G,logNSE,13,01055000,0.019541022019945675
L_minus_G,logNSE,13,03180500,0.1242107987705603
L_minus_G,logNSE,13,01169000,0.18276402865811647
L_minus_G,logNSE,13,01350140,0.3298272137628738
L_minus_G,logNSE,13,01434025,0.13412049166785123
L_minus_G,logNSE,13,03439000,0.24923152299137674
L_minus_G,logNSE,13,02178400,0.14448464731493282
L_minus_G,logNSE,13,03015500,0.15067304746267218
L_minus_G,logNSE,13,04296000,0.13947005637034637
L_minus_G,logNSE,13,01047000,0.14186987968742293
L_minus_G,logNSE,13,01054200,0.1690418268314946
L_minus_G,logNSE,13,02177000,0.2220111995510411
L_minus_G,logNSE,13,03500240,0.16049388076746207
L_minus_G,logNSE,13,01139000,0.12890841966499644
L_minus_G,logNSE,13,01187300,0.19102954993045318
L_minus_G,logNSE,13,03504000,0.18280400650533468
L_minus_G,logNSE,13,01543500,0.1819881319746537
L_minus_G,logNSE,13,01031500,0.23845475272113348
L_minus_G,logNSE,13,01510000,0.06267103455273482
L_minus_G,logNSE,13,03026500,0.1341242051837318
L_minus_G,logNSE,13,04256000,0.23623789442222343
L_minus_G,logNSE,13,03455500,0.1303132864610571
L_minus_G,logNSE,13,01451800,0.07674201358238908
L_minus_G,logNSE,13,01594950,0.005229785174386659
L_minus_G,logNSE,13,03050000,0.22640241971057662
L_minus_G,logNSE,13,03021350,0.03164093444279825
L_minus_G,logNSE,13,03187500,0.0959019234235563
L_minus_G,logNSE,13,01181000,0.2311699049359427
L_minus_G,logNSE,13,01440400,0.1440564180896693
L_minus_G,logNSE,13,01435000,0.19974151737867307
L_minus_G,logNSE,13,01144000,0.30950396114037004
L_minus_G,logNSE,13,01440000,0.2197816589667848
L_minus_G,logNSE,13,01137500,0.16087753629955248
L_minus_G,logNSE,13,01052500,0.053854591848591316
L_minus_G,logNSE,13,01057000,0.265463051439744
L_minus_G,logNSE,13,03078000,0.10258925820881182
L_minus_G,logNSE,13,04213075,0.10044650110353981
L_minus_G,logNSE,13,01333000,0.17824320456411813
L_minus_G,logNSE,13,01552500,0.06657050745600201
L_minus_G,logNSE,13,03500000,0.14017981791340406
L_minus_G,logNSE,13,01552000,0.1857931868948416
L_minus_G,logNSE,13,01414500,0.10817511120995815
GT_minus_G,NSE,17,03456500,-0.00535454277634817
GT_minus_G,NSE,17,03182500,0.02641306595061166
GT_minus_G,NSE,17,01539000,0.004070640181711549
GT_minus_G,NSE,17,01350000,0.01644307232063902
GT_minus_G,NSE,17,03238500,0.008734606121931332
GT_minus_G,NSE,17,01030500,-0.03575353863107589
GT_minus_G,NSE,17,01365000,0.028401196192758382
GT_minus_G,NSE,17,03460000,-0.028788136607826087
GT_minus_G,NSE,17,02046000,-0.03189061681798444
GT_minus_G,NSE,17,03028000,-0.04481586387971781
GT_minus_G,NSE,17,01350080,-0.0011447165023311667
GT_minus_G,NSE,17,01484100,0.03615702052125169
GT_minus_G,NSE,17,02015700,0.02712023360380944
GT_minus_G,NSE,17,04224775,0.01349729500460084
GT_minus_G,NSE,17,01466500,-0.06202007449505431
GT_minus_G,NSE,17,02016000,0.07922105896420917
GT_minus_G,NSE,17,01134500,0.005418490519854768
GT_minus_G,NSE,17,01518862,0.005099739238296763
GT_minus_G,NSE,17,01545600,0.026684851636767926
GT_minus_G,NSE,17,04197100,-0.007971497434833053
GT_minus_G,NSE,17,01549500,0.05059947245107732
GT_minus_G,NSE,17,02140991,-0.04396487283049444
GT_minus_G,NSE,17,03049000,0.012462441118694434
GT_minus_G,NSE,17,02111500,-0.07971544677712883
GT_minus_G,NSE,17,03450000,-0.015242680560829447
GT_minus_G,NSE,17,04122200,-0.05033593035228867
GT_minus_G,NSE,17,02053800,-0.04970334910288721
GT_minus_G,NSE,17,04196800,-0.007891017226241082
GT_minus_G,NSE,17,02017500,0.0003412545497842867
GT_minus_G,NSE,17,03165000,0.0048721066139316704
GT_minus_G,NSE,17,01543000,-0.005190988176148936
GT_minus_G,NSE,17,01491000,0.006602742449000054
GT_minus_G,NSE,17,02051500,0.04957803229389235
GT_minus_G,NSE,17,02070000,0.03249398169053874
GT_minus_G,NSE,17,01415000,-0.022742482562492783
GT_minus_G,NSE,17,03011800,-0.027603569131606664
GT_minus_G,NSE,17,02014000,-0.0011403573097492625
GT_minus_G,NSE,17,02028500,-0.08507302819784768
GT_minus_G,NSE,17,02056900,0.001348769875672784
GT_minus_G,NSE,17,01516500,0.09125205094779554
GT_minus_G,NSE,17,03213700,0.058976803181610915
GT_minus_G,NSE,17,01547700,-0.0017392582006416912
GT_minus_G,NSE,17,01485500,0.013411244315740811
GT_minus_G,NSE,17,01632900,0.023097375567002754
GT_minus_G,NSE,17,02027000,0.005127257790623285
GT_minus_G,NSE,17,01078000,-0.005193285693890104
GT_minus_G,NSE,17,03049800,0.005182802660703034
GT_minus_G,NSE,17,01606500,0.014067078825856116
GT_minus_G,NSE,17,02065500,0.12106466777924396
GT_minus_G,NSE,17,03164000,-0.029039470420774927
GT_minus_G,NSE,17,02137727,-0.00789046860026954
GT_minus_G,NSE,17,03498500,0.03765621352327786
GT_minus_G,NSE,17,02069700,0.02254417807760023
GT_minus_G,NSE,17,03463300,0.01349580350866375
GT_minus_G,NSE,17,03173000,-0.05368891496057571
GT_minus_G,NSE,17,01532000,0.0365253003807553
GT_minus_G,NSE,17,03186500,0.03857190691668044
GT_minus_G,NSE,17,03488000,-0.012616550799929849
GT_minus_G,NSE,17,01557500,0.03695368882832395
GT_minus_G,NSE,17,01658500,0.04928221708466374
GT_minus_G,NSE,17,01596500,0.01611250375883877
GT_minus_G,NSE,17,01644000,-0.0013846979391374248
GT_minus_G,NSE,17,04213000,0.058875949793600224
GT_minus_G,NSE,17,01487000,-0.022762015181372663
GT_minus_G,NSE,17,01669000,0.003968327054655552
GT_minus_G,NSE,17,01142500,0.09222989909263846
GT_minus_G,NSE,17,04105700,-0.2601465877234277
GT_minus_G,NSE,17,01413500,0.021115551865058868
GT_minus_G,NSE,17,01613050,0.03178403622160275
GT_minus_G,NSE,17,03076600,0.014564512305778043
GT_minus_G,NSE,17,01423000,0.026319084517020364
GT_minus_G,NSE,17,01411300,0.2574230337152341
GT_minus_G,NSE,17,01139800,-0.0433545124480863
GT_minus_G,NSE,17,01605500,0.016320026968386747
GT_minus_G,NSE,17,03066000,0.0007965760190936644
GT_minus_G,NSE,17,03069500,0.027308780485923112
GT_minus_G,NSE,17,03473000,0.0014831994785040603
GT_minus_G,NSE,17,02081500,0.08164183444924378
GT_minus_G,NSE,17,01634500,-0.01131077068145403
GT_minus_G,NSE,17,01439500,0.05493555140786022
GT_minus_G,NSE,17,03070500,0.016870081213515742
GT_minus_G,NSE,17,02143040,-0.013510443236004366
GT_minus_G,NSE,17,01055000,0.04689332723127071
GT_minus_G,NSE,17,02112360,0.05298276747238617
GT_minus_G,NSE,17,01669520,0.03312994603115893
GT_minus_G,NSE,17,03180500,0.02514665250383674
GT_minus_G,NSE,17,01638480,-0.0013955956062468022
GT_minus_G,NSE,17,02053200,0.15856199307008068
GT_minus_G,NSE,17,01169000,0.005614447725190486
GT_minus_G,NSE,17,01350140,-0.0006232838658229989
GT_minus_G,NSE,17,01591400,-0.007249667910837698
GT_minus_G,NSE,17,01586610,-0.0010619997530871839
GT_minus_G,NSE,17,01434025,0.012707631225306382
GT_minus_G,NSE,17,03439000,-0.005951572263822369
GT_minus_G,NSE,17,02178400,-0.007323778790390478
GT_minus_G,NSE,17,01664000,0.030594058574361926
GT_minus_G,NSE,17,03015500,0.015104443573622728
GT_minus_G,NSE,17,04296000,0.015447599152510927
GT_minus_G,NSE,17,02112120,-0.08228918003439567
GT_minus_G,NSE,17,02082950,0.31219119111799076
GT_minus_G,NSE,17,01639500,-0.00040974855912456754
GT_minus_G,NSE,17,01047000,0.012016374748187841
GT_minus_G,NSE,17,02074500,0.04401708123752901
GT_minus_G,NSE,17,01054200,0.06613308850872368
GT_minus_G,NSE,17,02177000,0.00461465181890508
GT_minus_G,NSE,17,03500240,-0.018380749527468376
GT_minus_G,NSE,17,04233000,0.06552139487933706
GT_minus_G,NSE,17,03237280,0.03456170337679787
GT_minus_G,NSE,17,01548500,0.011119272430629268
GT_minus_G,NSE,17,02125000,0.029518436943682835
GT_minus_G,NSE,17,03479000,-0.04520710223151225
GT_minus_G,NSE,17,02118500,0.018957782036478132
GT_minus_G,NSE,17,01139000,-0.055899157728958704
GT_minus_G,NSE,17,01187300,0.015852287091458805
GT_minus_G,NSE,17,03504000,-0.011085441692195719
GT_minus_G,NSE,17,02011400,-0.005867973722702646
GT_minus_G,NSE,17,01568000,0.023570319942630813
GT_minus_G,NSE,17,01543500,-0.02343497549338569
GT_minus_G,NSE,17,01031500,-0.01350349833903508
GT_minus_G,NSE,17,01567500,-0.015452802050029524
GT_minus_G,NSE,17,02027500,0.0349160379677802
GT_minus_G,NSE,17,03010655,0.019673844089884263
GT_minus_G,NSE,17,04216418,0.014809699268677923
GT_minus_G,NSE,17,02152100,-0.02082088169657126
GT_minus_G,NSE,17,01510000,0.02999105081173392
GT_minus_G,NSE,17,03026500,-0.02317141243630383
GT_minus_G,NSE,17,02128000,0.009835934575013527
GT_minus_G,NSE,17,04256000,-0.010059356018018883
GT_minus_G,NSE,17,01620500,0.034322286674017044
GT_minus_G,NSE,17,03455500,0.015203191950352246
GT_minus_G,NSE,17,01451800,0.01570074813797251
GT_minus_G,NSE,17,04185000,0.10300555700708303
GT_minus_G,NSE,17,02111180,-0.028839029705789332
GT_minus_G,NSE,17,01594950,-0.0067132037932122746
GT_minus_G,NSE,17,01580000,-0.0072166899038194066
GT_minus_G,NSE,17,03050000,0.03677401065112029
GT_minus_G,NSE,17,01632000,-0.009730612172178188
GT_minus_G,NSE,17,04221000,0.044202036042831794
GT_minus_G,NSE,17,03021350,0.026423595921960863
GT_minus_G,NSE,17,01583500,0.0027334737187216795
GT_minus_G,NSE,17,02059500,-0.0071455770783837025
GT_minus_G,NSE,17,01666500,0.06588989382224009
GT_minus_G,NSE,17,03187500,0.03668148167923313
GT_minus_G,NSE,17,01181000,0.009286460063037127
GT_minus_G,NSE,17,01440400,-0.0008326070179330847
GT_minus_G,NSE,17,01435000,0.014219052332567594
GT_minus_G,NSE,17,01144000,-0.01488392649678405
GT_minus_G,NSE,17,02011460,0.010672854428368073
GT_minus_G,NSE,17,02143000,0.017221983709387434
GT_minus_G,NSE,17,03140000,0.030094040232834463
GT_minus_G,NSE,17,01440000,0.04363538862647309
GT_minus_G,NSE,17,01550000,0.001006698455441768
GT_minus_G,NSE,17,02077200,-0.057150666432238206
GT_minus_G,NSE,17,03237500,-0.0017589233602708365
GT_minus_G,NSE,17,02018000,0.02818694472974914
GT_minus_G,NSE,17,02013000,0.018333244532428017
GT_minus_G,NSE,17,03161000,0.027676491141232495
GT_minus_G,NSE,17,04197170,0.02089915317755231
GT_minus_G,NSE,17,03471500,-0.019822722318277197
GT_minus_G,NSE,17,01137500,0.05343512114596061
GT_minus_G,NSE,17,01052500,0.02161654648292899
GT_minus_G,NSE,17,02051000,0.024293095311350488
GT_minus_G,NSE,17,01057000,-0.02040387385428244
GT_minus_G,NSE,17,03144000,0.0065612399348915496
GT_minus_G,NSE,17,03078000,0.011293587673297578
GT_minus_G,NSE,17,03170000,0.012557338077092695
GT_minus_G,NSE,17,02038850,-0.0412586713204528
GT_minus_G,NSE,17,03241500,0.01707043529767771
GT_minus_G,NSE,17,02064000,0.04011346904464941
GT_minus_G,NSE,17,02096846,-0.016213037771957484
GT_minus_G,NSE,17,02055100,0.032433360605492734
GT_minus_G,NSE,17,04213075,-0.05129012212242379
GT_minus_G,NSE,17,01333000,0.02028715955758509
GT_minus_G,NSE,17,01552500,0.01465079047187312
GT_minus_G,NSE,17,04115265,0.017294529741286868
GT_minus_G,NSE,17,03500000,0.04199811146265209
GT_minus_G,NSE,17,01544500,-0.018388402275182014
GT_minus_G,NSE,17,02149000,-0.031957721862809874
GT_minus_G,NSE,17,01552000,-0.004019123847107342
GT_minus_G,NSE,17,03159540,0.0007591059832232627
GT_minus_G,NSE,17,01414500,-0.005477450141491591
GT_minus_G,NSE,17,01542810,-0.0013435420225178518
GT_minus_G,NSE,17,01667500,0.02816384541395267
GT_minus_G,NSE,11,03456500,-0.03489552638588145
GT_minus_G,NSE,11,03182500,-0.009799910440328574
GT_minus_G,NSE,11,01539000,-0.0077419325543885975
GT_minus_G,NSE,11,01350000,-0.003477858652703225
GT_minus_G,NSE,11,03238500,-0.008416355610948889
GT_minus_G,NSE,11,01030500,0.032858314796200716
GT_minus_G,NSE,11,01365000,0.0035619473116373923
GT_minus_G,NSE,11,03460000,-0.039338085623812136
GT_minus_G,NSE,11,02046000,0.01214476863997449
GT_minus_G,NSE,11,03028000,0.03335334060151829
GT_minus_G,NSE,11,01350080,-0.02529681009823448
GT_minus_G,NSE,11,01484100,-0.01679479151933072
GT_minus_G,NSE,11,02015700,0.021329401559954664
GT_minus_G,NSE,11,04224775,-0.003915363603301691
GT_minus_G,NSE,11,01466500,-0.08320150888152511
GT_minus_G,NSE,11,02016000,0.03270908465927702
GT_minus_G,NSE,11,01134500,0.017344483384338916
GT_minus_G,NSE,11,01518862,0.023721682444061476
GT_minus_G,NSE,11,01545600,0.004370820182217239
GT_minus_G,NSE,11,04197100,0.010535743797364994
GT_minus_G,NSE,11,01549500,-0.0013689560645252508
GT_minus_G,NSE,11,02140991,-0.0016932534435677438
GT_minus_G,NSE,11,03049000,0.0005275795383345994
GT_minus_G,NSE,11,02111500,0.007187649611663405
GT_minus_G,NSE,11,03450000,-0.04964837390026122
GT_minus_G,NSE,11,04122200,-0.026850612145668973
GT_minus_G,NSE,11,02053800,-0.020186861518816324
GT_minus_G,NSE,11,04196800,0.012568350741582246
GT_minus_G,NSE,11,02017500,0.019890428156562723
GT_minus_G,NSE,11,03165000,-0.014240790387870517
GT_minus_G,NSE,11,01543000,0.020802838222898745
GT_minus_G,NSE,11,01491000,-0.021249850147701643
GT_minus_G,NSE,11,02051500,0.05314215791904653
GT_minus_G,NSE,11,02070000,-0.012173959030987502
GT_minus_G,NSE,11,01415000,-0.025940731629910507
GT_minus_G,NSE,11,03011800,0.0016726102895945338
GT_minus_G,NSE,11,02014000,0.0002775615689027955
GT_minus_G,NSE,11,02028500,-0.026211273525989398
GT_minus_G,NSE,11,02056900,0.001569555431165659
GT_minus_G,NSE,11,01516500,-0.029768774191444525
GT_minus_G,NSE,11,03213700,-0.03825822638393972
GT_minus_G,NSE,11,01547700,-0.03758939975282338
GT_minus_G,NSE,11,01485500,-0.0027409105594019545
GT_minus_G,NSE,11,01632900,0.008224751864947533
GT_minus_G,NSE,11,02027000,-0.012777988029384124
GT_minus_G,NSE,11,01078000,-0.01876605777232543
GT_minus_G,NSE,11,03049800,0.005703250597047127
GT_minus_G,NSE,11,01606500,-0.021538965347610572
GT_minus_G,NSE,11,02065500,-0.04046378144378582
GT_minus_G,NSE,11,03164000,-0.0449918671114905
GT_minus_G,NSE,11,02137727,-0.017557648055304687
GT_minus_G,NSE,11,03498500,-0.03624823549325018
GT_minus_G,NSE,11,02069700,-0.007524357974958207
GT_minus_G,NSE,11,03463300,-0.016550245270985697
GT_minus_G,NSE,11,03173000,-0.03633798441778113
GT_minus_G,NSE,11,01532000,-0.014730084797249132
GT_minus_G,NSE,11,03186500,-0.010171479359114444
GT_minus_G,NSE,11,03488000,-0.046936510956926636
GT_minus_G,NSE,11,01557500,-0.024720747819238498
GT_minus_G,NSE,11,01658500,0.0007548714449903127
GT_minus_G,NSE,11,01596500,-0.013628235705653413
GT_minus_G,NSE,11,01644000,-0.09643862546802329
GT_minus_G,NSE,11,04213000,-0.0026760611671010626
GT_minus_G,NSE,11,01487000,-0.03350265280480269
GT_minus_G,NSE,11,01669000,0.06258102630588092
GT_minus_G,NSE,11,01142500,-0.031107322243627777
GT_minus_G,NSE,11,04105700,0.16092616073775357
GT_minus_G,NSE,11,01413500,0.0012869236684054375
GT_minus_G,NSE,11,01613050,-0.004731746524131664
GT_minus_G,NSE,11,03076600,0.007568186595447668
GT_minus_G,NSE,11,01423000,-0.04033065584017692
GT_minus_G,NSE,11,01411300,-0.028305194880323015
GT_minus_G,NSE,11,01139800,-0.010758186046197826
GT_minus_G,NSE,11,01605500,0.05225485373011818
GT_minus_G,NSE,11,03066000,-0.037249698893347616
GT_minus_G,NSE,11,03069500,-0.0020336631135233763
GT_minus_G,NSE,11,03473000,-0.018070648248982857
GT_minus_G,NSE,11,02081500,-0.025837631902534852
GT_minus_G,NSE,11,01634500,-0.016528101976773346
GT_minus_G,NSE,11,01439500,0.026582688743868932
GT_minus_G,NSE,11,03070500,-0.0017265696648385287
GT_minus_G,NSE,11,02143040,0.03065520758966822
GT_minus_G,NSE,11,01055000,0.01872194487557355
GT_minus_G,NSE,11,02112360,0.04162767763513198
GT_minus_G,NSE,11,01669520,0.04156290788838757
GT_minus_G,NSE,11,03180500,-0.007396795223905239
GT_minus_G,NSE,11,01638480,-0.015767472952683104
GT_minus_G,NSE,11,02053200,0.08543056830128481
GT_minus_G,NSE,11,01169000,-0.000551094844023714
GT_minus_G,NSE,11,01350140,-0.01153467370273542
GT_minus_G,NSE,11,01591400,-0.011340914717152484
GT_minus_G,NSE,11,01586610,-0.02679799070813127
GT_minus_G,NSE,11,01434025,0.004641225967650708
GT_minus_G,NSE,11,03439000,-0.013231763748840608
GT_minus_G,NSE,11,02178400,-0.013410203306579938
GT_minus_G,NSE,11,01664000,0.02754218279626064
GT_minus_G,NSE,11,03015500,-0.0019899461337477
GT_minus_G,NSE,11,04296000,0.017153058582848546
GT_minus_G,NSE,11,02112120,0.04840518226254986
GT_minus_G,NSE,11,02082950,0.13645600298242255
GT_minus_G,NSE,11,01639500,-0.0335111626622544
GT_minus_G,NSE,11,01047000,0.025476884470591044
GT_minus_G,NSE,11,02074500,0.007590518581476191
GT_minus_G,NSE,11,01054200,0.007077569288573504
GT_minus_G,NSE,11,02177000,-0.006265102633221109
GT_minus_G,NSE,11,03500240,-0.020393060207063884
GT_minus_G,NSE,11,04233000,-0.014658572050735286
GT_minus_G,NSE,11,03237280,0.0032619167433698415
GT_minus_G,NSE,11,01548500,0.03388035780687049
GT_minus_G,NSE,11,02125000,0.003083914134823673
GT_minus_G,NSE,11,03479000,0.028818018015482005
GT_minus_G,NSE,11,02118500,-0.022009729922617183
GT_minus_G,NSE,11,01139000,-0.05075157620422632
GT_minus_G,NSE,11,01187300,-0.01577215680644073
GT_minus_G,NSE,11,03504000,-0.03606208550373102
GT_minus_G,NSE,11,02011400,-0.0020992654590736848
GT_minus_G,NSE,11,01568000,-0.004461205001800139
GT_minus_G,NSE,11,01543500,0.009259203287325879
GT_minus_G,NSE,11,01031500,-0.013738668830470369
GT_minus_G,NSE,11,01567500,-0.013055405975472945
GT_minus_G,NSE,11,02027500,0.014731409944307328
GT_minus_G,NSE,11,03010655,0.03966912331832828
GT_minus_G,NSE,11,04216418,-0.02238068216080258
GT_minus_G,NSE,11,02152100,0.024671035526905083
GT_minus_G,NSE,11,01510000,0.004375868133013161
GT_minus_G,NSE,11,03026500,0.006784786492716521
GT_minus_G,NSE,11,02128000,0.008253608094967557
GT_minus_G,NSE,11,04256000,-0.009678220640152002
GT_minus_G,NSE,11,01620500,0.05175122226191364
GT_minus_G,NSE,11,03455500,-0.004258072341691843
GT_minus_G,NSE,11,01451800,0.0011111913614821889
GT_minus_G,NSE,11,04185000,-0.03644792891094362
GT_minus_G,NSE,11,02111180,-0.04697394083912376
GT_minus_G,NSE,11,01594950,-0.02244099750634454
GT_minus_G,NSE,11,01580000,-0.06153765027343305
GT_minus_G,NSE,11,03050000,-0.00924261519995695
GT_minus_G,NSE,11,01632000,0.001255300854432706
GT_minus_G,NSE,11,04221000,0.042046006189845886
GT_minus_G,NSE,11,03021350,0.005484457253366992
GT_minus_G,NSE,11,01583500,-0.02769063451612286
GT_minus_G,NSE,11,02059500,0.029121527472305453
GT_minus_G,NSE,11,01666500,0.012650135216529357
GT_minus_G,NSE,11,03187500,-0.00908599390214182
GT_minus_G,NSE,11,01181000,0.0059129698089488425
GT_minus_G,NSE,11,01440400,0.016107044120996727
GT_minus_G,NSE,11,01435000,-0.012221137623244838
GT_minus_G,NSE,11,01144000,0.021974425068628234
GT_minus_G,NSE,11,02011460,-0.026194210987995237
GT_minus_G,NSE,11,02143000,0.020863623112152174
GT_minus_G,NSE,11,03140000,-0.015775392882410033
GT_minus_G,NSE,11,01440000,0.016296641587000282
GT_minus_G,NSE,11,01550000,-0.03965838978526526
GT_minus_G,NSE,11,02077200,0.006617255288047241
GT_minus_G,NSE,11,03237500,-0.014784630815455224
GT_minus_G,NSE,11,02018000,-0.01349860108654699
GT_minus_G,NSE,11,02013000,-0.0609318643179253
GT_minus_G,NSE,11,03161000,0.00027305836785807003
GT_minus_G,NSE,11,04197170,0.01023351660876548
GT_minus_G,NSE,11,03471500,-0.03899912731607569
GT_minus_G,NSE,11,01137500,0.008716661869400233
GT_minus_G,NSE,11,01052500,-0.01926446251579561
GT_minus_G,NSE,11,02051000,0.028894362324734302
GT_minus_G,NSE,11,01057000,-0.029474795626642902
GT_minus_G,NSE,11,03144000,-0.0053499541796313554
GT_minus_G,NSE,11,03078000,0.0014944753511090259
GT_minus_G,NSE,11,03170000,0.008602795715686673
GT_minus_G,NSE,11,02038850,0.003706344309384213
GT_minus_G,NSE,11,03241500,0.002800478340538537
GT_minus_G,NSE,11,02064000,0.03457710829454008
GT_minus_G,NSE,11,02096846,-0.053843800438290734
GT_minus_G,NSE,11,02055100,0.013325824720552104
GT_minus_G,NSE,11,04213075,-0.03365969567779925
GT_minus_G,NSE,11,01333000,0.008235934123081323
GT_minus_G,NSE,11,01552500,0.0065324233992534175
GT_minus_G,NSE,11,04115265,0.03454046150463663
GT_minus_G,NSE,11,03500000,-0.013841981202950993
GT_minus_G,NSE,11,01544500,0.007264958996691218
GT_minus_G,NSE,11,02149000,0.03546704850715232
GT_minus_G,NSE,11,01552000,-0.027136176114686883
GT_minus_G,NSE,11,03159540,0.011235628815732257
GT_minus_G,NSE,11,01414500,0.010691074291226732
GT_minus_G,NSE,11,01542810,0.013124894403404364
GT_minus_G,NSE,11,01667500,0.018683572101966917
GT_minus_G,NSE,13,03456500,0.033985707806839516
GT_minus_G,NSE,13,03182500,-0.005624194619977763
GT_minus_G,NSE,13,01539000,-0.013936632738057897
GT_minus_G,NSE,13,01350000,-0.0069527120695282996
GT_minus_G,NSE,13,03238500,-0.0009695429053772076
GT_minus_G,NSE,13,01030500,0.023025408212772325
GT_minus_G,NSE,13,01365000,-0.019211334905062216
GT_minus_G,NSE,13,03460000,-0.01648973865186354
GT_minus_G,NSE,13,02046000,0.006361357511393884
GT_minus_G,NSE,13,03028000,0.0135946926057392
GT_minus_G,NSE,13,01350080,0.029702470677625326
GT_minus_G,NSE,13,01484100,-0.0430492488889761
GT_minus_G,NSE,13,02015700,-0.006946210068629277
GT_minus_G,NSE,13,04224775,0.0065649595440044894
GT_minus_G,NSE,13,01466500,0.029005868394992085
GT_minus_G,NSE,13,02016000,0.007033069908177314
GT_minus_G,NSE,13,01134500,0.021325306142545353
GT_minus_G,NSE,13,01518862,0.0027721511013404365
GT_minus_G,NSE,13,01545600,-0.0423533412927799
GT_minus_G,NSE,13,04197100,0.022407712452460427
GT_minus_G,NSE,13,01549500,-0.02930831981163684
GT_minus_G,NSE,13,02140991,-0.01511802777944371
GT_minus_G,NSE,13,03049000,-0.0036826667090581466
GT_minus_G,NSE,13,02111500,-0.0010049956438765717
GT_minus_G,NSE,13,03450000,-0.00033821344237972006
GT_minus_G,NSE,13,04122200,-0.014477017501042022
GT_minus_G,NSE,13,02053800,0.012703462024623025
GT_minus_G,NSE,13,04196800,0.0013039985800398224
GT_minus_G,NSE,13,02017500,-0.02472422482500658
GT_minus_G,NSE,13,03165000,-0.04236864158302711
GT_minus_G,NSE,13,01543000,0.0012709899255568535
GT_minus_G,NSE,13,01491000,0.007291344677896938
GT_minus_G,NSE,13,02051500,-0.09332089169268332
GT_minus_G,NSE,13,02070000,-0.06354727942997684
GT_minus_G,NSE,13,01415000,-0.011111027722050748
GT_minus_G,NSE,13,03011800,-0.0056128515009084
GT_minus_G,NSE,13,02014000,-0.009752686815024836
GT_minus_G,NSE,13,02028500,0.05075824387682348
GT_minus_G,NSE,13,02056900,-0.02959324725598811
GT_minus_G,NSE,13,01516500,0.02967452028951012
GT_minus_G,NSE,13,03213700,-0.05903414897993997
GT_minus_G,NSE,13,01547700,-0.03091490300402211
GT_minus_G,NSE,13,01485500,-0.019470804906872363
GT_minus_G,NSE,13,01632900,0.0016426679095236096
GT_minus_G,NSE,13,02027000,0.03235411622218021
GT_minus_G,NSE,13,01078000,-0.02088272230556565
GT_minus_G,NSE,13,03049800,0.0007423576572257451
GT_minus_G,NSE,13,01606500,-0.0021777276614547425
GT_minus_G,NSE,13,02065500,0.06806343684679428
GT_minus_G,NSE,13,03164000,-0.06329540668283129
GT_minus_G,NSE,13,02137727,-0.00891267048178812
GT_minus_G,NSE,13,03498500,-0.008263766021040286
GT_minus_G,NSE,13,02069700,0.010938859040621973
GT_minus_G,NSE,13,03463300,-0.002574917970541102
GT_minus_G,NSE,13,03173000,-0.009865807373123925
GT_minus_G,NSE,13,01532000,0.019258247298094888
GT_minus_G,NSE,13,03186500,8.154534074733544e-05
GT_minus_G,NSE,13,03488000,-0.012699456232989292
GT_minus_G,NSE,13,01557500,-0.03393004204548311
GT_minus_G,NSE,13,01658500,0.003561741369221383
GT_minus_G,NSE,13,01596500,0.009788940113319211
GT_minus_G,NSE,13,01644000,-0.11032481243500614
GT_minus_G,NSE,13,04213000,0.014087122732591162
GT_minus_G,NSE,13,01487000,-0.024318252073539215
GT_minus_G,NSE,13,01669000,0.017466521376191535
GT_minus_G,NSE,13,01142500,-0.028895268510801264
GT_minus_G,NSE,13,04105700,0.3051250309787388
GT_minus_G,NSE,13,01413500,-0.011630419565014094
GT_minus_G,NSE,13,01613050,-0.015479173863023
GT_minus_G,NSE,13,03076600,0.018067488538045517
GT_minus_G,NSE,13,01423000,0.001925872974426035
GT_minus_G,NSE,13,01411300,0.035883930231441985
GT_minus_G,NSE,13,01139800,0.026488386247491613
GT_minus_G,NSE,13,01605500,-0.00403768050676323
GT_minus_G,NSE,13,03066000,0.0008839509217224428
GT_minus_G,NSE,13,03069500,-0.0003229462618556944
GT_minus_G,NSE,13,03473000,0.014351290181048304
GT_minus_G,NSE,13,02081500,-0.02020644972745267
GT_minus_G,NSE,13,01634500,0.00017839971774513685
GT_minus_G,NSE,13,01439500,-0.035584433782955616
GT_minus_G,NSE,13,03070500,0.0075706151916529185
GT_minus_G,NSE,13,02143040,-0.016869826680616096
GT_minus_G,NSE,13,01055000,-0.0018541631129047609
GT_minus_G,NSE,13,02112360,-0.004212868248991586
GT_minus_G,NSE,13,01669520,-0.018750867059469378
GT_minus_G,NSE,13,03180500,0.005114575056577753
GT_minus_G,NSE,13,01638480,-0.012049954712976763
GT_minus_G,NSE,13,02053200,0.09490987936980522
GT_minus_G,NSE,13,01169000,-0.03757694734878847
GT_minus_G,NSE,13,01350140,-0.06771468906505329
GT_minus_G,NSE,13,01591400,-0.01472127862150141
GT_minus_G,NSE,13,01586610,-0.009961304643726243
GT_minus_G,NSE,13,01434025,-0.005964421120948971
GT_minus_G,NSE,13,03439000,0.016684624873845255
GT_minus_G,NSE,13,02178400,0.024507098948881256
GT_minus_G,NSE,13,01664000,-0.009199154549497934
GT_minus_G,NSE,13,03015500,-0.004790254415422579
GT_minus_G,NSE,13,04296000,0.00926501297198068
GT_minus_G,NSE,13,02112120,-0.04742146102664557
GT_minus_G,NSE,13,02082950,0.003919284292103309
GT_minus_G,NSE,13,01639500,-0.010015356426999134
GT_minus_G,NSE,13,01047000,0.005336821857194529
GT_minus_G,NSE,13,02074500,0.00355212024075513
GT_minus_G,NSE,13,01054200,-0.004229408996629158
GT_minus_G,NSE,13,02177000,0.00666911156320571
GT_minus_G,NSE,13,03500240,0.01587032018955581
GT_minus_G,NSE,13,04233000,0.003027501678956268
GT_minus_G,NSE,13,03237280,-0.005797273753751275
GT_minus_G,NSE,13,01548500,-0.017170768978827633
GT_minus_G,NSE,13,02125000,-0.02444620650065832
GT_minus_G,NSE,13,03479000,-0.007165401215552869
GT_minus_G,NSE,13,02118500,-0.014394603509015336
GT_minus_G,NSE,13,01139000,0.024313381402739198
GT_minus_G,NSE,13,01187300,-0.009523776933376138
GT_minus_G,NSE,13,03504000,-0.025228357558523373
GT_minus_G,NSE,13,02011400,-0.015984372785019962
GT_minus_G,NSE,13,01568000,-0.013137596777517913
GT_minus_G,NSE,13,01543500,-0.007819424164967503
GT_minus_G,NSE,13,01031500,-0.011494909608938286
GT_minus_G,NSE,13,01567500,-0.013878774879101385
GT_minus_G,NSE,13,02027500,0.011374203339959532
GT_minus_G,NSE,13,03010655,-0.0007553987638251325
GT_minus_G,NSE,13,04216418,0.01646165704448832
GT_minus_G,NSE,13,02152100,-0.02492412042097547
GT_minus_G,NSE,13,01510000,-0.022413858121915098
GT_minus_G,NSE,13,03026500,0.014702531832286425
GT_minus_G,NSE,13,02128000,-0.008618460997735333
GT_minus_G,NSE,13,04256000,-0.02293183964418133
GT_minus_G,NSE,13,01620500,0.04326714414398114
GT_minus_G,NSE,13,03455500,-0.0024449196327915867
GT_minus_G,NSE,13,01451800,-0.018455510324824953
GT_minus_G,NSE,13,04185000,0.12021282272159217
GT_minus_G,NSE,13,02111180,-0.01831772010715227
GT_minus_G,NSE,13,01594950,0.005391772766984548
GT_minus_G,NSE,13,01580000,-0.0029439980575411973
GT_minus_G,NSE,13,03050000,-0.014131143123032097
GT_minus_G,NSE,13,01632000,0.01071424361626716
GT_minus_G,NSE,13,04221000,-0.0030090561529929616
GT_minus_G,NSE,13,03021350,0.009618579236030489
GT_minus_G,NSE,13,01583500,-0.029919159912959126
GT_minus_G,NSE,13,02059500,-0.12386918712553696
GT_minus_G,NSE,13,01666500,-0.035514644581688404
GT_minus_G,NSE,13,03187500,-0.007006165501730499
GT_minus_G,NSE,13,01181000,-0.025365130391502344
GT_minus_G,NSE,13,01440400,-0.03741238642122502
GT_minus_G,NSE,13,01435000,-0.015518573433142446
GT_minus_G,NSE,13,01144000,0.03394764112416315
GT_minus_G,NSE,13,02011460,-0.007569119401519275
GT_minus_G,NSE,13,02143000,-0.012942790724112418
GT_minus_G,NSE,13,03140000,-0.007031174775019022
GT_minus_G,NSE,13,01440000,-0.011464078466752237
GT_minus_G,NSE,13,01550000,-0.008164314215985957
GT_minus_G,NSE,13,02077200,0.0066580723285531995
GT_minus_G,NSE,13,03237500,0.004015557754955434
GT_minus_G,NSE,13,02018000,-0.02472667289209307
GT_minus_G,NSE,13,02013000,-0.020588249585929863
GT_minus_G,NSE,13,03161000,0.04163668673963106
GT_minus_G,NSE,13,04197170,0.0028729030091098062
GT_minus_G,NSE,13,03471500,-0.0052509126597807265
GT_minus_G,NSE,13,01137500,0.0006075889778733856
GT_minus_G,NSE,13,01052500,0.006549940187729586
GT_minus_G,NSE,13,02051000,-0.00962212642277882
GT_minus_G,NSE,13,01057000,-0.009283086355717396
GT_minus_G,NSE,13,03144000,-0.0017356035016523608
GT_minus_G,NSE,13,03078000,-0.0008913592746437882
GT_minus_G,NSE,13,03170000,0.0025655503151783554
GT_minus_G,NSE,13,02038850,-0.0034383390214158815
GT_minus_G,NSE,13,03241500,-0.01307821067889614
GT_minus_G,NSE,13,02064000,-0.00679842929619745
GT_minus_G,NSE,13,02096846,-0.0343893459893424
GT_minus_G,NSE,13,02055100,0.009287629608290437
GT_minus_G,NSE,13,04213075,-0.07933717795871043
GT_minus_G,NSE,13,01333000,-0.02339824248675404
GT_minus_G,NSE,13,01552500,-0.019731180512958302
GT_minus_G,NSE,13,04115265,0.015458325726279587
GT_minus_G,NSE,13,03500000,0.022896537307298348
GT_minus_G,NSE,13,01544500,-0.03619824003972627
GT_minus_G,NSE,13,02149000,0.008251477067611312
GT_minus_G,NSE,13,01552000,-0.05279596177851853
GT_minus_G,NSE,13,03159540,0.010373335210332124
GT_minus_G,NSE,13,01414500,-0.006525689706482263
GT_minus_G,NSE,13,01542810,0.016011461400255778
GT_minus_G,NSE,13,01667500,-0.027039728783817996
GT_minus_G,KGE,17,03456500,-0.07852473590310183
GT_minus_G,KGE,17,03182500,-0.5531652190466619
GT_minus_G,KGE,17,01539000,0.004879943194173508
GT_minus_G,KGE,17,01350000,0.011067632135359218
GT_minus_G,KGE,17,03238500,-0.09701842166403352
GT_minus_G,KGE,17,01030500,0.0061013880882783145
GT_minus_G,KGE,17,01365000,-0.020184917411057657
GT_minus_G,KGE,17,03460000,-2.464111899115474
GT_minus_G,KGE,17,02046000,-0.06766791272339845
GT_minus_G,KGE,17,03028000,0.012754735635301828
GT_minus_G,KGE,17,01350080,-0.32460933323112506
GT_minus_G,KGE,17,01484100,-0.035244109182009375
GT_minus_G,KGE,17,02015700,0.062184529246960274
GT_minus_G,KGE,17,04224775,-0.0035125276046550358
GT_minus_G,KGE,17,01466500,-0.021786287814732685
GT_minus_G,KGE,17,02016000,0.11306018701543608
GT_minus_G,KGE,17,01134500,0.026961916266742048
GT_minus_G,KGE,17,01518862,-0.03620257881641342
GT_minus_G,KGE,17,01545600,-0.17442768460512925
GT_minus_G,KGE,17,04197100,-0.043278009285892205
GT_minus_G,KGE,17,01549500,-0.08625957962320552
GT_minus_G,KGE,17,02140991,-0.03774034327661013
GT_minus_G,KGE,17,03049000,0.22099258002918876
GT_minus_G,KGE,17,02111500,-0.12541309769514886
GT_minus_G,KGE,17,03450000,-3.483716535823768
GT_minus_G,KGE,17,04122200,-0.06953684730258824
GT_minus_G,KGE,17,02053800,-0.0368306524565265
GT_minus_G,KGE,17,04196800,0.1000896903116757
GT_minus_G,KGE,17,02017500,-0.024147600401827396
GT_minus_G,KGE,17,03165000,0.022418099515642886
GT_minus_G,KGE,17,01543000,0.05370330712362903
GT_minus_G,KGE,17,01491000,-0.05907991886082842
GT_minus_G,KGE,17,02051500,-0.06326198835708163
GT_minus_G,KGE,17,02070000,-0.05820098960271569
GT_minus_G,KGE,17,01415000,-0.08366505618702091
GT_minus_G,KGE,17,03011800,-0.0442496058572055
GT_minus_G,KGE,17,02014000,-0.019728773979252323
GT_minus_G,KGE,17,02028500,-0.06543423360008016
GT_minus_G,KGE,17,02056900,-0.021545877608225128
GT_minus_G,KGE,17,01516500,0.04325287297288727
GT_minus_G,KGE,17,03213700,-0.03544339977408828
GT_minus_G,KGE,17,01547700,-0.15411578952335414
GT_minus_G,KGE,17,01485500,-0.10740763256469621
GT_minus_G,KGE,17,01632900,0.04157253520924764
GT_minus_G,KGE,17,02027000,-0.0189117211534251
GT_minus_G,KGE,17,01078000,-0.0638788716115295
GT_minus_G,KGE,17,03049800,0.13857787652764386
GT_minus_G,KGE,17,01606500,0.040395394840991417
GT_minus_G,KGE,17,02065500,0.07066541831602569
GT_minus_G,KGE,17,03164000,-0.19750356966326177
GT_minus_G,KGE,17,02137727,-0.0943628861490029
GT_minus_G,KGE,17,03498500,-0.014283592325029959
GT_minus_G,KGE,17,02069700,-0.04872266388287505
GT_minus_G,KGE,17,03463300,-0.036019148409660806
GT_minus_G,KGE,17,03173000,-0.01157507666160218
GT_minus_G,KGE,17,01532000,-0.03871222484854997
GT_minus_G,KGE,17,03186500,0.16644783008773056
GT_minus_G,KGE,17,03488000,-0.0695554331715248
GT_minus_G,KGE,17,01557500,-0.7677770382191553
GT_minus_G,KGE,17,01658500,0.001614352454020973
GT_minus_G,KGE,17,01596500,0.34421705308177764
GT_minus_G,KGE,17,01644000,-0.00491955544369127
GT_minus_G,KGE,17,04213000,0.24154559961391975
GT_minus_G,KGE,17,01487000,-0.0714088679842243
GT_minus_G,KGE,17,01669000,-0.02567984174848381
GT_minus_G,KGE,17,01142500,0.08157379113294516
GT_minus_G,KGE,17,04105700,-0.13146315983975787
GT_minus_G,KGE,17,01413500,-0.049573443338689294
GT_minus_G,KGE,17,01613050,-0.06280856135264035
GT_minus_G,KGE,17,03076600,-0.06404514977334763
GT_minus_G,KGE,17,01423000,-0.026764773741935532
GT_minus_G,KGE,17,01411300,0.019062652660793877
GT_minus_G,KGE,17,01139800,0.0025124109929564042
GT_minus_G,KGE,17,01605500,0.055098586189112675
GT_minus_G,KGE,17,03066000,0.09023894430297041
GT_minus_G,KGE,17,03069500,0.04461856352885707
GT_minus_G,KGE,17,03473000,-0.04092382276811546
GT_minus_G,KGE,17,02081500,0.032386876958373834
GT_minus_G,KGE,17,01634500,0.028959389642544853
GT_minus_G,KGE,17,01439500,-0.044099501535167285
GT_minus_G,KGE,17,03070500,-0.24469776934278753
GT_minus_G,KGE,17,02143040,-0.32841150752729553
GT_minus_G,KGE,17,01055000,0.03703284383243699
GT_minus_G,KGE,17,02112360,0.03873245551368376
GT_minus_G,KGE,17,01669520,-0.09842804936761373
GT_minus_G,KGE,17,03180500,0.17639030238576825
GT_minus_G,KGE,17,01638480,-0.0627059158858756
GT_minus_G,KGE,17,02053200,-0.005516226407468405
GT_minus_G,KGE,17,01169000,0.03460341679494061
GT_minus_G,KGE,17,01350140,-0.1086353569263171
GT_minus_G,KGE,17,01591400,-0.055906552418700683
GT_minus_G,KGE,17,01586610,-0.030506641015858316
GT_minus_G,KGE,17,01434025,-0.0009327936144011284
GT_minus_G,KGE,17,03439000,-0.09827185207341393
GT_minus_G,KGE,17,02178400,-0.06102868127055716
GT_minus_G,KGE,17,01664000,0.04997935437932188
GT_minus_G,KGE,17,03015500,0.009951369257216514
GT_minus_G,KGE,17,04296000,-0.11220743962004698
GT_minus_G,KGE,17,02112120,-0.0810060480692224
GT_minus_G,KGE,17,02082950,0.16732116363607175
GT_minus_G,KGE,17,01639500,-0.07603261305558151
GT_minus_G,KGE,17,01047000,0.029336739111703758
GT_minus_G,KGE,17,02074500,-0.00885356813364968
GT_minus_G,KGE,17,01054200,0.07006208096510658
GT_minus_G,KGE,17,02177000,-0.029499192900321436
GT_minus_G,KGE,17,03500240,-0.4524028589129283
GT_minus_G,KGE,17,04233000,0.037957679350347884
GT_minus_G,KGE,17,03237280,0.10874785695333644
GT_minus_G,KGE,17,01548500,0.07890144850951009
GT_minus_G,KGE,17,02125000,-0.006083592843397434
GT_minus_G,KGE,17,03479000,-0.46587780979701454
GT_minus_G,KGE,17,02118500,0.0002268295639908935
GT_minus_G,KGE,17,01139000,0.09488225053664179
GT_minus_G,KGE,17,01187300,-0.008892988472914864
GT_minus_G,KGE,17,03504000,-0.07207583734218437
GT_minus_G,KGE,17,02011400,0.006338995599055486
GT_minus_G,KGE,17,01568000,-0.07578484927423035
GT_minus_G,KGE,17,01543500,-0.6011705249656485
GT_minus_G,KGE,17,01031500,0.06363593894280872
GT_minus_G,KGE,17,01567500,-0.23252904048881773
GT_minus_G,KGE,17,02027500,-0.6147670521623548
GT_minus_G,KGE,17,03010655,0.07618460809726846
GT_minus_G,KGE,17,04216418,1.4331824245607994
GT_minus_G,KGE,17,02152100,-0.10122695538562598
GT_minus_G,KGE,17,01510000,0.09561600338623155
GT_minus_G,KGE,17,03026500,0.40096534099170944
GT_minus_G,KGE,17,02128000,0.0010100285025567146
GT_minus_G,KGE,17,04256000,0.08741025650163303
GT_minus_G,KGE,17,01620500,-0.3006174751149493
GT_minus_G,KGE,17,03455500,0.01888995928663839
GT_minus_G,KGE,17,01451800,0.22595471227562092
GT_minus_G,KGE,17,04185000,0.20205608893235494
GT_minus_G,KGE,17,02111180,-0.2228486401853813
GT_minus_G,KGE,17,01594950,0.04823075550841738
GT_minus_G,KGE,17,01580000,-0.048173828480645775
GT_minus_G,KGE,17,03050000,-0.10168984194234276
GT_minus_G,KGE,17,01632000,0.016030088484577543
GT_minus_G,KGE,17,04221000,0.07106639883914978
GT_minus_G,KGE,17,03021350,0.07647631599748494
GT_minus_G,KGE,17,01583500,-0.06600382558840134
GT_minus_G,KGE,17,02059500,-0.004765024686049224
GT_minus_G,KGE,17,01666500,0.05656749557227525
GT_minus_G,KGE,17,03187500,0.1743780783914355
GT_minus_G,KGE,17,01181000,0.004515856052724199
GT_minus_G,KGE,17,01440400,-0.04423702889219616
GT_minus_G,KGE,17,01435000,-0.002668417863405992
GT_minus_G,KGE,17,01144000,-0.0404050969613543
GT_minus_G,KGE,17,02011460,0.0532388832152233
GT_minus_G,KGE,17,02143000,-0.06814832727087816
GT_minus_G,KGE,17,03140000,-0.03185934573371063
GT_minus_G,KGE,17,01440000,0.03596766170903498
GT_minus_G,KGE,17,01550000,-0.27694136200384456
GT_minus_G,KGE,17,02077200,-0.02203370024612772
GT_minus_G,KGE,17,03237500,-0.11609869646996585
GT_minus_G,KGE,17,02018000,0.04010808832375046
GT_minus_G,KGE,17,02013000,0.003365262577107342
GT_minus_G,KGE,17,03161000,-0.09610938351894305
GT_minus_G,KGE,17,04197170,0.008631781925082849
GT_minus_G,KGE,17,03471500,-0.0035362134058316563
GT_minus_G,KGE,17,01137500,0.10792733107269392
GT_minus_G,KGE,17,01052500,0.03682434481502117
GT_minus_G,KGE,17,02051000,0.011769734754826677
GT_minus_G,KGE,17,01057000,0.0024434751893080975
GT_minus_G,KGE,17,03144000,-0.0983814394152871
GT_minus_G,KGE,17,03078000,-0.2255157282709479
GT_minus_G,KGE,17,03170000,0.010071430175320972
GT_minus_G,KGE,17,02038850,-0.036162374893219607
GT_minus_G,KGE,17,03241500,-0.017010901242027865
GT_minus_G,KGE,17,02064000,0.014428674148833198
GT_minus_G,KGE,17,02096846,-0.013471195367569688
GT_minus_G,KGE,17,02055100,0.01851377741211213
GT_minus_G,KGE,17,04213075,0.09126329436531844
GT_minus_G,KGE,17,01333000,0.03257615563862659
GT_minus_G,KGE,17,01552500,0.00921365625255699
GT_minus_G,KGE,17,04115265,0.017373740286364514
GT_minus_G,KGE,17,03500000,-0.05221307936985542
GT_minus_G,KGE,17,01544500,-0.3639203375446609
GT_minus_G,KGE,17,02149000,-0.08589713255840381
GT_minus_G,KGE,17,01552000,-0.026121728485895446
GT_minus_G,KGE,17,03159540,-0.08610624918509968
GT_minus_G,KGE,17,01414500,0.010248112702567647
GT_minus_G,KGE,17,01542810,-23.6514783982013
GT_minus_G,KGE,17,01667500,-0.02045973387006983
GT_minus_G,KGE,11,03456500,-0.2792620946853205
GT_minus_G,KGE,11,03182500,0.20892295136368388
GT_minus_G,KGE,11,01539000,0.26278990243252587
GT_minus_G,KGE,11,01350000,-0.005173304103215592
GT_minus_G,KGE,11,03238500,0.0036815721131820967
GT_minus_G,KGE,11,01030500,0.22598892926412517
GT_minus_G,KGE,11,01365000,0.021696886063156118
GT_minus_G,KGE,11,03460000,-2.5473189743285314
GT_minus_G,KGE,11,02046000,-0.01805719055908428
GT_minus_G,KGE,11,03028000,0.25223563653046355
GT_minus_G,KGE,11,01350080,-1.0920825347599923
GT_minus_G,KGE,11,01484100,0.026940073575999035
GT_minus_G,KGE,11,02015700,0.16437827925338266
GT_minus_G,KGE,11,04224775,0.06207199393887175
GT_minus_G,KGE,11,01466500,-0.0447289819247807
GT_minus_G,KGE,11,02016000,0.1037513753833591
GT_minus_G,KGE,11,01134500,0.04632578486837724
GT_minus_G,KGE,11,01518862,0.0034279399219510065
GT_minus_G,KGE,11,01545600,0.02368159478312637
GT_minus_G,KGE,11,04197100,-0.01633932305807928
GT_minus_G,KGE,11,01549500,-0.05645120099429035
GT_minus_G,KGE,11,02140991,-0.2763791079592266
GT_minus_G,KGE,11,03049000,0.32291998773479347
GT_minus_G,KGE,11,02111500,0.06650922938365211
GT_minus_G,KGE,11,03450000,-2.107494748033422
GT_minus_G,KGE,11,04122200,0.002390984188426093
GT_minus_G,KGE,11,02053800,0.0331414823605114
GT_minus_G,KGE,11,04196800,-0.250175955540761
GT_minus_G,KGE,11,02017500,0.06207012141638235
GT_minus_G,KGE,11,03165000,0.34463165008980734
GT_minus_G,KGE,11,01543000,0.7848425207710868
GT_minus_G,KGE,11,01491000,-0.05164930629398834
GT_minus_G,KGE,11,02051500,0.052959978529501295
GT_minus_G,KGE,11,02070000,0.01776954862515301
GT_minus_G,KGE,11,01415000,-0.01364130268482544
GT_minus_G,KGE,11,03011800,0.044339393606134925
GT_minus_G,KGE,11,02014000,0.005714631082227584
GT_minus_G,KGE,11,02028500,0.011464889312786664
GT_minus_G,KGE,11,02056900,0.030371491732376743
GT_minus_G,KGE,11,01516500,-0.006355809848691774
GT_minus_G,KGE,11,03213700,-0.04317988056496436
GT_minus_G,KGE,11,01547700,-0.017871153040686094
GT_minus_G,KGE,11,01485500,-0.05591320271048883
GT_minus_G,KGE,11,01632900,0.0381718163255641
GT_minus_G,KGE,11,02027000,0.06757734924345038
GT_minus_G,KGE,11,01078000,0.013715730974274587
GT_minus_G,KGE,11,03049800,-0.08755577520797253
GT_minus_G,KGE,11,01606500,0.017305804070581687
GT_minus_G,KGE,11,02065500,0.03727907511201489
GT_minus_G,KGE,11,03164000,-0.07624834496874122
GT_minus_G,KGE,11,02137727,-0.23652244811378376
GT_minus_G,KGE,11,03498500,-0.1329575038017431
GT_minus_G,KGE,11,02069700,-0.012391559182649892
GT_minus_G,KGE,11,03463300,-0.053734458562743725
GT_minus_G,KGE,11,03173000,0.08352367044841269
GT_minus_G,KGE,11,01532000,-0.09658824889260731
GT_minus_G,KGE,11,03186500,0.014973235926458828
GT_minus_G,KGE,11,03488000,-0.022003242871285744
GT_minus_G,KGE,11,01557500,0.06559536583584724
GT_minus_G,KGE,11,01658500,-0.01344032949912044
GT_minus_G,KGE,11,01596500,0.43027979610144396
GT_minus_G,KGE,11,01644000,0.011520408452526887
GT_minus_G,KGE,11,04213000,0.028861316622123656
GT_minus_G,KGE,11,01487000,-0.0706725457896985
GT_minus_G,KGE,11,01669000,0.04429330740648929
GT_minus_G,KGE,11,01142500,0.08595752812298252
GT_minus_G,KGE,11,04105700,0.08581060729192647
GT_minus_G,KGE,11,01413500,-0.07834364547972428
GT_minus_G,KGE,11,01613050,-0.02034353391154542
GT_minus_G,KGE,11,03076600,0.5190934857788752
GT_minus_G,KGE,11,01423000,0.13193013851026647
GT_minus_G,KGE,11,01411300,0.03801373173359768
GT_minus_G,KGE,11,01139800,0.13116755604450203
GT_minus_G,KGE,11,01605500,0.12336491906068592
GT_minus_G,KGE,11,03066000,-0.0007010023457652004
GT_minus_G,KGE,11,03069500,-0.04592246478894324
GT_minus_G,KGE,11,03473000,-0.008543698146660561
GT_minus_G,KGE,11,02081500,0.003708664856833521
GT_minus_G,KGE,11,01634500,0.03431705865683987
GT_minus_G,KGE,11,01439500,-0.02361350086347047
GT_minus_G,KGE,11,03070500,-0.053675717653358435
GT_minus_G,KGE,11,02143040,-0.04715199640955914
GT_minus_G,KGE,11,01055000,0.042642083199438074
GT_minus_G,KGE,11,02112360,0.06610950790282066
GT_minus_G,KGE,11,01669520,-0.03170339952436274
GT_minus_G,KGE,11,03180500,0.10445186070497514
GT_minus_G,KGE,11,01638480,0.023095270679267865
GT_minus_G,KGE,11,02053200,0.03508983909077146
GT_minus_G,KGE,11,01169000,0.029268757466094142
GT_minus_G,KGE,11,01350140,-0.01812545637258589
GT_minus_G,KGE,11,01591400,0.017120229383890906
GT_minus_G,KGE,11,01586610,0.012778622915107452
GT_minus_G,KGE,11,01434025,-0.006548111724832051
GT_minus_G,KGE,11,03439000,-0.07343576174625344
GT_minus_G,KGE,11,02178400,-0.09283430079388089
GT_minus_G,KGE,11,01664000,0.05411210712411085
GT_minus_G,KGE,11,03015500,0.1220232256494782
GT_minus_G,KGE,11,04296000,0.04274945487947723
GT_minus_G,KGE,11,02112120,0.0365578173923391
GT_minus_G,KGE,11,02082950,0.04656815907307943
GT_minus_G,KGE,11,01639500,0.0125595448254181
GT_minus_G,KGE,11,01047000,0.1168376419363748
GT_minus_G,KGE,11,02074500,0.05525323590006359
GT_minus_G,KGE,11,01054200,-0.0033710523108616552
GT_minus_G,KGE,11,02177000,-0.020020963444513762
GT_minus_G,KGE,11,03500240,-0.573742955792083
GT_minus_G,KGE,11,04233000,-0.005401941023605139
GT_minus_G,KGE,11,03237280,0.03986070936041053
GT_minus_G,KGE,11,01548500,-0.1730127169666259
GT_minus_G,KGE,11,02125000,0.03468086429307404
GT_minus_G,KGE,11,03479000,0.026248063845640157
GT_minus_G,KGE,11,02118500,0.02018392032526861
GT_minus_G,KGE,11,01139000,-0.0628798698443036
GT_minus_G,KGE,11,01187300,-0.015032928217155073
GT_minus_G,KGE,11,03504000,-0.04539712652262762
GT_minus_G,KGE,11,02011400,0.10618766125235002
GT_minus_G,KGE,11,01568000,0.08194674360952603
GT_minus_G,KGE,11,01543500,-0.07527090871136388
GT_minus_G,KGE,11,01031500,-0.016816405087985986
GT_minus_G,KGE,11,01567500,-0.057292040322804993
GT_minus_G,KGE,11,02027500,-0.009547778364365156
GT_minus_G,KGE,11,03010655,0.1300039567208584
GT_minus_G,KGE,11,04216418,-0.6158033746446527
GT_minus_G,KGE,11,02152100,0.050471796632045374
GT_minus_G,KGE,11,01510000,-0.02131965668159863
GT_minus_G,KGE,11,03026500,-0.2005653879200937
GT_minus_G,KGE,11,02128000,0.036264677756291386
GT_minus_G,KGE,11,04256000,0.03244667206205698
GT_minus_G,KGE,11,01620500,0.22106485621237637
GT_minus_G,KGE,11,03455500,-0.03259729105888021
GT_minus_G,KGE,11,01451800,-0.23052368148208058
GT_minus_G,KGE,11,04185000,0.10691411998735556
GT_minus_G,KGE,11,02111180,-0.27116449420062116
GT_minus_G,KGE,11,01594950,0.3029914960189529
GT_minus_G,KGE,11,01580000,-0.04436371501266645
GT_minus_G,KGE,11,03050000,-0.057394927037049626
GT_minus_G,KGE,11,01632000,0.020738087228113322
GT_minus_G,KGE,11,04221000,0.08008511302380172
GT_minus_G,KGE,11,03021350,0.088430391903081
GT_minus_G,KGE,11,01583500,0.017414751822091734
GT_minus_G,KGE,11,02059500,0.043547876079342074
GT_minus_G,KGE,11,01666500,0.0694929250195907
GT_minus_G,KGE,11,03187500,-0.0016349191658643347
GT_minus_G,KGE,11,01181000,0.11160904391801829
GT_minus_G,KGE,11,01440400,0.05831007438154512
GT_minus_G,KGE,11,01435000,0.017274398257090207
GT_minus_G,KGE,11,01144000,0.15526003125022902
GT_minus_G,KGE,11,02011460,0.02457160628488464
GT_minus_G,KGE,11,02143000,0.00748961839120299
GT_minus_G,KGE,11,03140000,-0.024866547733679578
GT_minus_G,KGE,11,01440000,0.010353608332263398
GT_minus_G,KGE,11,01550000,-3.1465532364201527
GT_minus_G,KGE,11,02077200,-0.023266740740237712
GT_minus_G,KGE,11,03237500,0.02183197949475091
GT_minus_G,KGE,11,02018000,0.046608696642364444
GT_minus_G,KGE,11,02013000,-0.00829249487002992
GT_minus_G,KGE,11,03161000,-7.3730238613248815
GT_minus_G,KGE,11,04197170,-0.1854318417447295
GT_minus_G,KGE,11,03471500,0.005512273127325273
GT_minus_G,KGE,11,01137500,0.010403100885488348
GT_minus_G,KGE,11,01052500,-0.008241277200421893
GT_minus_G,KGE,11,02051000,0.04215048462249282
GT_minus_G,KGE,11,01057000,-0.02224206018278685
GT_minus_G,KGE,11,03144000,-0.05455396275916746
GT_minus_G,KGE,11,03078000,0.09775725638868105
GT_minus_G,KGE,11,03170000,0.038355019939771084
GT_minus_G,KGE,11,02038850,0.03013027878664598
GT_minus_G,KGE,11,03241500,0.019273487009583756
GT_minus_G,KGE,11,02064000,0.053446573769047934
GT_minus_G,KGE,11,02096846,0.04194290912087206
GT_minus_G,KGE,11,02055100,0.06649854289544477
GT_minus_G,KGE,11,04213075,-1.275080825366198
GT_minus_G,KGE,11,01333000,0.03102902378095629
GT_minus_G,KGE,11,01552500,-0.08663421024766849
GT_minus_G,KGE,11,04115265,0.01024512018417112
GT_minus_G,KGE,11,03500000,-0.11437923310208997
GT_minus_G,KGE,11,01544500,-0.004837294899205591
GT_minus_G,KGE,11,02149000,0.0665535822646065
GT_minus_G,KGE,11,01552000,-0.8469609105601146
GT_minus_G,KGE,11,03159540,0.005159842760640854
GT_minus_G,KGE,11,01414500,-0.016145033215841487
GT_minus_G,KGE,11,01542810,-4.996301215998491
GT_minus_G,KGE,11,01667500,0.05100852970128511
GT_minus_G,KGE,13,03456500,0.28599935291734857
GT_minus_G,KGE,13,03182500,0.5190327480725255
GT_minus_G,KGE,13,01539000,0.20081960296089907
GT_minus_G,KGE,13,01350000,-0.07026516179604647
GT_minus_G,KGE,13,03238500,0.024679763589980364
GT_minus_G,KGE,13,01030500,0.13645450084457167
GT_minus_G,KGE,13,01365000,0.002134719840476862
GT_minus_G,KGE,13,03460000,1.6751200276418161
GT_minus_G,KGE,13,02046000,0.038137555386645317
GT_minus_G,KGE,13,03028000,0.18129273945809865
GT_minus_G,KGE,13,01350080,0.08359977496627202
GT_minus_G,KGE,13,01484100,-0.012746962087470948
GT_minus_G,KGE,13,02015700,0.020373909149290492
GT_minus_G,KGE,13,04224775,0.10552692104865469
GT_minus_G,KGE,13,01466500,0.002583794658406857
GT_minus_G,KGE,13,02016000,0.08471718248796312
GT_minus_G,KGE,13,01134500,0.07402771069203751
GT_minus_G,KGE,13,01518862,-0.0556684889353114
GT_minus_G,KGE,13,01545600,-0.17724105703362436
GT_minus_G,KGE,13,04197100,0.12072401432339974
GT_minus_G,KGE,13,01549500,-0.3385045076972254
GT_minus_G,KGE,13,02140991,-0.2176195777463148
GT_minus_G,KGE,13,03049000,0.03191605488270821
GT_minus_G,KGE,13,02111500,0.019962155249711566
GT_minus_G,KGE,13,03450000,0.6859147426588046
GT_minus_G,KGE,13,04122200,-0.03196867019906824
GT_minus_G,KGE,13,02053800,-0.01274237281714996
GT_minus_G,KGE,13,04196800,0.2812980547246713
GT_minus_G,KGE,13,02017500,-0.013222110363764306
GT_minus_G,KGE,13,03165000,0.13469213503769362
GT_minus_G,KGE,13,01543000,0.05663557641113304
GT_minus_G,KGE,13,01491000,-0.01136497910852241
GT_minus_G,KGE,13,02051500,-0.02046011270228465
GT_minus_G,KGE,13,02070000,-0.011143022231705713
GT_minus_G,KGE,13,01415000,0.06708660605207761
GT_minus_G,KGE,13,03011800,0.06661814671217825
GT_minus_G,KGE,13,02014000,-0.016628864788044706
GT_minus_G,KGE,13,02028500,0.0772754345124872
GT_minus_G,KGE,13,02056900,-0.016310310104213133
GT_minus_G,KGE,13,01516500,0.002937582286970719
GT_minus_G,KGE,13,03213700,-0.1028958716356636
GT_minus_G,KGE,13,01547700,0.054740274251826704
GT_minus_G,KGE,13,01485500,-0.014785561753588583
GT_minus_G,KGE,13,01632900,-0.03601150669471842
GT_minus_G,KGE,13,02027000,0.005320216316653026
GT_minus_G,KGE,13,01078000,0.0012799782845287488
GT_minus_G,KGE,13,03049800,0.23815815799500872
GT_minus_G,KGE,13,01606500,0.001252696714906465
GT_minus_G,KGE,13,02065500,0.018215130863186935
GT_minus_G,KGE,13,03164000,-0.03466947667998743
GT_minus_G,KGE,13,02137727,0.13448914255138078
GT_minus_G,KGE,13,03498500,-0.025779964206618877
GT_minus_G,KGE,13,02069700,0.012006142259533004
GT_minus_G,KGE,13,03463300,-0.0360566865011297
GT_minus_G,KGE,13,03173000,-0.029923556222912318
GT_minus_G,KGE,13,01532000,-0.13906748446324602
GT_minus_G,KGE,13,03186500,0.034198835239170444
GT_minus_G,KGE,13,03488000,-0.034895729681209686
GT_minus_G,KGE,13,01557500,0.24109764918689147
GT_minus_G,KGE,13,01658500,0.008807082900868735
GT_minus_G,KGE,13,01596500,0.32046124294737033
GT_minus_G,KGE,13,01644000,-0.1400049565765683
GT_minus_G,KGE,13,04213000,0.2912686395417686
GT_minus_G,KGE,13,01487000,-0.01837848318855273
GT_minus_G,KGE,13,01669000,0.03463745167048704
GT_minus_G,KGE,13,01142500,-0.04403419744952364
GT_minus_G,KGE,13,04105700,0.13459804438002865
GT_minus_G,KGE,13,01413500,0.0022292951154877505
GT_minus_G,KGE,13,01613050,-0.06482616476662961
GT_minus_G,KGE,13,03076600,0.03618269569319954
GT_minus_G,KGE,13,01423000,-0.0056650525543321395
GT_minus_G,KGE,13,01411300,-0.002104557572060739
GT_minus_G,KGE,13,01139800,0.056853379822090044
GT_minus_G,KGE,13,01605500,0.022112587395056504
GT_minus_G,KGE,13,03066000,-0.031493400041409214
GT_minus_G,KGE,13,03069500,0.0203768813820292
GT_minus_G,KGE,13,03473000,0.006773084145258457
GT_minus_G,KGE,13,02081500,-0.05225059156574052
GT_minus_G,KGE,13,01634500,-0.03705709208132235
GT_minus_G,KGE,13,01439500,-0.033832385978557866
GT_minus_G,KGE,13,03070500,-0.031006607283248222
GT_minus_G,KGE,13,02143040,-0.017144906041593022
GT_minus_G,KGE,13,01055000,-0.04582845978351768
GT_minus_G,KGE,13,02112360,-0.02019528573386653
GT_minus_G,KGE,13,01669520,0.022415088456468224
GT_minus_G,KGE,13,03180500,0.0664633383532347
GT_minus_G,KGE,13,01638480,-0.03384226254681144
GT_minus_G,KGE,13,02053200,0.11718440702128052
GT_minus_G,KGE,13,01169000,-0.04303856322528843
GT_minus_G,KGE,13,01350140,0.12836261618862843
GT_minus_G,KGE,13,01591400,-0.013317175422370209
GT_minus_G,KGE,13,01586610,-0.008650337228472416
GT_minus_G,KGE,13,01434025,-0.010097402134052524
GT_minus_G,KGE,13,03439000,0.06153846148077302
GT_minus_G,KGE,13,02178400,0.0705567307517655
GT_minus_G,KGE,13,01664000,-0.028103529311273134
GT_minus_G,KGE,13,03015500,0.11816305279127981
GT_minus_G,KGE,13,04296000,0.04727878388831708
GT_minus_G,KGE,13,02112120,-0.011699329286078197
GT_minus_G,KGE,13,02082950,-0.013686616253629436
GT_minus_G,KGE,13,01639500,-0.04532500469878564
GT_minus_G,KGE,13,01047000,-0.030200180691799194
GT_minus_G,KGE,13,02074500,-0.005586333688784917
GT_minus_G,KGE,13,01054200,-0.032581731881934584
GT_minus_G,KGE,13,02177000,0.08473422020065513
GT_minus_G,KGE,13,03500240,0.46697780522126564
GT_minus_G,KGE,13,04233000,0.0701764112000014
GT_minus_G,KGE,13,03237280,0.010568859843456901
GT_minus_G,KGE,13,01548500,-0.42969276314889127
GT_minus_G,KGE,13,02125000,-0.02985977688914143
GT_minus_G,KGE,13,03479000,0.12176016446897309
GT_minus_G,KGE,13,02118500,-0.007398107253654529
GT_minus_G,KGE,13,01139000,0.14118443319301055
GT_minus_G,KGE,13,01187300,-0.00449741872418441
GT_minus_G,KGE,13,03504000,-0.007314074088105471
GT_minus_G,KGE,13,02011400,-0.009948838180332764
GT_minus_G,KGE,13,01568000,0.08029688724268613
GT_minus_G,KGE,13,01543500,-0.7784805265795556
GT_minus_G,KGE,13,01031500,-0.00825735299740582
GT_minus_G,KGE,13,01567500,-0.028278389617777844
GT_minus_G,KGE,13,02027500,0.17592447203196382
GT_minus_G,KGE,13,03010655,0.5669875622879275
GT_minus_G,KGE,13,04216418,6.5402476499791575
GT_minus_G,KGE,13,02152100,-0.007881417060135676
GT_minus_G,KGE,13,01510000,-0.0329049057541585
GT_minus_G,KGE,13,03026500,0.26861822746920216
GT_minus_G,KGE,13,02128000,0.05552660717587388
GT_minus_G,KGE,13,04256000,-0.03598446074432149
GT_minus_G,KGE,13,01620500,0.1778913330335331
GT_minus_G,KGE,13,03455500,0.017387798454252756
GT_minus_G,KGE,13,01451800,0.2545569883751556
GT_minus_G,KGE,13,04185000,-0.04223718042147284
GT_minus_G,KGE,13,02111180,0.05273205603647346
GT_minus_G,KGE,13,01594950,0.24019014667691974
GT_minus_G,KGE,13,01580000,-0.07633299552388406
GT_minus_G,KGE,13,03050000,-0.009857734587588318
GT_minus_G,KGE,13,01632000,0.029948568884810345
GT_minus_G,KGE,13,04221000,0.11295816464708197
GT_minus_G,KGE,13,03021350,0.03085843142573519
GT_minus_G,KGE,13,01583500,-0.04338692987732429
GT_minus_G,KGE,13,02059500,-0.03974678697654155
GT_minus_G,KGE,13,01666500,-0.05021869230362341
GT_minus_G,KGE,13,03187500,0.024179889826283718
GT_minus_G,KGE,13,01181000,-0.0025157338516710315
GT_minus_G,KGE,13,01440400,-0.009846810688888707
GT_minus_G,KGE,13,01435000,-0.009735265567826001
GT_minus_G,KGE,13,01144000,0.0841466816675921
GT_minus_G,KGE,13,02011460,0.10689756279096485
GT_minus_G,KGE,13,02143000,-0.007851695958629779
GT_minus_G,KGE,13,03140000,0.0781277285382721
GT_minus_G,KGE,13,01440000,0.06733010008302598
GT_minus_G,KGE,13,01550000,-2.9962896301613196
GT_minus_G,KGE,13,02077200,0.026252437318437405
GT_minus_G,KGE,13,03237500,-0.03545338888084604
GT_minus_G,KGE,13,02018000,-0.03328098213479036
GT_minus_G,KGE,13,02013000,-0.023596506812854634
GT_minus_G,KGE,13,03161000,1.1566777524630183
GT_minus_G,KGE,13,04197170,0.08438191369949366
GT_minus_G,KGE,13,03471500,-0.009758448882811077
GT_minus_G,KGE,13,01137500,-0.03743235507252962
GT_minus_G,KGE,13,01052500,-0.0643931235090025
GT_minus_G,KGE,13,02051000,0.01597747600910293
GT_minus_G,KGE,13,01057000,-0.10510053003946285
GT_minus_G,KGE,13,03144000,0.048461802647274066
GT_minus_G,KGE,13,03078000,0.039040759770361144
GT_minus_G,KGE,13,03170000,-0.024916355135712664
GT_minus_G,KGE,13,02038850,0.02252878621537535
GT_minus_G,KGE,13,03241500,0.07356108109114023
GT_minus_G,KGE,13,02064000,-0.0013644882320937857
GT_minus_G,KGE,13,02096846,0.0071178351418199615
GT_minus_G,KGE,13,02055100,0.006137315676689736
GT_minus_G,KGE,13,04213075,0.20868925296139373
GT_minus_G,KGE,13,01333000,-0.03475488158436124
GT_minus_G,KGE,13,01552500,0.09951753457415224
GT_minus_G,KGE,13,04115265,-0.012997307458555984
GT_minus_G,KGE,13,03500000,0.17955727199093352
GT_minus_G,KGE,13,01544500,-0.03977351769576587
GT_minus_G,KGE,13,02149000,0.0004826044264293339
GT_minus_G,KGE,13,01552000,-2.4631029986424453
GT_minus_G,KGE,13,03159540,0.013305763460287445
GT_minus_G,KGE,13,01414500,-0.01383033819427626
GT_minus_G,KGE,13,01542810,-1.3985557333828673
GT_minus_G,KGE,13,01667500,0.009194617610893463
GT_minus_G,logNSE,17,03456500,-0.017078490428434456
GT_minus_G,logNSE,17,01539000,0.0053405974497502395
GT_minus_G,logNSE,17,01350000,-0.02980121276970049
GT_minus_G,logNSE,17,01030500,0.05661511807043973
GT_minus_G,logNSE,17,01365000,0.045199012749750134
GT_minus_G,logNSE,17,03460000,0.041132337965191446
GT_minus_G,logNSE,17,03028000,-0.013975285949928917
GT_minus_G,logNSE,17,01350080,-0.024771631671026695
GT_minus_G,logNSE,17,01134500,-0.014388855991638194
GT_minus_G,logNSE,17,01543000,0.004298486912125865
GT_minus_G,logNSE,17,01415000,0.039332701963648575
GT_minus_G,logNSE,17,03011800,-0.0006489497271325861
GT_minus_G,logNSE,17,01078000,-0.02829169495867012
GT_minus_G,logNSE,17,03463300,-0.00514136547416344
GT_minus_G,logNSE,17,03186500,-0.02712381034983169
GT_minus_G,logNSE,17,04213000,0.09713897071498456
GT_minus_G,logNSE,17,01142500,0.007250690205796051
GT_minus_G,logNSE,17,01413500,-0.0440029821603406
GT_minus_G,logNSE,17,03076600,-0.033208023773231066
GT_minus_G,logNSE,17,01423000,0.06363288167397396
GT_minus_G,logNSE,17,01139800,-0.09844365255571563
GT_minus_G,logNSE,17,03066000,0.0029975461657588687
GT_minus_G,logNSE,17,03069500,0.01708948752222028
GT_minus_G,logNSE,17,01439500,-0.03919921401673088
GT_minus_G,logNSE,17,03070500,-0.006591674659871427
GT_minus_G,logNSE,17,01055000,0.015411514422375427
GT_minus_G,logNSE,17,03180500,0.03482971502303278
GT_minus_G,logNSE,17,01169000,-0.0238971517145965
GT_minus_G,logNSE,17,01350140,0.02199415354554002
GT_minus_G,logNSE,17,01434025,-0.0009532454065628304
GT_minus_G,logNSE,17,03439000,-0.06581926971760754
GT_minus_G,logNSE,17,02178400,-0.04671650811584083
GT_minus_G,logNSE,17,03015500,0.01238835365912716
GT_minus_G,logNSE,17,04296000,-0.01100213597556321
GT_minus_G,logNSE,17,01047000,0.027977031221523396
GT_minus_G,logNSE,17,01054200,0.012112715925178819
GT_minus_G,logNSE,17,02177000,0.013128902831881506
GT_minus_G,logNSE,17,03500240,-0.07255156376400196
GT_minus_G,logNSE,17,01139000,-0.04517378560080654
GT_minus_G,logNSE,17,01187300,-0.060306592265773507
GT_minus_G,logNSE,17,03504000,-0.09078951716985739
GT_minus_G,logNSE,17,01543500,-0.018591170741329877
GT_minus_G,logNSE,17,01031500,-0.03156247862065298
GT_minus_G,logNSE,17,01510000,-0.02696252126037324
GT_minus_G,logNSE,17,03026500,-0.018248549330410868
GT_minus_G,logNSE,17,04256000,0.006570931000045022
GT_minus_G,logNSE,17,03455500,0.07575154576888798
GT_minus_G,logNSE,17,01451800,-0.009663306487736611
GT_minus_G,logNSE,17,01594950,-0.0052434317969471955
GT_minus_G,logNSE,17,03050000,0.03577130023035835
GT_minus_G,logNSE,17,03021350,-0.028267099837509302
GT_minus_G,logNSE,17,03187500,0.030125927602984715
GT_minus_G,logNSE,17,01181000,-0.030133959521065234
GT_minus_G,logNSE,17,01440400,-0.021677674887361276
GT_minus_G,logNSE,17,01435000,-0.01549448809547771
GT_minus_G,logNSE,17,01144000,-0.03442018706619243
GT_minus_G,logNSE,17,01440000,0.0006918846337888862
GT_minus_G,logNSE,17,01137500,-0.013088834159469709
GT_minus_G,logNSE,17,01052500,-0.014573261682106153
GT_minus_G,logNSE,17,01057000,-0.032680129552824955
GT_minus_G,logNSE,17,03078000,-0.02837855183640947
GT_minus_G,logNSE,17,04213075,-0.09654654326448198
GT_minus_G,logNSE,17,01333000,0.011626451245163927
GT_minus_G,logNSE,17,01552500,-0.013206751909559888
GT_minus_G,logNSE,17,03500000,-0.035751451101159515
GT_minus_G,logNSE,17,01552000,0.01729000723357732
GT_minus_G,logNSE,17,01414500,-0.009909691545332389
GT_minus_G,logNSE,11,03456500,-0.15636714725112733
GT_minus_G,logNSE,11,01539000,0.00717873325731011
GT_minus_G,logNSE,11,01350000,-7.880128131054764e-05
GT_minus_G,logNSE,11,01030500,-0.0016555812563815442
GT_minus_G,logNSE,11,01365000,-0.02001823164202743
GT_minus_G,logNSE,11,03460000,-0.019533694059435724
GT_minus_G,logNSE,11,03028000,0.0618380048322964
GT_minus_G,logNSE,11,01350080,0.003905637572745979
GT_minus_G,logNSE,11,01134500,-0.016333374773793152
GT_minus_G,logNSE,11,01543000,-0.0045553402451865566
GT_minus_G,logNSE,11,01415000,-0.01718349005639208
GT_minus_G,logNSE,11,03011800,0.010588929790495527
GT_minus_G,logNSE,11,01078000,0.04127398859921205
GT_minus_G,logNSE,11,03463300,-0.1138630019148762
GT_minus_G,logNSE,11,03186500,0.003033713311771491
GT_minus_G,logNSE,11,04213000,0.011663033831609382
GT_minus_G,logNSE,11,01142500,0.04054904453322539
GT_minus_G,logNSE,11,01413500,-0.005502561108826742
GT_minus_G,logNSE,11,03076600,0.0036720710546760404
GT_minus_G,logNSE,11,01423000,0.008160060264470248
GT_minus_G,logNSE,11,01139800,-0.040903312291661775
GT_minus_G,logNSE,11,03066000,0.0009567282716598235
GT_minus_G,logNSE,11,03069500,-0.03402807697235988
GT_minus_G,logNSE,11,01439500,0.04642031596876017
GT_minus_G,logNSE,11,03070500,0.019646671642766234
GT_minus_G,logNSE,11,01055000,0.00036919541997293415
GT_minus_G,logNSE,11,03180500,-0.039113576755862134
GT_minus_G,logNSE,11,01169000,0.051120218318639
GT_minus_G,logNSE,11,01350140,0.034473801277072225
GT_minus_G,logNSE,11,01434025,0.062090334096055244
GT_minus_G,logNSE,11,03439000,-0.01670705419976204
GT_minus_G,logNSE,11,02178400,-0.043593064772469936
GT_minus_G,logNSE,11,03015500,0.009118139349068244
GT_minus_G,logNSE,11,04296000,0.02203429681561464
GT_minus_G,logNSE,11,01047000,0.029331088979242637
GT_minus_G,logNSE,11,01054200,-0.017962123576840905
GT_minus_G,logNSE,11,02177000,0.03991033390108856
GT_minus_G,logNSE,11,03500240,-0.01585965323886307
GT_minus_G,logNSE,11,01139000,-0.022151019750189627
GT_minus_G,logNSE,11,01187300,-0.03259512353157523
GT_minus_G,logNSE,11,03504000,-0.04149725879386501
GT_minus_G,logNSE,11,01543500,-0.0002886650369218202
GT_minus_G,logNSE,11,01031500,-0.00019618022973100224
GT_minus_G,logNSE,11,01510000,-0.0032066851791169304
GT_minus_G,logNSE,11,03026500,0.024672616967561956
GT_minus_G,logNSE,11,04256000,0.01579978321523301
GT_minus_G,logNSE,11,03455500,-0.011226511547225648
GT_minus_G,logNSE,11,01451800,-0.018273091167966937
GT_minus_G,logNSE,11,01594950,-0.026963774547896113
GT_minus_G,logNSE,11,03050000,-0.049620976862431165
GT_minus_G,logNSE,11,03021350,-0.031340942371484104
GT_minus_G,logNSE,11,03187500,0.016478727386661673
GT_minus_G,logNSE,11,01181000,0.0009234687732350144
GT_minus_G,logNSE,11,01440400,0.040564078946885185
GT_minus_G,logNSE,11,01435000,0.03761877271560643
GT_minus_G,logNSE,11,01144000,0.09532977886040062
GT_minus_G,logNSE,11,01440000,0.00836268962759823
GT_minus_G,logNSE,11,01137500,0.014445280514220782
GT_minus_G,logNSE,11,01052500,-0.011903708663820178
GT_minus_G,logNSE,11,01057000,0.026715842626642505
GT_minus_G,logNSE,11,03078000,0.014161679858853526
GT_minus_G,logNSE,11,04213075,0.2225139801646846
GT_minus_G,logNSE,11,01333000,0.034437636494817125
GT_minus_G,logNSE,11,01552500,-0.0038310789824451685
GT_minus_G,logNSE,11,03500000,-0.0050279175110301555
GT_minus_G,logNSE,11,01552000,0.023607127452207832
GT_minus_G,logNSE,11,01414500,0.04266203307994265
GT_minus_G,logNSE,13,03456500,0.07985106757684446
GT_minus_G,logNSE,13,01539000,-0.009092837356548866
GT_minus_G,logNSE,13,01350000,-0.013981207363121029
GT_minus_G,logNSE,13,01030500,-0.023930752106382958
GT_minus_G,logNSE,13,01365000,0.0581071754356115
GT_minus_G,logNSE,13,03460000,-0.049301384328894304
GT_minus_G,logNSE,13,03028000,0.013267894193299878
GT_minus_G,logNSE,13,01350080,-0.021976969915476596
GT_minus_G,logNSE,13,01134500,0.06299206404904012
GT_minus_G,logNSE,13,01543000,-0.005919236489880131
GT_minus_G,logNSE,13,01415000,-0.004885324807437641
GT_minus_G,logNSE,13,03011800,-0.007421885878913237
GT_minus_G,logNSE,13,01078000,0.03448531757532214
GT_minus_G,logNSE,13,03463300,-0.04872794634171962
GT_minus_G,logNSE,13,03186500,-0.017787515154110034
GT_minus_G,logNSE,13,04213000,0.025763344404654
GT_minus_G,logNSE,13,01142500,-0.010512182913318457
GT_minus_G,logNSE,13,01413500,-0.017417981098804325
GT_minus_G,logNSE,13,03076600,-0.010254101576804953
GT_minus_G,logNSE,13,01423000,0.027627346642992934
GT_minus_G,logNSE,13,01139800,0.012687832183296943
GT_minus_G,logNSE,13,03066000,-0.014523435043117372
GT_minus_G,logNSE,13,03069500,-0.004470050886283272
GT_minus_G,logNSE,13,01439500,0.02178037764306362
GT_minus_G,logNSE,13,03070500,-0.011244739198876474
GT_minus_G,logNSE,13,01055000,-0.021547313071106133
GT_minus_G,logNSE,13,03180500,0.0016923159143383826
GT_minus_G,logNSE,13,01169000,0.0314291583741948
GT_minus_G,logNSE,13,01350140,-0.008162950744366015
GT_minus_G,logNSE,13,01434025,-0.000672426968175377
GT_minus_G,logNSE,13,03439000,-0.010084143252842792
GT_minus_G,logNSE,13,02178400,0.052805658217558005
GT_minus_G,logNSE,13,03015500,0.023928022093131385
GT_minus_G,logNSE,13,04296000,0.007741821295475404
GT_minus_G,logNSE,13,01047000,0.024532698472809256
GT_minus_G,logNSE,13,01054200,0.0007299917296483827
GT_minus_G,logNSE,13,02177000,0.028564059361325556
GT_minus_G,logNSE,13,03500240,0.08327717453355976
GT_minus_G,logNSE,13,01139000,0.01984536718966634
GT_minus_G,logNSE,13,01187300,-0.04351534567936033
GT_minus_G,logNSE,13,03504000,0.02516386787882663
GT_minus_G,logNSE,13,01543500,0.017931025518430954
GT_minus_G,logNSE,13,01031500,0.02968761494625405
GT_minus_G,logNSE,13,01510000,0.0007896880757936042
GT_minus_G,logNSE,13,03026500,-0.0059670560543968465
GT_minus_G,logNSE,13,04256000,0.0033287221210909212
GT_minus_G,logNSE,13,03455500,-0.027163546636472025
GT_minus_G,logNSE,13,01451800,-0.05959386670659694
GT_minus_G,logNSE,13,01594950,-0.01674740748819248
GT_minus_G,logNSE,13,03050000,-0.03909295929452594
GT_minus_G,logNSE,13,03021350,0.008230587093305264
GT_minus_G,logNSE,13,03187500,0.0021262796181585886
GT_minus_G,logNSE,13,01181000,0.026764352706255434
GT_minus_G,logNSE,13,01440400,-0.018307522098119033
GT_minus_G,logNSE,13,01435000,0.040170965479521814
GT_minus_G,logNSE,13,01144000,0.042995889453581904
GT_minus_G,logNSE,13,01440000,0.03213322155022302
GT_minus_G,logNSE,13,01137500,-0.06244523320513662
GT_minus_G,logNSE,13,01052500,0.0024053688611986868
GT_minus_G,logNSE,13,01057000,0.03035917701806523
GT_minus_G,logNSE,13,03078000,-0.010141144754185483
GT_minus_G,logNSE,13,04213075,-0.06962635131182526
GT_minus_G,logNSE,13,01333000,0.052955525363236666
GT_minus_G,logNSE,13,01552500,-0.03287147002801272
GT_minus_G,logNSE,13,03500000,0.019283676613876755
GT_minus_G,logNSE,13,01552000,-0.022757758388797233
GT_minus_G,logNSE,13,01414500,0.011169995586114756
GM_minus_G,NSE,17,03456500,0.035677834597256375
GM_minus_G,NSE,17,03182500,-0.0001705207007758336
GM_minus_G,NSE,17,01539000,0.011609212740609665
GM_minus_G,NSE,17,01350000,0.044806312527892134
GM_minus_G,NSE,17,03238500,-0.00196607152479622
GM_minus_G,NSE,17,01030500,-0.008364943528593738
GM_minus_G,NSE,17,01365000,0.043405050897334374
GM_minus_G,NSE,17,03460000,-0.18183024971601414
GM_minus_G,NSE,17,02046000,0.029579188939718226
GM_minus_G,NSE,17,03028000,-0.017432727490973576
GM_minus_G,NSE,17,01350080,0.03153690674528542
GM_minus_G,NSE,17,01484100,0.022751146834807834
GM_minus_G,NSE,17,02015700,-0.020809554150213683
GM_minus_G,NSE,17,04224775,-0.04027857591002448
GM_minus_G,NSE,17,01466500,-0.6235017130393423
GM_minus_G,NSE,17,02016000,0.042711572582336155
GM_minus_G,NSE,17,01134500,0.008887081380879125
GM_minus_G,NSE,17,01518862,-0.014503770407712224
GM_minus_G,NSE,17,01545600,0.012302607630385487
GM_minus_G,NSE,17,04197100,-0.024303941952425134
GM_minus_G,NSE,17,01549500,-0.0029875113550965615
GM_minus_G,NSE,17,02140991,-0.03130317294651663
GM_minus_G,NSE,17,03049000,0.013476232181131698
GM_minus_G,NSE,17,02111500,0.1516120178471586
GM_minus_G,NSE,17,03450000,-0.012076595224557618
GM_minus_G,NSE,17,04122200,-0.1715095855948896
GM_minus_G,NSE,17,02053800,-0.03433471972444635
GM_minus_G,NSE,17,04196800,-0.014828667417774444
GM_minus_G,NSE,17,02017500,0.0054344587600558825
GM_minus_G,NSE,17,03165000,-0.094616369674414
GM_minus_G,NSE,17,01543000,-0.000810100649574319
GM_minus_G,NSE,17,01491000,0.007492384934535856
GM_minus_G,NSE,17,02051500,-0.04200248918688243
GM_minus_G,NSE,17,02070000,0.06375901288684083
GM_minus_G,NSE,17,01415000,0.02271944303297191
GM_minus_G,NSE,17,03011800,-0.034622721828177605
GM_minus_G,NSE,17,02014000,-0.01399786049644336
GM_minus_G,NSE,17,02028500,-0.04977983880267689
GM_minus_G,NSE,17,02056900,0.06909000597816672
GM_minus_G,NSE,17,01516500,0.04172280413153617
GM_minus_G,NSE,17,03213700,-0.002794331434598729
GM_minus_G,NSE,17,01547700,0.0023700514642366333
GM_minus_G,NSE,17,01485500,0.007685266439378835
GM_minus_G,NSE,17,01632900,-0.1708975208975212
GM_minus_G,NSE,17,02027000,-0.00020452183689434467
GM_minus_G,NSE,17,01078000,0.002608187668404427
GM_minus_G,NSE,17,03049800,-0.07575656996240365
GM_minus_G,NSE,17,01606500,0.0386116971592424
GM_minus_G,NSE,17,02065500,0.09339752800450929
GM_minus_G,NSE,17,03164000,0.08517708401311297
GM_minus_G,NSE,17,02137727,-0.005001037365691796
GM_minus_G,NSE,17,03498500,-0.000804652798322536
GM_minus_G,NSE,17,02069700,0.19314072147112615
GM_minus_G,NSE,17,03463300,0.023759459945522754
GM_minus_G,NSE,17,03173000,-0.07443096897554602
GM_minus_G,NSE,17,01532000,0.01391086290371657
GM_minus_G,NSE,17,03186500,0.03546079699221372
GM_minus_G,NSE,17,03488000,-0.12520451385208098
GM_minus_G,NSE,17,01557500,0.024327547715643938
GM_minus_G,NSE,17,01658500,-0.008132856550238987
GM_minus_G,NSE,17,01596500,-0.04796834373807102
GM_minus_G,NSE,17,01644000,0.028898648463367427
GM_minus_G,NSE,17,04213000,0.0035042754747101057
GM_minus_G,NSE,17,01487000,-0.03134851825590812
GM_minus_G,NSE,17,01669000,-0.06247141407970813
GM_minus_G,NSE,17,01142500,0.06432216416152903
GM_minus_G,NSE,17,04105700,0.5056752550793272
GM_minus_G,NSE,17,01413500,-0.01865486417331319
GM_minus_G,NSE,17,01613050,-0.033278513576300406
GM_minus_G,NSE,17,03076600,-0.025145303656904705
GM_minus_G,NSE,17,01423000,0.011092744034694069
GM_minus_G,NSE,17,01411300,0.047679919864581866
GM_minus_G,NSE,17,01139800,-0.1789032613868745
GM_minus_G,NSE,17,01605500,-0.0381870659493424
GM_minus_G,NSE,17,03066000,-0.03381312714872353
GM_minus_G,NSE,17,03069500,0.027031305054963206
GM_minus_G,NSE,17,03473000,-0.02930648143489334
GM_minus_G,NSE,17,02081500,0.03997968692466458
GM_minus_G,NSE,17,01634500,-0.01879038379428799
GM_minus_G,NSE,17,01439500,0.06662837449224213
GM_minus_G,NSE,17,03070500,0.008476260466043328
GM_minus_G,NSE,17,02143040,-0.008660635623539359
GM_minus_G,NSE,17,01055000,-0.02333490383794934
GM_minus_G,NSE,17,02112360,0.1406986594216767
GM_minus_G,NSE,17,01669520,0.04081253688928099
GM_minus_G,NSE,17,03180500,-0.01495242819331366
GM_minus_G,NSE,17,01638480,0.04885718640143455
GM_minus_G,NSE,17,02053200,0.10358018559070126
GM_minus_G,NSE,17,01169000,0.040059349886786055
GM_minus_G,NSE,17,01350140,0.03621437814362516
GM_minus_G,NSE,17,01591400,-0.0012503418732309202
GM_minus_G,NSE,17,01586610,0.05405700249660317
GM_minus_G,NSE,17,01434025,-0.053289503806559946
GM_minus_G,NSE,17,03439000,-0.01827237334306997
GM_minus_G,NSE,17,02178400,-0.004625635720987842
GM_minus_G,NSE,17,01664000,0.05609524336782745
GM_minus_G,NSE,17,03015500,0.002580992828475903
GM_minus_G,NSE,17,04296000,-0.010453261659364443
GM_minus_G,NSE,17,02112120,0.23543671989047144
GM_minus_G,NSE,17,02082950,0.09689548646555102
GM_minus_G,NSE,17,01639500,0.08771959169404464
GM_minus_G,NSE,17,01047000,0.037028536164941395
GM_minus_G,NSE,17,02074500,-0.004846651509376021
GM_minus_G,NSE,17,01054200,0.028807837184609886
GM_minus_G,NSE,17,02177000,0.05244377395758326
GM_minus_G,NSE,17,03500240,-0.05349482990710852
GM_minus_G,NSE,17,04233000,0.030287686654858814
GM_minus_G,NSE,17,03237280,-0.03579950406736243
GM_minus_G,NSE,17,01548500,0.007169862318042952
GM_minus_G,NSE,17,02125000,-0.03345533241533505
GM_minus_G,NSE,17,03479000,-0.019001590107493915
GM_minus_G,NSE,17,02118500,0.022229964981529404
GM_minus_G,NSE,17,01139000,0.031251203033829555
GM_minus_G,NSE,17,01187300,0.037379211309421345
GM_minus_G,NSE,17,03504000,-0.047121715714001144
GM_minus_G,NSE,17,02011400,-0.09002649847137811
GM_minus_G,NSE,17,01568000,-0.0012578801388024585
GM_minus_G,NSE,17,01543500,-0.006855109777986534
GM_minus_G,NSE,17,01031500,0.04088611104112694
GM_minus_G,NSE,17,01567500,-0.0543722072141114
GM_minus_G,NSE,17,02027500,0.02416215951717582
GM_minus_G,NSE,17,03010655,-0.05209720787094618
GM_minus_G,NSE,17,04216418,-0.04934139994420228
GM_minus_G,NSE,17,02152100,0.009085704282049911
GM_minus_G,NSE,17,01510000,-0.0059219276829654
GM_minus_G,NSE,17,03026500,-0.042339450335388995
GM_minus_G,NSE,17,02128000,0.02447442748026052
GM_minus_G,NSE,17,04256000,-0.022194045099859783
GM_minus_G,NSE,17,01620500,-0.05600654772330105
GM_minus_G,NSE,17,03455500,-0.022817351719864654
GM_minus_G,NSE,17,01451800,0.035522064328783576
GM_minus_G,NSE,17,04185000,-0.12422224353796696
GM_minus_G,NSE,17,02111180,0.01810543159304523
GM_minus_G,NSE,17,01594950,0.002687368585931882
GM_minus_G,NSE,17,01580000,0.02836163324348684
GM_minus_G,NSE,17,03050000,0.016881222089596637
GM_minus_G,NSE,17,01632000,0.012956475048239269
GM_minus_G,NSE,17,04221000,-0.045903922564829
GM_minus_G,NSE,17,03021350,0.005345237216343723
GM_minus_G,NSE,17,01583500,0.09750465587777724
GM_minus_G,NSE,17,02059500,-0.06068803463427297
GM_minus_G,NSE,17,01666500,0.19150274723296412
GM_minus_G,NSE,17,03187500,-0.04830491801641357
GM_minus_G,NSE,17,01181000,0.04373323736577861
GM_minus_G,NSE,17,01440400,0.07657873359240941
GM_minus_G,NSE,17,01435000,0.03693565953883737
GM_minus_G,NSE,17,01144000,-0.018524956843407714
GM_minus_G,NSE,17,02011460,-0.11889785840875433
GM_minus_G,NSE,17,02143000,-0.008570967152292441
GM_minus_G,NSE,17,03140000,-0.025137404288080756
GM_minus_G,NSE,17,01440000,0.05741778402280351
GM_minus_G,NSE,17,01550000,-0.04798056516680327
GM_minus_G,NSE,17,02077200,-0.0172345722190288
GM_minus_G,NSE,17,03237500,-0.008619947780065695
GM_minus_G,NSE,17,02018000,-0.07317185097713153
GM_minus_G,NSE,17,02013000,-0.013007850875715543
GM_minus_G,NSE,17,03161000,0.1121537619825288
GM_minus_G,NSE,17,04197170,-0.07849728359859398
GM_minus_G,NSE,17,03471500,-0.22038623772094912
GM_minus_G,NSE,17,01137500,-0.011273119996285441
GM_minus_G,NSE,17,01052500,0.038681441514144654
GM_minus_G,NSE,17,02051000,-0.04416384149198105
GM_minus_G,NSE,17,01057000,0.01307570443408379
GM_minus_G,NSE,17,03144000,-0.06541198707514195
GM_minus_G,NSE,17,03078000,-0.015443409989067236
GM_minus_G,NSE,17,03170000,-0.11863675032426513
GM_minus_G,NSE,17,02038850,-0.06451479584661934
GM_minus_G,NSE,17,03241500,-0.04847255924066063
GM_minus_G,NSE,17,02064000,-0.048240210672133466
GM_minus_G,NSE,17,02096846,-0.08911697056121637
GM_minus_G,NSE,17,02055100,0.011996194457996934
GM_minus_G,NSE,17,04213075,0.013177132363301647
GM_minus_G,NSE,17,01333000,0.021230715370172737
GM_minus_G,NSE,17,01552500,0.02438184328579185
GM_minus_G,NSE,17,04115265,0.08127648364276219
GM_minus_G,NSE,17,03500000,0.06367002466820126
GM_minus_G,NSE,17,01544500,-0.018655166790081723
GM_minus_G,NSE,17,02149000,0.008045083346849502
GM_minus_G,NSE,17,01552000,-0.019298358828226947
GM_minus_G,NSE,17,03159540,-0.004715483723439218
GM_minus_G,NSE,17,01414500,-0.04975483002632208
GM_minus_G,NSE,17,01542810,-0.05126106459296165
GM_minus_G,NSE,17,01667500,0.12260700842677719
GM_minus_G,NSE,11,03456500,-0.02394823006567759
GM_minus_G,NSE,11,03182500,-0.010075596178334312
GM_minus_G,NSE,11,01539000,0.00910476122067494
GM_minus_G,NSE,11,01350000,0.03851154809816526
GM_minus_G,NSE,11,03238500,0.004438423946887982
GM_minus_G,NSE,11,01030500,0.08106753031554437
GM_minus_G,NSE,11,01365000,0.05138654604887005
GM_minus_G,NSE,11,03460000,-0.24267367699107933
GM_minus_G,NSE,11,02046000,0.08522450321549957
GM_minus_G,NSE,11,03028000,0.004321674113986873
GM_minus_G,NSE,11,01350080,-0.026959909333229226
GM_minus_G,NSE,11,01484100,-0.07558344164202357
GM_minus_G,NSE,11,02015700,-0.030648065491347465
GM_minus_G,NSE,11,04224775,-0.019579832071399683
GM_minus_G,NSE,11,01466500,-0.35297286369422387
GM_minus_G,NSE,11,02016000,0.004119076025847379
GM_minus_G,NSE,11,01134500,0.017092895114805273
GM_minus_G,NSE,11,01518862,-0.020105861065568886
GM_minus_G,NSE,11,01545600,-0.02829146460500853
GM_minus_G,NSE,11,04197100,0.031074257527285543
GM_minus_G,NSE,11,01549500,0.004407449552829568
GM_minus_G,NSE,11,02140991,-0.027186496651463554
GM_minus_G,NSE,11,03049000,-0.013946661620830803
GM_minus_G,NSE,11,02111500,-0.04118030907296566
GM_minus_G,NSE,11,03450000,-0.08597867810195303
GM_minus_G,NSE,11,04122200,-0.21634064080306292
GM_minus_G,NSE,11,02053800,-0.16513235243471736
GM_minus_G,NSE,11,04196800,0.025133705655380534
GM_minus_G,NSE,11,02017500,0.03670751217998802
GM_minus_G,NSE,11,03165000,-0.059384763883207015
GM_minus_G,NSE,11,01543000,0.013780451978879893
GM_minus_G,NSE,11,01491000,0.019482226002074166
GM_minus_G,NSE,11,02051500,0.021666275816130676
GM_minus_G,NSE,11,02070000,-0.027164281425887893
GM_minus_G,NSE,11,01415000,0.03091884587733862
GM_minus_G,NSE,11,03011800,-0.0314704301943578
GM_minus_G,NSE,11,02014000,-0.025033586983234657
GM_minus_G,NSE,11,02028500,0.007994045690318696
GM_minus_G,NSE,11,02056900,0.016693196867984872
GM_minus_G,NSE,11,01516500,0.01245414200945627
GM_minus_G,NSE,11,03213700,-0.08215597916424477
GM_minus_G,NSE,11,01547700,-0.00309458031664267
GM_minus_G,NSE,11,01485500,0.039004199937292316
GM_minus_G,NSE,11,01632900,-0.10726911194608857
GM_minus_G,NSE,11,02027000,-0.008069462488756174
GM_minus_G,NSE,11,01078000,0.002486755495729742
GM_minus_G,NSE,11,03049800,-0.06485513444740953
GM_minus_G,NSE,11,01606500,-0.041217830032149294
GM_minus_G,NSE,11,02065500,0.04466190259280256
GM_minus_G,NSE,11,03164000,-0.006074983368019482
GM_minus_G,NSE,11,02137727,-0.042211556376067105
GM_minus_G,NSE,11,03498500,-0.05323623120345755
GM_minus_G,NSE,11,02069700,0.004250252771768603
GM_minus_G,NSE,11,03463300,0.01881559943631117
GM_minus_G,NSE,11,03173000,-0.047696108021614725
GM_minus_G,NSE,11,01532000,0.02368090981732829
GM_minus_G,NSE,11,03186500,0.01812872099072671
GM_minus_G,NSE,11,03488000,-0.15552160345548205
GM_minus_G,NSE,11,01557500,-0.04392424875037426
GM_minus_G,NSE,11,01658500,-0.014136386115316202
GM_minus_G,NSE,11,01596500,-0.09107385808419877
GM_minus_G,NSE,11,01644000,-0.013894478569046465
GM_minus_G,NSE,11,04213000,0.011115740444869848
GM_minus_G,NSE,11,01487000,-0.08992200699916375
GM_minus_G,NSE,11,01669000,-0.13424684353128846
GM_minus_G,NSE,11,01142500,0.004544817983828997
GM_minus_G,NSE,11,04105700,0.22085195318244033
GM_minus_G,NSE,11,01413500,-0.011102339257806682
GM_minus_G,NSE,11,01613050,-0.0965703237882789
GM_minus_G,NSE,11,03076600,-0.045772395115650344
GM_minus_G,NSE,11,01423000,0.0362938182022684
GM_minus_G,NSE,11,01411300,-0.0653955135948856
GM_minus_G,NSE,11,01139800,-0.15823846416479015
GM_minus_G,NSE,11,01605500,-0.038605512473246284
GM_minus_G,NSE,11,03066000,-0.027046037139647816
GM_minus_G,NSE,11,03069500,0.015375503477727759
GM_minus_G,NSE,11,03473000,-0.11855945479060603
GM_minus_G,NSE,11,02081500,0.06899047423115079
GM_minus_G,NSE,11,01634500,-0.05344951062198222
GM_minus_G,NSE,11,01439500,0.045099833929545974
GM_minus_G,NSE,11,03070500,0.007512626839109249
GM_minus_G,NSE,11,02143040,-0.039909200804094325
GM_minus_G,NSE,11,01055000,-0.015819383425338174
GM_minus_G,NSE,11,02112360,-0.07874559995406694
GM_minus_G,NSE,11,01669520,0.02432942922290038
GM_minus_G,NSE,11,03180500,-0.03682587376741375
GM_minus_G,NSE,11,01638480,0.006785482164534451
GM_minus_G,NSE,11,02053200,-0.04351480212647785
GM_minus_G,NSE,11,01169000,0.04220685226393894
GM_minus_G,NSE,11,01350140,-0.0779354227469975
GM_minus_G,NSE,11,01591400,-0.03893168922326262
GM_minus_G,NSE,11,01586610,-0.06312054874260398
GM_minus_G,NSE,11,01434025,-0.04138168596375147
GM_minus_G,NSE,11,03439000,-0.08124091422919588
GM_minus_G,NSE,11,02178400,-0.02487337465434236
GM_minus_G,NSE,11,01664000,0.016156727426374085
GM_minus_G,NSE,11,03015500,0.010971712206788387
GM_minus_G,NSE,11,04296000,-0.021647356305720566
GM_minus_G,NSE,11,02112120,-0.06691840172130203
GM_minus_G,NSE,11,02082950,-0.007064071901573876
GM_minus_G,NSE,11,01639500,0.010242778987164192
GM_minus_G,NSE,11,01047000,0.042493376172552
GM_minus_G,NSE,11,02074500,-0.05319445653097876
GM_minus_G,NSE,11,01054200,0.0027968399269057143
GM_minus_G,NSE,11,02177000,0.02873798075834766
GM_minus_G,NSE,11,03500240,-0.08668629489378255
GM_minus_G,NSE,11,04233000,-0.006530310508070181
GM_minus_G,NSE,11,03237280,-0.005978610729841072
GM_minus_G,NSE,11,01548500,-0.005438599494958285
GM_minus_G,NSE,11,02125000,-0.05838105205150146
GM_minus_G,NSE,11,03479000,-0.05261474319942239
GM_minus_G,NSE,11,02118500,-0.02633484820855092
GM_minus_G,NSE,11,01139000,-0.006416433017345513
GM_minus_G,NSE,11,01187300,0.019266047352838545
GM_minus_G,NSE,11,03504000,-0.054559361877560386
GM_minus_G,NSE,11,02011400,-0.08987812295680775
GM_minus_G,NSE,11,01568000,0.02141164320758626
GM_minus_G,NSE,11,01543500,0.016123426971482058
GM_minus_G,NSE,11,01031500,0.013321145437368953
GM_minus_G,NSE,11,01567500,-0.01381288312445994
GM_minus_G,NSE,11,02027500,-0.009717859943866869
GM_minus_G,NSE,11,03010655,-0.028574860938135882
GM_minus_G,NSE,11,04216418,-0.057951145725523956
GM_minus_G,NSE,11,02152100,-0.013035152531375993
GM_minus_G,NSE,11,01510000,0.02975970544868134
GM_minus_G,NSE,11,03026500,-0.033887614141172584
GM_minus_G,NSE,11,02128000,-0.1334749694219295
GM_minus_G,NSE,11,04256000,0.004037762899561925
GM_minus_G,NSE,11,01620500,-0.03590153360758053
GM_minus_G,NSE,11,03455500,-0.009491122767646964
GM_minus_G,NSE,11,01451800,0.03640138486467703
GM_minus_G,NSE,11,04185000,-0.15009733258777125
GM_minus_G,NSE,11,02111180,-0.1404967865597898
GM_minus_G,NSE,11,01594950,-0.019740878376392268
GM_minus_G,NSE,11,01580000,-0.06790805725177851
GM_minus_G,NSE,11,03050000,-0.002087179693799679
GM_minus_G,NSE,11,01632000,0.010170940403094186
GM_minus_G,NSE,11,04221000,-0.02962059264496031
GM_minus_G,NSE,11,03021350,-0.020048904793404265
GM_minus_G,NSE,11,01583500,-0.07541747374998753
GM_minus_G,NSE,11,02059500,0.04486652594734897
GM_minus_G,NSE,11,01666500,0.1115062481004071
GM_minus_G,NSE,11,03187500,-0.05281740185042738
GM_minus_G,NSE,11,01181000,0.06673352886401562
GM_minus_G,NSE,11,01440400,0.10048587363558892
GM_minus_G,NSE,11,01435000,0.051635238024231755
GM_minus_G,NSE,11,01144000,0.009953387851092566
GM_minus_G,NSE,11,02011460,-0.14470309223979316
GM_minus_G,NSE,11,02143000,-0.12235448272543836
GM_minus_G,NSE,11,03140000,-0.01212925879520399
GM_minus_G,NSE,11,01440000,0.07476646300699352
GM_minus_G,NSE,11,01550000,-0.010865612363741173
GM_minus_G,NSE,11,02077200,-0.04334213608289683
GM_minus_G,NSE,11,03237500,0.012108218881102917
GM_minus_G,NSE,11,02018000,-0.07772927584668166
GM_minus_G,NSE,11,02013000,-0.037559494718365505
GM_minus_G,NSE,11,03161000,-0.004961558013210188
GM_minus_G,NSE,11,04197170,-0.05239386927070988
GM_minus_G,NSE,11,03471500,-0.32760152999976455
GM_minus_G,NSE,11,01137500,-0.039204453970143605
GM_minus_G,NSE,11,01052500,0.008844367981931112
GM_minus_G,NSE,11,02051000,0.013334210471077745
GM_minus_G,NSE,11,01057000,0.015834686657765218
GM_minus_G,NSE,11,03144000,-0.03845910693461452
GM_minus_G,NSE,11,03078000,-0.07471228441853772
GM_minus_G,NSE,11,03170000,-0.17766989310039816
GM_minus_G,NSE,11,02038850,-0.030674759098227256
GM_minus_G,NSE,11,03241500,0.0036261871639364784
GM_minus_G,NSE,11,02064000,-0.05258179836681953
GM_minus_G,NSE,11,02096846,-0.14013380826663635
GM_minus_G,NSE,11,02055100,-0.006164613906811778
GM_minus_G,NSE,11,04213075,-0.04968768132149548
GM_minus_G,NSE,11,01333000,0.05254226863138034
GM_minus_G,NSE,11,01552500,0.0038132183828087918
GM_minus_G,NSE,11,04115265,0.013452678148244246
GM_minus_G,NSE,11,03500000,-0.04575111407416288
GM_minus_G,NSE,11,01544500,0.0006541284560682703
GM_minus_G,NSE,11,02149000,-0.07868802117191687
GM_minus_G,NSE,11,01552000,-0.01746012340527958
GM_minus_G,NSE,11,03159540,0.014475224450652857
GM_minus_G,NSE,11,01414500,-0.025698547754360868
GM_minus_G,NSE,11,01542810,-0.05287204072032814
GM_minus_G,NSE,11,01667500,0.05129057604198084
GM_minus_G,NSE,13,03456500,0.03891260691358167
GM_minus_G,NSE,13,03182500,0.005781811005055926
GM_minus_G,NSE,13,01539000,0.028723737634289925
GM_minus_G,NSE,13,01350000,0.06072999068076146
GM_minus_G,NSE,13,03238500,0.004514537934446783
GM_minus_G,NSE,13,01030500,-0.01907977906089131
GM_minus_G,NSE,13,01365000,0.06833482748577158
GM_minus_G,NSE,13,03460000,-0.208171036920071
GM_minus_G,NSE,13,02046000,-0.025654814833066197
GM_minus_G,NSE,13,03028000,0.051993211468793876
GM_minus_G,NSE,13,01350080,-0.009452334434299048
GM_minus_G,NSE,13,01484100,-0.053157530417555554
GM_minus_G,NSE,13,02015700,-0.01277314742038893
GM_minus_G,NSE,13,04224775,-0.03259513484247656
GM_minus_G,NSE,13,01466500,-0.30711425653876434
GM_minus_G,NSE,13,02016000,-0.007046397407377447
GM_minus_G,NSE,13,01134500,0.008548517922148169
GM_minus_G,NSE,13,01518862,-0.0023453119311337423
GM_minus_G,NSE,13,01545600,-0.02089896866648333
GM_minus_G,NSE,13,04197100,0.0027537982622289903
GM_minus_G,NSE,13,01549500,-0.017374508845605874
GM_minus_G,NSE,13,02140991,0.014250389249276796
GM_minus_G,NSE,13,03049000,-0.004664501597931858
GM_minus_G,NSE,13,02111500,0.062312340547778344
GM_minus_G,NSE,13,03450000,-0.04938912553368657
GM_minus_G,NSE,13,04122200,-0.20170094698500218
GM_minus_G,NSE,13,02053800,-0.07689174623698714
GM_minus_G,NSE,13,04196800,-0.004543924227206286
GM_minus_G,NSE,13,02017500,0.0328622937712858
GM_minus_G,NSE,13,03165000,-0.07281191784338148
GM_minus_G,NSE,13,01543000,0.044721222631781354
GM_minus_G,NSE,13,01491000,0.014366178677973074
GM_minus_G,NSE,13,02051500,-0.1060703484383061
GM_minus_G,NSE,13,02070000,-0.009158370511162639
GM_minus_G,NSE,13,01415000,0.02256295637735406
GM_minus_G,NSE,13,03011800,0.05356788180891536
GM_minus_G,NSE,13,02014000,-0.003950191087944366
GM_minus_G,NSE,13,02028500,0.022357351456260388
GM_minus_G,NSE,13,02056900,0.030855976899620163
GM_minus_G,NSE,13,01516500,0.015012090596696281
GM_minus_G,NSE,13,03213700,-0.05124477987911091
GM_minus_G,NSE,13,01547700,0.03300220701664425
GM_minus_G,NSE,13,01485500,-0.04335552441001522
GM_minus_G,NSE,13,01632900,-0.14059500673173464
GM_minus_G,NSE,13,02027000,-0.00884463246838707
GM_minus_G,NSE,13,01078000,0.017792076782471966
GM_minus_G,NSE,13,03049800,-0.014866244673714779
GM_minus_G,NSE,13,01606500,0.037930117529194285
GM_minus_G,NSE,13,02065500,0.19190803025949854
GM_minus_G,NSE,13,03164000,0.03722278352973063
GM_minus_G,NSE,13,02137727,0.042986064370351906
GM_minus_G,NSE,13,03498500,-0.007981093906099801
GM_minus_G,NSE,13,02069700,0.05993494042559733
GM_minus_G,NSE,13,03463300,0.03111643471289871
GM_minus_G,NSE,13,03173000,-0.0014907051064647625
GM_minus_G,NSE,13,01532000,0.029668960355896723
GM_minus_G,NSE,13,03186500,0.031149329940396098
GM_minus_G,NSE,13,03488000,-0.11913246068814742
GM_minus_G,NSE,13,01557500,-0.0039717017590517045
GM_minus_G,NSE,13,01658500,-0.015368709676659265
GM_minus_G,NSE,13,01596500,-0.027762293100161317
GM_minus_G,NSE,13,01644000,0.0008780266878607446
GM_minus_G,NSE,13,04213000,-0.013600668189712062
GM_minus_G,NSE,13,01487000,-0.015798998520334062
GM_minus_G,NSE,13,01669000,-0.1789920980475621
GM_minus_G,NSE,13,01142500,0.04008726535794449
GM_minus_G,NSE,13,04105700,0.34597765210646736
GM_minus_G,NSE,13,01413500,0.0014212740398689139
GM_minus_G,NSE,13,01613050,-0.07165972885976202
GM_minus_G,NSE,13,03076600,0.011489927318309778
GM_minus_G,NSE,13,01423000,0.07846944187857208
GM_minus_G,NSE,13,01411300,0.2435568325569415
GM_minus_G,NSE,13,01139800,-0.13804115078770185
GM_minus_G,NSE,13,01605500,0.022509656429898106
GM_minus_G,NSE,13,03066000,0.013209143907122689
GM_minus_G,NSE,13,03069500,0.02538719664489386
GM_minus_G,NSE,13,03473000,-0.07131489453794748
GM_minus_G,NSE,13,02081500,0.08703454106567099
GM_minus_G,NSE,13,01634500,-0.026292652783778903
GM_minus_G,NSE,13,01439500,0.03719471060380375
GM_minus_G,NSE,13,03070500,0.024865780505258228
GM_minus_G,NSE,13,02143040,-0.04453607395998638
GM_minus_G,NSE,13,01055000,-0.011720525962908956
GM_minus_G,NSE,13,02112360,0.04876082102895729
GM_minus_G,NSE,13,01669520,-0.09531841446024336
GM_minus_G,NSE,13,03180500,0.003824554156994675
GM_minus_G,NSE,13,01638480,0.049384922955453714
GM_minus_G,NSE,13,02053200,0.018389080127022006
GM_minus_G,NSE,13,01169000,0.0422682437784031
GM_minus_G,NSE,13,01350140,-0.015934069178461407
GM_minus_G,NSE,13,01591400,-0.019781516401428667
GM_minus_G,NSE,13,01586610,0.004511075688140576
GM_minus_G,NSE,13,01434025,-0.037343833398952975
GM_minus_G,NSE,13,03439000,-0.024523174616948196
GM_minus_G,NSE,13,02178400,-0.006397104875598081
GM_minus_G,NSE,13,01664000,0.014194159174118037
GM_minus_G,NSE,13,03015500,0.007839158462310425
GM_minus_G,NSE,13,04296000,0.08393134740391628
GM_minus_G,NSE,13,02112120,0.02805199965106009
GM_minus_G,NSE,13,02082950,-0.0855836644335145
GM_minus_G,NSE,13,01639500,0.04346975100965533
GM_minus_G,NSE,13,01047000,0.045023150847468774
GM_minus_G,NSE,13,02074500,-0.055880018746492066
GM_minus_G,NSE,13,01054200,-0.010461855626308303
GM_minus_G,NSE,13,02177000,0.10202106979065018
GM_minus_G,NSE,13,03500240,0.000960276545618477
GM_minus_G,NSE,13,04233000,0.03456970166414286
GM_minus_G,NSE,13,03237280,-0.020566031604349888
GM_minus_G,NSE,13,01548500,0.020589157583363105
GM_minus_G,NSE,13,02125000,-0.021106173610412338
GM_minus_G,NSE,13,03479000,-0.0257551107354832
GM_minus_G,NSE,13,02118500,-0.006621758505529929
GM_minus_G,NSE,13,01139000,0.026786434136954806
GM_minus_G,NSE,13,01187300,0.05033213183598795
GM_minus_G,NSE,13,03504000,-0.020159086289698536
GM_minus_G,NSE,13,02011400,-0.07329950098876215
GM_minus_G,NSE,13,01568000,0.04429694087258451
GM_minus_G,NSE,13,01543500,0.03964609302250899
GM_minus_G,NSE,13,01031500,0.03705319448068545
GM_minus_G,NSE,13,01567500,-0.017550367727686034
GM_minus_G,NSE,13,02027500,-0.008271016575966073
GM_minus_G,NSE,13,03010655,-0.03173082631404578
GM_minus_G,NSE,13,04216418,-0.010441461244317107
GM_minus_G,NSE,13,02152100,-0.023187361905714465
GM_minus_G,NSE,13,01510000,0.01640569538673642
GM_minus_G,NSE,13,03026500,0.0115280693010269
GM_minus_G,NSE,13,02128000,-0.06579570444734939
GM_minus_G,NSE,13,04256000,-0.008459382604896537
GM_minus_G,NSE,13,01620500,-0.008222279972408209
GM_minus_G,NSE,13,03455500,-0.014422529775579562
GM_minus_G,NSE,13,01451800,0.03973463244681341
GM_minus_G,NSE,13,04185000,-0.0679528763615459
GM_minus_G,NSE,13,02111180,-0.041155831399713794
GM_minus_G,NSE,13,01594950,0.026524252483696387
GM_minus_G,NSE,13,01580000,-0.028792520596281346
GM_minus_G,NSE,13,03050000,0.010982759231398909
GM_minus_G,NSE,13,01632000,0.05275008981159057
GM_minus_G,NSE,13,04221000,-0.031391913765756896
GM_minus_G,NSE,13,03021350,0.002640978019531115
GM_minus_G,NSE,13,01583500,0.009489757895485784
GM_minus_G,NSE,13,02059500,0.08443124392066093
GM_minus_G,NSE,13,01666500,0.07226580699608176
GM_minus_G,NSE,13,03187500,-0.0376789921388605
GM_minus_G,NSE,13,01181000,0.06990679380739206
GM_minus_G,NSE,13,01440400,0.08569383110699214
GM_minus_G,NSE,13,01435000,0.0598995234463402
GM_minus_G,NSE,13,01144000,0.00399848497475408
GM_minus_G,NSE,13,02011460,-0.08302777863059307
GM_minus_G,NSE,13,02143000,-0.039543765201371706
GM_minus_G,NSE,13,03140000,-0.0313484825783199
GM_minus_G,NSE,13,01440000,0.07385073930195152
GM_minus_G,NSE,13,01550000,-0.022827908416946707
GM_minus_G,NSE,13,02077200,-0.06066840801470508
GM_minus_G,NSE,13,03237500,0.004983968045056186
GM_minus_G,NSE,13,02018000,-0.05328124048869354
GM_minus_G,NSE,13,02013000,-0.0068299994345343285
GM_minus_G,NSE,13,03161000,0.08931831441201943
GM_minus_G,NSE,13,04197170,-0.05193754613875834
GM_minus_G,NSE,13,03471500,-0.23982137615763632
GM_minus_G,NSE,13,01137500,-0.03412675944350285
GM_minus_G,NSE,13,01052500,0.03140358465985282
GM_minus_G,NSE,13,02051000,-0.035458765238637224
GM_minus_G,NSE,13,01057000,0.03154039505891504
GM_minus_G,NSE,13,03144000,-0.04247984294449991
GM_minus_G,NSE,13,03078000,-0.013643277259724362
GM_minus_G,NSE,13,03170000,-0.13985554705077574
GM_minus_G,NSE,13,02038850,-0.01912369165516825
GM_minus_G,NSE,13,03241500,-0.023850861679789337
GM_minus_G,NSE,13,02064000,-0.018892950854396018
GM_minus_G,NSE,13,02096846,-0.0970446611707918
GM_minus_G,NSE,13,02055100,0.02132777634677452
GM_minus_G,NSE,13,04213075,-0.010385010741216116
GM_minus_G,NSE,13,01333000,0.04273611193219562
GM_minus_G,NSE,13,01552500,0.028852368226346847
GM_minus_G,NSE,13,04115265,0.007879918570626865
GM_minus_G,NSE,13,03500000,0.09222400590575397
GM_minus_G,NSE,13,01544500,-0.009786384761913847
GM_minus_G,NSE,13,02149000,0.025559402406903464
GM_minus_G,NSE,13,01552000,0.0013047649751691814
GM_minus_G,NSE,13,03159540,-0.016332703496055312
GM_minus_G,NSE,13,01414500,-0.04022921246592093
GM_minus_G,NSE,13,01542810,-0.023806293271881884
GM_minus_G,NSE,13,01667500,0.03087233391661015
GM_minus_G,KGE,17,03456500,0.3377956588500388
GM_minus_G,KGE,17,03182500,-0.729936027647591
GM_minus_G,KGE,17,01539000,0.06135987619987082
GM_minus_G,KGE,17,01350000,0.06990041171998573
GM_minus_G,KGE,17,03238500,0.2871477330029246
GM_minus_G,KGE,17,01030500,0.09994357286079869
GM_minus_G,KGE,17,01365000,0.08453196743205982
GM_minus_G,KGE,17,03460000,-0.3503310134693858
GM_minus_G,KGE,17,02046000,-0.007587389210747308
GM_minus_G,KGE,17,03028000,-0.2682481127837013
GM_minus_G,KGE,17,01350080,1.5727474797278194
GM_minus_G,KGE,17,01484100,0.10884644893066764
GM_minus_G,KGE,17,02015700,-0.3151204275453663
GM_minus_G,KGE,17,04224775,-0.06359706711080515
GM_minus_G,KGE,17,01466500,-0.24798714411497835
GM_minus_G,KGE,17,02016000,0.01318570469899838
GM_minus_G,KGE,17,01134500,0.006938399774032433
GM_minus_G,KGE,17,01518862,0.19511228007985726
GM_minus_G,KGE,17,01545600,0.11722415083270732
GM_minus_G,KGE,17,04197100,-0.026976751396837306
GM_minus_G,KGE,17,01549500,0.3560171453100238
GM_minus_G,KGE,17,02140991,0.6095137297934441
GM_minus_G,KGE,17,03049000,0.6779989797474314
GM_minus_G,KGE,17,02111500,0.25240938317107375
GM_minus_G,KGE,17,03450000,-3.1890034601248596
GM_minus_G,KGE,17,04122200,-0.11598174378391002
GM_minus_G,KGE,17,02053800,0.11620568832154077
GM_minus_G,KGE,17,04196800,-0.017885541626991852
GM_minus_G,KGE,17,02017500,0.07890755539606198
GM_minus_G,KGE,17,03165000,0.44108331430281633
GM_minus_G,KGE,17,01543000,-0.7682281348707753
GM_minus_G,KGE,17,01491000,0.12767682522340262
GM_minus_G,KGE,17,02051500,0.033283397264458725
GM_minus_G,KGE,17,02070000,0.09884452960670653
GM_minus_G,KGE,17,01415000,0.008149802700992304
GM_minus_G,KGE,17,03011800,-0.03567908509415341
GM_minus_G,KGE,17,02014000,0.03944242356740901
GM_minus_G,KGE,17,02028500,-0.16738410714041896
GM_minus_G,KGE,17,02056900,0.14036993141295118
GM_minus_G,KGE,17,01516500,0.07310212088451806
GM_minus_G,KGE,17,03213700,0.11203577829650235
GM_minus_G,KGE,17,01547700,0.08328029740547194
GM_minus_G,KGE,17,01485500,0.03571811989606233
GM_minus_G,KGE,17,01632900,0.12132289505079463
GM_minus_G,KGE,17,02027000,-0.34351138863562014
GM_minus_G,KGE,17,01078000,-0.2122400318009986
GM_minus_G,KGE,17,03049800,-0.7669331109628672
GM_minus_G,KGE,17,01606500,0.1047637569275719
GM_minus_G,KGE,17,02065500,0.14100930291351677
GM_minus_G,KGE,17,03164000,0.26362205307142517
GM_minus_G,KGE,17,02137727,0.616114747190476
GM_minus_G,KGE,17,03498500,0.20041102250255172
GM_minus_G,KGE,17,02069700,0.31076529762258054
GM_minus_G,KGE,17,03463300,0.005701359137881612
GM_minus_G,KGE,17,03173000,0.05197492940964199
GM_minus_G,KGE,17,01532000,0.006269991797081875
GM_minus_G,KGE,17,03186500,0.06695988445910117
GM_minus_G,KGE,17,03488000,-0.01791887548804827
GM_minus_G,KGE,17,01557500,-0.3936359674792139
GM_minus_G,KGE,17,01658500,0.025593651081414537
GM_minus_G,KGE,17,01596500,-1.0483334940278857
GM_minus_G,KGE,17,01644000,0.17226792301402782
GM_minus_G,KGE,17,04213000,0.30955002314979396
GM_minus_G,KGE,17,01487000,0.03382203067116829
GM_minus_G,KGE,17,01669000,0.13791257124639333
GM_minus_G,KGE,17,01142500,-0.09378425398167489
GM_minus_G,KGE,17,04105700,0.17858150031547992
GM_minus_G,KGE,17,01413500,0.18128288022925332
GM_minus_G,KGE,17,01613050,0.18123804735861748
GM_minus_G,KGE,17,03076600,-0.3919582388982077
GM_minus_G,KGE,17,01423000,0.047840248445734534
GM_minus_G,KGE,17,01411300,0.035588760756606774
GM_minus_G,KGE,17,01139800,-0.12650541919716107
GM_minus_G,KGE,17,01605500,-0.06254687619949151
GM_minus_G,KGE,17,03066000,-0.112407826949945
GM_minus_G,KGE,17,03069500,-0.015803934456296798
GM_minus_G,KGE,17,03473000,0.12114892100124963
GM_minus_G,KGE,17,02081500,0.04447224602472155
GM_minus_G,KGE,17,01634500,0.13648093427957275
GM_minus_G,KGE,17,01439500,0.0593291705189789
GM_minus_G,KGE,17,03070500,0.21749495710519395
GM_minus_G,KGE,17,02143040,0.2149206492765502
GM_minus_G,KGE,17,01055000,-0.11707021989871902
GM_minus_G,KGE,17,02112360,0.3739643558131781
GM_minus_G,KGE,17,01669520,0.11902177888731424
GM_minus_G,KGE,17,03180500,-0.29224000743180245
GM_minus_G,KGE,17,01638480,0.11224034559611262
GM_minus_G,KGE,17,02053200,0.12303694712961222
GM_minus_G,KGE,17,01169000,0.11977238345881835
GM_minus_G,KGE,17,01350140,0.07123956077264593
GM_minus_G,KGE,17,01591400,0.16893463143608356
GM_minus_G,KGE,17,01586610,0.2712885661806058
GM_minus_G,KGE,17,01434025,-0.07086891948953866
GM_minus_G,KGE,17,03439000,0.012310826433187816
GM_minus_G,KGE,17,02178400,0.006169246963684372
GM_minus_G,KGE,17,01664000,0.13874686958995097
GM_minus_G,KGE,17,03015500,0.03548567435083838
GM_minus_G,KGE,17,04296000,-0.05711964308934758
GM_minus_G,KGE,17,02112120,0.23279014132615106
GM_minus_G,KGE,17,02082950,0.03046389826485596
GM_minus_G,KGE,17,01639500,0.2703445875510231
GM_minus_G,KGE,17,01047000,0.017136580469823914
GM_minus_G,KGE,17,02074500,0.019217183319642395
GM_minus_G,KGE,17,01054200,0.07563474598872699
GM_minus_G,KGE,17,02177000,0.06677148958849877
GM_minus_G,KGE,17,03500240,0.26045654638151117
GM_minus_G,KGE,17,04233000,-0.13724766605041494
GM_minus_G,KGE,17,03237280,-0.17965284602773623
GM_minus_G,KGE,17,01548500,0.5515446303510663
GM_minus_G,KGE,17,02125000,0.07765508087591577
GM_minus_G,KGE,17,03479000,0.38934099117259047
GM_minus_G,KGE,17,02118500,0.14616376820589871
GM_minus_G,KGE,17,01139000,0.14816960895844478
GM_minus_G,KGE,17,01187300,0.048081221310710465
GM_minus_G,KGE,17,03504000,-0.03600634170451822
GM_minus_G,KGE,17,02011400,-0.06106055242218722
GM_minus_G,KGE,17,01568000,0.26518326329486985
GM_minus_G,KGE,17,01543500,1.652991352615191
GM_minus_G,KGE,17,01031500,0.129305116489141
GM_minus_G,KGE,17,01567500,0.06952320002535539
GM_minus_G,KGE,17,02027500,-0.22324049838794546
GM_minus_G,KGE,17,03010655,0.37371116855832265
GM_minus_G,KGE,17,04216418,-20.175182052800338
GM_minus_G,KGE,17,02152100,0.15039427884962853
GM_minus_G,KGE,17,01510000,-0.052936163276877335
GM_minus_G,KGE,17,03026500,-0.7363795867688878
GM_minus_G,KGE,17,02128000,0.11828322578306383
GM_minus_G,KGE,17,04256000,0.004330208224801568
GM_minus_G,KGE,17,01620500,-0.041044387902248625
GM_minus_G,KGE,17,03455500,0.20033427716547603
GM_minus_G,KGE,17,01451800,0.21754452677705916
GM_minus_G,KGE,17,04185000,-0.08593397040803763
GM_minus_G,KGE,17,02111180,0.421043431398627
GM_minus_G,KGE,17,01594950,0.021628613826963017
GM_minus_G,KGE,17,01580000,0.5963346261454976
GM_minus_G,KGE,17,03050000,-0.6854715440438481
GM_minus_G,KGE,17,01632000,0.10609604803236483
GM_minus_G,KGE,17,04221000,0.17490022495353075
GM_minus_G,KGE,17,03021350,-0.01149396595308827
GM_minus_G,KGE,17,01583500,0.2858904362576937
GM_minus_G,KGE,17,02059500,-0.012431622794938701
GM_minus_G,KGE,17,01666500,0.21905824693954346
GM_minus_G,KGE,17,03187500,-0.01078628269309112
GM_minus_G,KGE,17,01181000,0.13137091590394556
GM_minus_G,KGE,17,01440400,0.17372873124708132
GM_minus_G,KGE,17,01435000,0.10286352156480871
GM_minus_G,KGE,17,01144000,-0.1405980978162059
GM_minus_G,KGE,17,02011460,-0.19051012014836644
GM_minus_G,KGE,17,02143000,0.16459935559731786
GM_minus_G,KGE,17,03140000,-0.014132934179747592
GM_minus_G,KGE,17,01440000,0.10966736321577364
GM_minus_G,KGE,17,01550000,1.274338636002522
GM_minus_G,KGE,17,02077200,0.022129475521393882
GM_minus_G,KGE,17,03237500,0.15545096873521924
GM_minus_G,KGE,17,02018000,0.08169665652930158
GM_minus_G,KGE,17,02013000,0.0906148451754406
GM_minus_G,KGE,17,03161000,10.805024456032278
GM_minus_G,KGE,17,04197170,0.14146509278997832
GM_minus_G,KGE,17,03471500,0.03948388759664323
GM_minus_G,KGE,17,01137500,-0.02173229474486138
GM_minus_G,KGE,17,01052500,0.0028666827994399124
GM_minus_G,KGE,17,02051000,-0.0775087419235464
GM_minus_G,KGE,17,01057000,0.016232094052123336
GM_minus_G,KGE,17,03144000,0.011012292081329589
GM_minus_G,KGE,17,03078000,-0.22135676997779496
GM_minus_G,KGE,17,03170000,0.13039228883697707
GM_minus_G,KGE,17,02038850,0.03069439273244956
GM_minus_G,KGE,17,03241500,-0.30990575657665687
GM_minus_G,KGE,17,02064000,0.10254600219297227
GM_minus_G,KGE,17,02096846,0.02575733010723713
GM_minus_G,KGE,17,02055100,0.08039362329483934
GM_minus_G,KGE,17,04213075,2.007935923468538
GM_minus_G,KGE,17,01333000,-0.0047225684437240956
GM_minus_G,KGE,17,01552500,0.06120991797965436
GM_minus_G,KGE,17,04115265,0.044407269140512184
GM_minus_G,KGE,17,03500000,0.10253151550696926
GM_minus_G,KGE,17,01544500,0.6420100079775273
GM_minus_G,KGE,17,02149000,0.1231323564975324
GM_minus_G,KGE,17,01552000,1.0492126604213992
GM_minus_G,KGE,17,03159540,0.12617238096625027
GM_minus_G,KGE,17,01414500,0.04589606548877179
GM_minus_G,KGE,17,01542810,-5.144593140383922
GM_minus_G,KGE,17,01667500,0.10216449319557308
GM_minus_G,KGE,11,03456500,-0.3167711994782504
GM_minus_G,KGE,11,03182500,0.38771404753878447
GM_minus_G,KGE,11,01539000,0.14150991792923728
GM_minus_G,KGE,11,01350000,0.04866167026198376
GM_minus_G,KGE,11,03238500,-0.022616031354606214
GM_minus_G,KGE,11,01030500,0.2599238202236248
GM_minus_G,KGE,11,01365000,0.06575684167378681
GM_minus_G,KGE,11,03460000,-3.9307523049799045
GM_minus_G,KGE,11,02046000,0.06435983031614534
GM_minus_G,KGE,11,03028000,0.01326660202466834
GM_minus_G,KGE,11,01350080,0.17111169467556353
GM_minus_G,KGE,11,01484100,0.030641848169460584
GM_minus_G,KGE,11,02015700,0.11052882151291399
GM_minus_G,KGE,11,04224775,-0.07914531963872407
GM_minus_G,KGE,11,01466500,-0.11227037355936498
GM_minus_G,KGE,11,02016000,0.08195754833386826
GM_minus_G,KGE,11,01134500,0.04806856104800561
GM_minus_G,KGE,11,01518862,-0.02246130904376764
GM_minus_G,KGE,11,01545600,0.1874392115500555
GM_minus_G,KGE,11,04197100,0.5546077425084126
GM_minus_G,KGE,11,01549500,0.47178759149429117
GM_minus_G,KGE,11,02140991,-0.9110429785118755
GM_minus_G,KGE,11,03049000,0.06179375376936336
GM_minus_G,KGE,11,02111500,-0.25638569837821745
GM_minus_G,KGE,11,03450000,0.12912250658559854
GM_minus_G,KGE,11,04122200,-0.07748882956750369
GM_minus_G,KGE,11,02053800,-0.05996059822652111
GM_minus_G,KGE,11,04196800,0.21506012872382518
GM_minus_G,KGE,11,02017500,0.07712892794769566
GM_minus_G,KGE,11,03165000,-0.1327852177936416
GM_minus_G,KGE,11,01543000,-0.4056559044420973
GM_minus_G,KGE,11,01491000,0.05181396259936577
GM_minus_G,KGE,11,02051500,0.12533114216110408
GM_minus_G,KGE,11,02070000,0.03743827245327713
GM_minus_G,KGE,11,01415000,-0.016780568332865342
GM_minus_G,KGE,11,03011800,-0.05127904068792155
GM_minus_G,KGE,11,02014000,0.02727941642320597
GM_minus_G,KGE,11,02028500,0.040467272989674674
GM_minus_G,KGE,11,02056900,0.1203109704626697
GM_minus_G,KGE,11,01516500,-0.008545333808496425
GM_minus_G,KGE,11,03213700,-0.11722100399360214
GM_minus_G,KGE,11,01547700,0.04581341691092011
GM_minus_G,KGE,11,01485500,-0.02253226252831786
GM_minus_G,KGE,11,01632900,0.08237806805589676
GM_minus_G,KGE,11,02027000,0.00815503973984777
GM_minus_G,KGE,11,01078000,-0.036975020826928495
GM_minus_G,KGE,11,03049800,-0.03952722905974371
GM_minus_G,KGE,11,01606500,-0.019228394314841024
GM_minus_G,KGE,11,02065500,0.10115812502723243
GM_minus_G,KGE,11,03164000,-0.40690878166023836
GM_minus_G,KGE,11,02137727,-1.3367641403420911
GM_minus_G,KGE,11,03498500,-0.5741255604273662
GM_minus_G,KGE,11,02069700,-0.06455340591057857
GM_minus_G,KGE,11,03463300,-0.08219696645640051
GM_minus_G,KGE,11,03173000,0.03635633589948606
GM_minus_G,KGE,11,01532000,-0.030981790122749597
GM_minus_G,KGE,11,03186500,0.005402254689556241
GM_minus_G,KGE,11,03488000,-0.19043348387790382
GM_minus_G,KGE,11,01557500,-0.0859765172886171
GM_minus_G,KGE,11,01658500,0.013329567874527104
GM_minus_G,KGE,11,01596500,0.03022024989339811
GM_minus_G,KGE,11,01644000,-0.028128943296488962
GM_minus_G,KGE,11,04213000,0.029467741597624775
GM_minus_G,KGE,11,01487000,-0.026810327139070722
GM_minus_G,KGE,11,01669000,-0.009473554754295233
GM_minus_G,KGE,11,01142500,0.05142475106247224
GM_minus_G,KGE,11,04105700,0.04149083813884891
GM_minus_G,KGE,11,01413500,-0.017159550212496488
GM_minus_G,KGE,11,01613050,-0.05063263125019102
GM_minus_G,KGE,11,03076600,0.1456360613015022
GM_minus_G,KGE,11,01423000,0.1439531972614504
GM_minus_G,KGE,11,01411300,-0.02933990271536846
GM_minus_G,KGE,11,01139800,-0.05041573703064073
GM_minus_G,KGE,11,01605500,0.1404594496240451
GM_minus_G,KGE,11,03066000,-0.031988536747419194
GM_minus_G,KGE,11,03069500,-0.002229672339752131
GM_minus_G,KGE,11,03473000,-0.2282882218093799
GM_minus_G,KGE,11,02081500,0.06633595792697067
GM_minus_G,KGE,11,01634500,-0.027106957680330113
GM_minus_G,KGE,11,01439500,0.11063041421130748
GM_minus_G,KGE,11,03070500,-0.02728471822683176
GM_minus_G,KGE,11,02143040,-0.8754700006296754
GM_minus_G,KGE,11,01055000,-0.10926275823291676
GM_minus_G,KGE,11,02112360,-0.3146239541400905
GM_minus_G,KGE,11,01669520,0.02791325284241264
GM_minus_G,KGE,11,03180500,-0.14612752600611822
GM_minus_G,KGE,11,01638480,0.02266014732274546
GM_minus_G,KGE,11,02053200,0.07311294143259683
GM_minus_G,KGE,11,01169000,0.07251011678229236
GM_minus_G,KGE,11,01350140,-0.04624863230462939
GM_minus_G,KGE,11,01591400,0.043634362705682106
GM_minus_G,KGE,11,01586610,-0.004679664719618781
GM_minus_G,KGE,11,01434025,-0.06625604748631175
GM_minus_G,KGE,11,03439000,-0.2595245000858878
GM_minus_G,KGE,11,02178400,-0.2106544513124312
GM_minus_G,KGE,11,01664000,-0.015082014873039618
GM_minus_G,KGE,11,03015500,-0.0469634448603643
GM_minus_G,KGE,11,04296000,0.13641879994591066
GM_minus_G,KGE,11,02112120,-0.17358225255751758
GM_minus_G,KGE,11,02082950,0.011533373625372545
GM_minus_G,KGE,11,01639500,0.027492274206307288
GM_minus_G,KGE,11,01047000,0.005527668959349419
GM_minus_G,KGE,11,02074500,0.010952741629928209
GM_minus_G,KGE,11,01054200,-0.031774826700024406
GM_minus_G,KGE,11,02177000,-0.39493959033279813
GM_minus_G,KGE,11,03500240,-0.928112754825678
GM_minus_G,KGE,11,04233000,-0.1188006134771995
GM_minus_G,KGE,11,03237280,0.1788938027196053
GM_minus_G,KGE,11,01548500,0.05482930117315832
GM_minus_G,KGE,11,02125000,-0.06876993607675763
GM_minus_G,KGE,11,03479000,-0.6530770899095111
GM_minus_G,KGE,11,02118500,-0.0335947484886534
GM_minus_G,KGE,11,01139000,0.05495072009998658
GM_minus_G,KGE,11,01187300,0.12817685918812372
GM_minus_G,KGE,11,03504000,-0.09767686798799491
GM_minus_G,KGE,11,02011400,0.04364898542322182
GM_minus_G,KGE,11,01568000,0.004599413155429999
GM_minus_G,KGE,11,01543500,-1.3049689349369977
GM_minus_G,KGE,11,01031500,0.05413382662065214
GM_minus_G,KGE,11,01567500,0.07642197211502944
GM_minus_G,KGE,11,02027500,-0.04949849892774161
GM_minus_G,KGE,11,03010655,0.16387897681199148
GM_minus_G,KGE,11,04216418,-5.531022616944579
GM_minus_G,KGE,11,02152100,-0.06791605216308017
GM_minus_G,KGE,11,01510000,-0.013599141695311623
GM_minus_G,KGE,11,03026500,-0.01662647177092169
GM_minus_G,KGE,11,02128000,-0.08636937234270947
GM_minus_G,KGE,11,04256000,0.04375436263372534
GM_minus_G,KGE,11,01620500,0.1421037946380762
GM_minus_G,KGE,11,03455500,0.13440985916428627
GM_minus_G,KGE,11,01451800,-0.03085159092569223
GM_minus_G,KGE,11,04185000,-0.0036531438871292288
GM_minus_G,KGE,11,02111180,-0.4645875134138707
GM_minus_G,KGE,11,01594950,0.3625356546769535
GM_minus_G,KGE,11,01580000,-0.06175173271562273
GM_minus_G,KGE,11,03050000,-0.21607578408652806
GM_minus_G,KGE,11,01632000,0.06877065135967253
GM_minus_G,KGE,11,04221000,0.3573569293235621
GM_minus_G,KGE,11,03021350,-0.09608874078834029
GM_minus_G,KGE,11,01583500,0.013921496848013803
GM_minus_G,KGE,11,02059500,0.048843703324875976
GM_minus_G,KGE,11,01666500,0.06410850608513674
GM_minus_G,KGE,11,03187500,-0.03753428827941607
GM_minus_G,KGE,11,01181000,0.20120269792197853
GM_minus_G,KGE,11,01440400,0.22046638821910836
GM_minus_G,KGE,11,01435000,0.05129159316015319
GM_minus_G,KGE,11,01144000,-0.01869345422406543
GM_minus_G,KGE,11,02011460,-0.008075443593922205
GM_minus_G,KGE,11,02143000,-0.333146247614325
GM_minus_G,KGE,11,03140000,0.14405686631920123
GM_minus_G,KGE,11,01440000,0.2139388931854217
GM_minus_G,KGE,11,01550000,2.308750488641446
GM_minus_G,KGE,11,02077200,-0.030254721186924183
GM_minus_G,KGE,11,03237500,0.1052307953989754
GM_minus_G,KGE,11,02018000,-0.014884037465423883
GM_minus_G,KGE,11,02013000,-0.029520454280927422
GM_minus_G,KGE,11,03161000,-18.17541750343696
GM_minus_G,KGE,11,04197170,0.2809362479438967
GM_minus_G,KGE,11,03471500,-0.26551753451628324
GM_minus_G,KGE,11,01137500,-0.11054190146923248
GM_minus_G,KGE,11,01052500,-0.09615119516229564
GM_minus_G,KGE,11,02051000,0.01154925178176458
GM_minus_G,KGE,11,01057000,0.00953816491252435
GM_minus_G,KGE,11,03144000,0.35835125295526893
GM_minus_G,KGE,11,03078000,-0.03815632493260379
GM_minus_G,KGE,11,03170000,-0.08961702090368151
GM_minus_G,KGE,11,02038850,0.03699852874368714
GM_minus_G,KGE,11,03241500,0.45898539586660747
GM_minus_G,KGE,11,02064000,0.0015059139059182547
GM_minus_G,KGE,11,02096846,-0.040600412572031064
GM_minus_G,KGE,11,02055100,0.16318591023690898
GM_minus_G,KGE,11,04213075,-2.2633264420890256
GM_minus_G,KGE,11,01333000,0.03813155119838252
GM_minus_G,KGE,11,01552500,-0.05274807281070293
GM_minus_G,KGE,11,04115265,0.11304224085647918
GM_minus_G,KGE,11,03500000,-0.730929271160733
GM_minus_G,KGE,11,01544500,-0.13964637047712125
GM_minus_G,KGE,11,02149000,-0.4302949393027061
GM_minus_G,KGE,11,01552000,0.8790968628315807
GM_minus_G,KGE,11,03159540,0.107531579095687
GM_minus_G,KGE,11,01414500,-0.015685197218552105
GM_minus_G,KGE,11,01542810,2.455556413980247
GM_minus_G,KGE,11,01667500,-0.013464500731097173
GM_minus_G,KGE,13,03456500,0.33172225310121783
GM_minus_G,KGE,13,03182500,0.4183328968708616
GM_minus_G,KGE,13,01539000,0.2227073620343072
GM_minus_G,KGE,13,01350000,0.0892027848703536
GM_minus_G,KGE,13,03238500,-0.34662671407607804
GM_minus_G,KGE,13,01030500,0.009783370331060248
GM_minus_G,KGE,13,01365000,0.1508631662616866
GM_minus_G,KGE,13,03460000,-1.1209990501917146
GM_minus_G,KGE,13,02046000,-0.019651564128135734
GM_minus_G,KGE,13,03028000,0.255368755367806
GM_minus_G,KGE,13,01350080,-0.3617436063244486
GM_minus_G,KGE,13,01484100,-0.09350013633991261
GM_minus_G,KGE,13,02015700,0.14738480420848288
GM_minus_G,KGE,13,04224775,0.16364229172647526
GM_minus_G,KGE,13,01466500,-0.1308688715958164
GM_minus_G,KGE,13,02016000,0.037716063165306624
GM_minus_G,KGE,13,01134500,0.16773980904484698
GM_minus_G,KGE,13,01518862,-0.05367987603619573
GM_minus_G,KGE,13,01545600,-0.2696339543061278
GM_minus_G,KGE,13,04197100,0.3094392164977998
GM_minus_G,KGE,13,01549500,-0.6432836766156315
GM_minus_G,KGE,13,02140991,0.21549920220816932
GM_minus_G,KGE,13,03049000,0.10378853373426722
GM_minus_G,KGE,13,02111500,0.06640597640859158
GM_minus_G,KGE,13,03450000,0.9622709506598555
GM_minus_G,KGE,13,04122200,-0.10519551151741957
GM_minus_G,KGE,13,02053800,-0.049868656416978685
GM_minus_G,KGE,13,04196800,0.4570040717869249
GM_minus_G,KGE,13,02017500,0.0710112103731444
GM_minus_G,KGE,13,03165000,-0.06929980789627554
GM_minus_G,KGE,13,01543000,0.7285544397017756
GM_minus_G,KGE,13,01491000,-0.07009924472626117
GM_minus_G,KGE,13,02051500,-0.021160702828171174
GM_minus_G,KGE,13,02070000,0.04188887272030606
GM_minus_G,KGE,13,01415000,0.11840400802542472
GM_minus_G,KGE,13,03011800,0.4299278809219066
GM_minus_G,KGE,13,02014000,0.07772580066659118
GM_minus_G,KGE,13,02028500,0.03575316428579822
GM_minus_G,KGE,13,02056900,0.06653508617681236
GM_minus_G,KGE,13,01516500,-0.05699129586304741
GM_minus_G,KGE,13,03213700,0.03655667916600813
GM_minus_G,KGE,13,01547700,0.17056176545910595
GM_minus_G,KGE,13,01485500,-0.08063886425014644
GM_minus_G,KGE,13,01632900,0.09942397420498239
GM_minus_G,KGE,13,02027000,0.006668843312811257
GM_minus_G,KGE,13,01078000,0.20805971657441014
GM_minus_G,KGE,13,03049800,0.15298713610125447
GM_minus_G,KGE,13,01606500,0.07731661020288583
GM_minus_G,KGE,13,02065500,0.1299016664694207
GM_minus_G,KGE,13,03164000,0.126402668639212
GM_minus_G,KGE,13,02137727,0.24323801823246272
GM_minus_G,KGE,13,03498500,0.02464584409010251
GM_minus_G,KGE,13,02069700,0.0782916054688928
GM_minus_G,KGE,13,03463300,0.029197451656642337
GM_minus_G,KGE,13,03173000,0.037549518579633845
GM_minus_G,KGE,13,01532000,-0.23404540084743997
GM_minus_G,KGE,13,03186500,0.05052604723905807
GM_minus_G,KGE,13,03488000,-0.03856728389938946
GM_minus_G,KGE,13,01557500,1.0140889014558199
GM_minus_G,KGE,13,01658500,-0.013280827564098985
GM_minus_G,KGE,13,01596500,0.4545657826424262
GM_minus_G,KGE,13,01644000,-0.030020209682137478
GM_minus_G,KGE,13,04213000,0.054285676469241206
GM_minus_G,KGE,13,01487000,-0.0444328019805047
GM_minus_G,KGE,13,01669000,-0.015229791092578271
GM_minus_G,KGE,13,01142500,0.16324403363409123
GM_minus_G,KGE,13,04105700,0.06514207898112401
GM_minus_G,KGE,13,01413500,-0.0211392606033608
GM_minus_G,KGE,13,01613050,-0.17683140060861513
GM_minus_G,KGE,13,03076600,0.3898694151554657
GM_minus_G,KGE,13,01423000,0.16691302694475108
GM_minus_G,KGE,13,01411300,-0.004950912058580892
GM_minus_G,KGE,13,01139800,0.005793656590416085
GM_minus_G,KGE,13,01605500,0.16367861483521096
GM_minus_G,KGE,13,03066000,0.045138211498682246
GM_minus_G,KGE,13,03069500,0.025519935742795763
GM_minus_G,KGE,13,03473000,0.04360202185960904
GM_minus_G,KGE,13,02081500,0.011093251404065807
GM_minus_G,KGE,13,01634500,-0.0199076113116875
GM_minus_G,KGE,13,01439500,0.03617170660372315
GM_minus_G,KGE,13,03070500,0.00924750508399752
GM_minus_G,KGE,13,02143040,-0.24930359278913883
GM_minus_G,KGE,13,01055000,0.0070943903900911875
GM_minus_G,KGE,13,02112360,0.08745825739427071
GM_minus_G,KGE,13,01669520,-0.025718023033070914
GM_minus_G,KGE,13,03180500,0.05173777304462546
GM_minus_G,KGE,13,01638480,0.001778906883505682
GM_minus_G,KGE,13,02053200,0.06482211528739623
GM_minus_G,KGE,13,01169000,0.19747451058569998
GM_minus_G,KGE,13,01350140,0.2269357029539203
GM_minus_G,KGE,13,01591400,0.012264848282446117
GM_minus_G,KGE,13,01586610,0.048339905134864414
GM_minus_G,KGE,13,01434025,-0.0722423701114242
GM_minus_G,KGE,13,03439000,-0.02091141895368609
GM_minus_G,KGE,13,02178400,-0.012698853726959114
GM_minus_G,KGE,13,01664000,0.0052326535090703175
GM_minus_G,KGE,13,03015500,0.09127157818563969
GM_minus_G,KGE,13,04296000,0.3228985347599619
GM_minus_G,KGE,13,02112120,0.04951533574158418
GM_minus_G,KGE,13,02082950,-0.04962513037488925
GM_minus_G,KGE,13,01639500,-0.01597034877057446
GM_minus_G,KGE,13,01047000,0.06587027963179459
GM_minus_G,KGE,13,02074500,-0.01861110291070922
GM_minus_G,KGE,13,01054200,0.06563684713104512
GM_minus_G,KGE,13,02177000,0.04935364697286693
GM_minus_G,KGE,13,03500240,0.3482608419496249
GM_minus_G,KGE,13,04233000,0.2806771514321327
GM_minus_G,KGE,13,03237280,0.03371552528271682
GM_minus_G,KGE,13,01548500,0.04175540101455655
GM_minus_G,KGE,13,02125000,0.04274326851245025
GM_minus_G,KGE,13,03479000,0.21342618590544693
GM_minus_G,KGE,13,02118500,0.034072676329057305
GM_minus_G,KGE,13,01139000,0.2762137630819731
GM_minus_G,KGE,13,01187300,0.17113004432997714
GM_minus_G,KGE,13,03504000,-0.014003545172912135
GM_minus_G,KGE,13,02011400,0.05528418909213606
GM_minus_G,KGE,13,01568000,0.11960659618509417
GM_minus_G,KGE,13,01543500,-1.5382325530759817
GM_minus_G,KGE,13,01031500,0.1417249421847957
GM_minus_G,KGE,13,01567500,0.06596231224855253
GM_minus_G,KGE,13,02027500,0.16112674983671338
GM_minus_G,KGE,13,03010655,1.1590298267207546
GM_minus_G,KGE,13,04216418,2.998633531241925
GM_minus_G,KGE,13,02152100,0.03140097638559847
GM_minus_G,KGE,13,01510000,-0.10267638920987121
GM_minus_G,KGE,13,03026500,0.04019335656426826
GM_minus_G,KGE,13,02128000,0.02638660156781847
GM_minus_G,KGE,13,04256000,0.08755139180564475
GM_minus_G,KGE,13,01620500,0.3998417092190726
GM_minus_G,KGE,13,03455500,0.1456624033576558
GM_minus_G,KGE,13,01451800,0.31669659995411215
GM_minus_G,KGE,13,04185000,-0.1718372777127507
GM_minus_G,KGE,13,02111180,0.034008906862621036
GM_minus_G,KGE,13,01594950,0.5308451335391501
GM_minus_G,KGE,13,01580000,-0.21508639073041413
GM_minus_G,KGE,13,03050000,0.0746004053301077
GM_minus_G,KGE,13,01632000,0.13308124467893867
GM_minus_G,KGE,13,04221000,0.1601262153205033
GM_minus_G,KGE,13,03021350,0.08382816789484848
GM_minus_G,KGE,13,01583500,-0.02094133545385546
GM_minus_G,KGE,13,02059500,0.06199128238747975
GM_minus_G,KGE,13,01666500,0.015090080935968864
GM_minus_G,KGE,13,03187500,0.026800867579787058
GM_minus_G,KGE,13,01181000,0.19435430972689083
GM_minus_G,KGE,13,01440400,0.22308607503997213
GM_minus_G,KGE,13,01435000,0.1299286635695025
GM_minus_G,KGE,13,01144000,0.06639406515236834
GM_minus_G,KGE,13,02011460,0.3032142544600168
GM_minus_G,KGE,13,02143000,0.04709472036664497
GM_minus_G,KGE,13,03140000,0.09099058019671513
GM_minus_G,KGE,13,01440000,0.18617671120899493
GM_minus_G,KGE,13,01550000,-3.4608493621143532
GM_minus_G,KGE,13,02077200,-0.01480724399972333
GM_minus_G,KGE,13,03237500,-0.14851166798406878
GM_minus_G,KGE,13,02018000,0.023701453005554263
GM_minus_G,KGE,13,02013000,0.03448153566650103
GM_minus_G,KGE,13,03161000,2.1590762439928817
GM_minus_G,KGE,13,04197170,0.015916049885876693
GM_minus_G,KGE,13,03471500,-0.01026339316229019
GM_minus_G,KGE,13,01137500,-0.04837476491830173
GM_minus_G,KGE,13,01052500,0.016297927343371876
GM_minus_G,KGE,13,02051000,-0.027264027405807578
GM_minus_G,KGE,13,01057000,0.1805763025844378
GM_minus_G,KGE,13,03144000,0.06989279283361682
GM_minus_G,KGE,13,03078000,0.2912197679221866
GM_minus_G,KGE,13,03170000,0.0339911646545723
GM_minus_G,KGE,13,02038850,-0.01093456384086422
GM_minus_G,KGE,13,03241500,-0.03393406708660418
GM_minus_G,KGE,13,02064000,0.01456302317335778
GM_minus_G,KGE,13,02096846,-0.005206629564583176
GM_minus_G,KGE,13,02055100,0.12489436514453045
GM_minus_G,KGE,13,04213075,0.9085662236629086
GM_minus_G,KGE,13,01333000,0.16030022211397832
GM_minus_G,KGE,13,01552500,0.21542592674598493
GM_minus_G,KGE,13,04115265,0.07917632465237934
GM_minus_G,KGE,13,03500000,0.08950612346957876
GM_minus_G,KGE,13,01544500,-0.6647333781918834
GM_minus_G,KGE,13,02149000,0.09690701805441682
GM_minus_G,KGE,13,01552000,-1.3326017944495687
GM_minus_G,KGE,13,03159540,-0.009113274827385665
GM_minus_G,KGE,13,01414500,-0.018820283412417482
GM_minus_G,KGE,13,01542810,17.218570265753165
GM_minus_G,KGE,13,01667500,-0.0022043064045407235
GM_minus_G,logNSE,17,03456500,0.06882109349608256
GM_minus_G,logNSE,17,01539000,-0.02600457774870457
GM_minus_G,logNSE,17,01350000,-0.008804161922642773
GM_minus_G,logNSE,17,01030500,0.04076088234302566
GM_minus_G,logNSE,17,01365000,-0.05266786732559936
GM_minus_G,logNSE,17,03460000,-0.09247847070504278
GM_minus_G,logNSE,17,03028000,-0.004747829700801454
GM_minus_G,logNSE,17,01350080,0.04111891630665443
GM_minus_G,logNSE,17,01134500,-0.04160043360702825
GM_minus_G,logNSE,17,01543000,-0.03367374783599153
GM_minus_G,logNSE,17,01415000,-0.0199853666075539
GM_minus_G,logNSE,17,03011800,-0.005088221763800083
GM_minus_G,logNSE,17,01078000,-0.08191954315127203
GM_minus_G,logNSE,17,03463300,-0.13952677320711837
GM_minus_G,logNSE,17,03186500,-0.02976592002374079
GM_minus_G,logNSE,17,04213000,0.02184975694881708
GM_minus_G,logNSE,17,01142500,-0.017269144233702516
GM_minus_G,logNSE,17,01413500,-0.03497526242627691
GM_minus_G,logNSE,17,03076600,0.010696688063434712
GM_minus_G,logNSE,17,01423000,-0.043922575241098105
GM_minus_G,logNSE,17,01139800,-0.22185976216885628
GM_minus_G,logNSE,17,03066000,-0.052586519036370905
GM_minus_G,logNSE,17,03069500,-0.00803560813051074
GM_minus_G,logNSE,17,01439500,0.050169840262522136
GM_minus_G,logNSE,17,03070500,-0.017825188841495865
GM_minus_G,logNSE,17,01055000,-0.040277195457946946
GM_minus_G,logNSE,17,03180500,-0.04283249549769552
GM_minus_G,logNSE,17,01169000,-0.05556377886534558
GM_minus_G,logNSE,17,01350140,0.11617784718302959
GM_minus_G,logNSE,17,01434025,-0.11099201197944275
GM_minus_G,logNSE,17,03439000,-0.013563317328043945
GM_minus_G,logNSE,17,02178400,0.016654879181516757
GM_minus_G,logNSE,17,03015500,-0.04675369698351317
GM_minus_G,logNSE,17,04296000,-0.03304359439684479
GM_minus_G,logNSE,17,01047000,0.0005369599533666669
GM_minus_G,logNSE,17,01054200,-0.0942183033610946
GM_minus_G,logNSE,17,02177000,0.07525442472112409
GM_minus_G,logNSE,17,03500240,-0.0023620363864744753
GM_minus_G,logNSE,17,01139000,0.034104415303908286
GM_minus_G,logNSE,17,01187300,-0.04652919589718274
GM_minus_G,logNSE,17,03504000,-0.03993738460340812
GM_minus_G,logNSE,17,01543500,-0.03855984099048104
GM_minus_G,logNSE,17,01031500,-0.03535296734067428
GM_minus_G,logNSE,17,01510000,-0.03092527977426951
GM_minus_G,logNSE,17,03026500,-0.07458136485811873
GM_minus_G,logNSE,17,04256000,-0.0658250726033891
GM_minus_G,logNSE,17,03455500,0.1039700335711009
GM_minus_G,logNSE,17,01451800,-0.05047073924507817
GM_minus_G,logNSE,17,01594950,-0.04727587902747654
GM_minus_G,logNSE,17,03050000,0.03191734133634705
GM_minus_G,logNSE,17,03021350,-0.020223528096159904
GM_minus_G,logNSE,17,03187500,-0.07956327094011795
GM_minus_G,logNSE,17,01181000,-0.059081059322080964
GM_minus_G,logNSE,17,01440400,0.0370382590605165
GM_minus_G,logNSE,17,01435000,-0.07309381216542854
GM_minus_G,logNSE,17,01144000,0.027578077662969713
GM_minus_G,logNSE,17,01440000,0.014735610798194632
GM_minus_G,logNSE,17,01137500,-0.12383317628444779
GM_minus_G,logNSE,17,01052500,0.01893771557578794
GM_minus_G,logNSE,17,01057000,-0.07118165546859401
GM_minus_G,logNSE,17,03078000,0.03728392737020525
GM_minus_G,logNSE,17,04213075,-0.21726273114925854
GM_minus_G,logNSE,17,01333000,-0.03908785662222236
GM_minus_G,logNSE,17,01552500,-0.03089889995946249
GM_minus_G,logNSE,17,03500000,0.02132191249181592
GM_minus_G,logNSE,17,01552000,-0.012370370094837657
GM_minus_G,logNSE,17,01414500,-0.053986049966061156
GM_minus_G,logNSE,11,03456500,-0.19838209644538785
GM_minus_G,logNSE,11,01539000,-0.012587405634395754
GM_minus_G,logNSE,11,01350000,0.015832202991234223
GM_minus_G,logNSE,11,01030500,0.004716188943888477
GM_minus_G,logNSE,11,01365000,-0.04501307924211084
GM_minus_G,logNSE,11,03460000,-0.15754690734297971
GM_minus_G,logNSE,11,03028000,0.025765866593955855
GM_minus_G,logNSE,11,01350080,0.05265557025518541
GM_minus_G,logNSE,11,01134500,-0.0012698946785577592
GM_minus_G,logNSE,11,01543000,-0.011126764729569083
GM_minus_G,logNSE,11,01415000,0.015677730199981643
GM_minus_G,logNSE,11,03011800,0.0016990018026767917
GM_minus_G,logNSE,11,01078000,0.00900074416292862
GM_minus_G,logNSE,11,03463300,-0.18525311480152806
GM_minus_G,logNSE,11,03186500,0.03306212396876851
GM_minus_G,logNSE,11,04213000,0.03616734616998585
GM_minus_G,logNSE,11,01142500,0.08120083146749801
GM_minus_G,logNSE,11,01413500,0.03642177463146978
GM_minus_G,logNSE,11,03076600,-0.018387987571111708
GM_minus_G,logNSE,11,01423000,0.07980222900286216
GM_minus_G,logNSE,11,01139800,-0.13854423564623297
GM_minus_G,logNSE,11,03066000,-0.07881555951441
GM_minus_G,logNSE,11,03069500,-0.02628308052822792
GM_minus_G,logNSE,11,01439500,0.06118233210944746
GM_minus_G,logNSE,11,03070500,-0.013228389932798845
GM_minus_G,logNSE,11,01055000,0.003573595755536063
GM_minus_G,logNSE,11,03180500,-0.12337796210437846
GM_minus_G,logNSE,11,01169000,0.08627882277744803
GM_minus_G,logNSE,11,01350140,0.11859971232649502
GM_minus_G,logNSE,11,01434025,-0.022722871183101345
GM_minus_G,logNSE,11,03439000,-0.337635971847704
GM_minus_G,logNSE,11,02178400,-0.17459491153963913
GM_minus_G,logNSE,11,03015500,-0.03542200355647207
GM_minus_G,logNSE,11,04296000,0.0003640246693630278
GM_minus_G,logNSE,11,01047000,0.05514942301565573
GM_minus_G,logNSE,11,01054200,-0.013467370659861144
GM_minus_G,logNSE,11,02177000,-0.36626116637816497
GM_minus_G,logNSE,11,03500240,-0.16278579201826493
GM_minus_G,logNSE,11,01139000,0.005656344718281359
GM_minus_G,logNSE,11,01187300,-0.02017270307471386
GM_minus_G,logNSE,11,03504000,-0.16339492040416304
GM_minus_G,logNSE,11,01543500,-0.013749714073960306
GM_minus_G,logNSE,11,01031500,0.07268379890928967
GM_minus_G,logNSE,11,01510000,0.02563478973341471
GM_minus_G,logNSE,11,03026500,-0.0720446727771562
GM_minus_G,logNSE,11,04256000,0.010967033210323107
GM_minus_G,logNSE,11,03455500,0.07453902802039392
GM_minus_G,logNSE,11,01451800,-0.02060549413288648
GM_minus_G,logNSE,11,01594950,-0.06311283328354822
GM_minus_G,logNSE,11,03050000,-0.0056885632670496955
GM_minus_G,logNSE,11,03021350,0.01009362478345921
GM_minus_G,logNSE,11,03187500,-0.045329277260723666
GM_minus_G,logNSE,11,01181000,0.08271086327623711
GM_minus_G,logNSE,11,01440400,0.06397714086383566
GM_minus_G,logNSE,11,01435000,0.013142304803128724
GM_minus_G,logNSE,11,01144000,0.0808498544996461
GM_minus_G,logNSE,11,01440000,0.016782014116559107
GM_minus_G,logNSE,11,01137500,-0.06095742588667452
GM_minus_G,logNSE,11,01052500,-0.011869217602321291
GM_minus_G,logNSE,11,01057000,-0.012511187424911419
GM_minus_G,logNSE,11,03078000,0.019692373056648727
GM_minus_G,logNSE,11,04213075,0.3684109597043257
GM_minus_G,logNSE,11,01333000,0.10830995185099956
GM_minus_G,logNSE,11,01552500,0.0043520407677966055
GM_minus_G,logNSE,11,03500000,-0.3127362735331535
GM_minus_G,logNSE,11,01552000,0.00452333484913392
GM_minus_G,logNSE,11,01414500,-0.018375986269834055
GM_minus_G,logNSE,13,03456500,0.09248951042466325
GM_minus_G,logNSE,13,01539000,0.012825197704703584
GM_minus_G,logNSE,13,01350000,0.06320709191544494
GM_minus_G,logNSE,13,01030500,-0.007500359058880024
GM_minus_G,logNSE,13,01365000,0.0754650347064647
GM_minus_G,logNSE,13,03460000,-0.07608980831580381
GM_minus_G,logNSE,13,03028000,0.026494145547134806
GM_minus_G,logNSE,13,01350080,-0.008347910378688983
GM_minus_G,logNSE,13,01134500,0.02859268168188045
GM_minus_G,logNSE,13,01543000,-0.013582999143012198
GM_minus_G,logNSE,13,01415000,-0.031777514097141246
GM_minus_G,logNSE,13,03011800,0.02140045222982012
GM_minus_G,logNSE,13,01078000,0.03198547130964979
GM_minus_G,logNSE,13,03463300,-0.11455858240569627
GM_minus_G,logNSE,13,03186500,-0.021249805025041812
GM_minus_G,logNSE,13,04213000,0.002653243792471782
GM_minus_G,logNSE,13,01142500,0.014142134167237641
GM_minus_G,logNSE,13,01413500,0.016889320055285317
GM_minus_G,logNSE,13,03076600,-0.032906293112235696
GM_minus_G,logNSE,13,01423000,0.04150651435341013
GM_minus_G,logNSE,13,01139800,-0.1414401538990383
GM_minus_G,logNSE,13,03066000,-0.05516564339301455
GM_minus_G,logNSE,13,03069500,-0.0035117670964307512
GM_minus_G,logNSE,13,01439500,0.10458842998642359
GM_minus_G,logNSE,13,03070500,-0.002966256347667562
GM_minus_G,logNSE,13,01055000,-0.05426520411298208
GM_minus_G,logNSE,13,03180500,-0.0548984934920107
GM_minus_G,logNSE,13,01169000,0.03272882302953828
GM_minus_G,logNSE,13,01350140,0.0639900722327087
GM_minus_G,logNSE,13,01434025,-0.04595606792862805
GM_minus_G,logNSE,13,03439000,-0.021095445130304924
GM_minus_G,logNSE,13,02178400,0.017702293443194073
GM_minus_G,logNSE,13,03015500,-0.000920305235596719
GM_minus_G,logNSE,13,04296000,0.0017215894823058298
GM_minus_G,logNSE,13,01047000,0.03172483774004009
GM_minus_G,logNSE,13,01054200,-0.0679293461325361
GM_minus_G,logNSE,13,02177000,0.02828306282100801
GM_minus_G,logNSE,13,03500240,-0.027251372039560406
GM_minus_G,logNSE,13,01139000,0.007250176365531158
GM_minus_G,logNSE,13,01187300,-0.08203385904312344
GM_minus_G,logNSE,13,03504000,0.06527966256701434
GM_minus_G,logNSE,13,01543500,-0.037955186563755405
GM_minus_G,logNSE,13,01031500,0.03406124497441987
GM_minus_G,logNSE,13,01510000,-0.0021369281528316186
GM_minus_G,logNSE,13,03026500,-0.09232998945849336
GM_minus_G,logNSE,13,04256000,-0.025454466162332934
GM_minus_G,logNSE,13,03455500,0.011325466617800095
GM_minus_G,logNSE,13,01451800,-0.06786470703123115
GM_minus_G,logNSE,13,01594950,-0.018912951997022476
GM_minus_G,logNSE,13,03050000,-0.012412064937807665
GM_minus_G,logNSE,13,03021350,-0.0546885708273015
GM_minus_G,logNSE,13,03187500,-0.07608681621626778
GM_minus_G,logNSE,13,01181000,0.05219657705182745
GM_minus_G,logNSE,13,01440400,0.07929468920166816
GM_minus_G,logNSE,13,01435000,0.07062662344302473
GM_minus_G,logNSE,13,01144000,0.04861830516206034
GM_minus_G,logNSE,13,01440000,0.08961814436146742
GM_minus_G,logNSE,13,01137500,-0.11489771167357521
GM_minus_G,logNSE,13,01052500,0.007116405972515727
GM_minus_G,logNSE,13,01057000,0.007108521590877048
GM_minus_G,logNSE,13,03078000,-0.02578930627172149
GM_minus_G,logNSE,13,04213075,-0.08286969121794774
GM_minus_G,logNSE,13,01333000,0.0382929779422051
GM_minus_G,logNSE,13,01552500,-0.00724467732344547
GM_minus_G,logNSE,13,03500000,-0.017430084257281986
GM_minus_G,logNSE,13,01552000,-0.012914261096635404
GM_minus_G,logNSE,13,01414500,-0.02926233178177229
GTM_minus_GT,NSE,17,03456500,-0.006938584640253431
GTM_minus_GT,NSE,17,03182500,-0.007085672816977584
GTM_minus_GT,NSE,17,01539000,0.021811593791817185
GTM_minus_GT,NSE,17,01350000,0.04057798442049565
GTM_minus_GT,NSE,17,03238500,-0.03297075298996843
GTM_minus_GT,NSE,17,01030500,0.04379360013363609
GTM_minus_GT,NSE,17,01365000,0.03908702323567148
GTM_minus_GT,NSE,17,03460000,-0.2942824121459088
GTM_minus_GT,NSE,17,02046000,-0.02056795778684839
GTM_minus_GT,NSE,17,03028000,0.01493631671847473
GTM_minus_GT,NSE,17,01350080,-0.05350172615299065
GTM_minus_GT,NSE,17,01484100,0.0339819507129725
GTM_minus_GT,NSE,17,02015700,-0.026819727654327163
GTM_minus_GT,NSE,17,04224775,-0.05701169728190714
GTM_minus_GT,NSE,17,01466500,-0.38991215140610236
GTM_minus_GT,NSE,17,02016000,-0.010607301256195134
GTM_minus_GT,NSE,17,01134500,0.00041905994751778586
GTM_minus_GT,NSE,17,01518862,-0.10646145408760421
GTM_minus_GT,NSE,17,01545600,-0.0736404640881344
GTM_minus_GT,NSE,17,04197100,-0.04221725970193979
GTM_minus_GT,NSE,17,01549500,-0.09809653549675112
GTM_minus_GT,NSE,17,02140991,0.022276446678924033
GTM_minus_GT,NSE,17,03049000,-0.010397096678720685
GTM_minus_GT,NSE,17,02111500,0.15720643591758743
GTM_minus_GT,NSE,17,03450000,-0.04086540916499559
GTM_minus_GT,NSE,17,04122200,-0.12515216124946604
GTM_minus_GT,NSE,17,02053800,-0.09846309517133833
GTM_minus_GT,NSE,17,04196800,0.011241957702451288
GTM_minus_GT,NSE,17,02017500,-0.03103268350661703
GTM_minus_GT,NSE,17,03165000,-0.07502775154621133
GTM_minus_GT,NSE,17,01543000,0.03813936859889655
GTM_minus_GT,NSE,17,01491000,0.004503897926479317
GTM_minus_GT,NSE,17,02051500,-0.05560924546093615
GTM_minus_GT,NSE,17,02070000,0.00447671618487766
GTM_minus_GT,NSE,17,01415000,0.05126310368977738
GTM_minus_GT,NSE,17,03011800,0.018796805818925955
GTM_minus_GT,NSE,17,02014000,-0.026744033156797853
GTM_minus_GT,NSE,17,02028500,-0.012774511310434167
GTM_minus_GT,NSE,17,02056900,0.0333575933705591
GTM_minus_GT,NSE,17,01516500,-0.06303948193925935
GTM_minus_GT,NSE,17,03213700,-0.013781757459761401
GTM_minus_GT,NSE,17,01547700,-0.01739301907659474
GTM_minus_GT,NSE,17,01485500,-0.009580786994637602
GTM_minus_GT,NSE,17,01632900,-0.2894677873554654
GTM_minus_GT,NSE,17,02027000,-0.03479316100183649
GTM_minus_GT,NSE,17,01078000,-0.007951154405586469
GTM_minus_GT,NSE,17,03049800,-0.05674887088034253
GTM_minus_GT,NSE,17,01606500,-0.013761244615724588
GTM_minus_GT,NSE,17,02065500,0.020519100151578207
GTM_minus_GT,NSE,17,03164000,0.1534223629631667
GTM_minus_GT,NSE,17,02137727,0.017383190960059025
GTM_minus_GT,NSE,17,03498500,-0.027254464322931327
GTM_minus_GT,NSE,17,02069700,0.1493303863660378
GTM_minus_GT,NSE,17,03463300,0.006809929339100629
GTM_minus_GT,NSE,17,03173000,-0.13436462234581892
GTM_minus_GT,NSE,17,01532000,-0.0401297350061125
GTM_minus_GT,NSE,17,03186500,0.013555935010113318
GTM_minus_GT,NSE,17,03488000,-0.15181536057908196
GTM_minus_GT,NSE,17,01557500,-0.06759878028800714
GTM_minus_GT,NSE,17,01658500,-0.016533087273722713
GTM_minus_GT,NSE,17,01596500,-0.03218924081989294
GTM_minus_GT,NSE,17,01644000,-0.02500660583616443
GTM_minus_GT,NSE,17,04213000,-0.006169945178848835
GTM_minus_GT,NSE,17,01487000,-0.027272313396970782
GTM_minus_GT,NSE,17,01669000,-0.12119711065354488
GTM_minus_GT,NSE,17,01142500,0.00019909445471044673
GTM_minus_GT,NSE,17,04105700,0.5674930808697181
GTM_minus_GT,NSE,17,01413500,-0.038420113907970066
GTM_minus_GT,NSE,17,01613050,-0.10463857218613148
GTM_minus_GT,NSE,17,03076600,-0.012963665206286779
GTM_minus_GT,NSE,17,01423000,0.05032371692698234
GTM_minus_GT,NSE,17,01411300,0.36395977580277505
GTM_minus_GT,NSE,17,01139800,-0.08871124992935964
GTM_minus_GT,NSE,17,01605500,-0.04829720468792398
GTM_minus_GT,NSE,17,03066000,0.007516134493237736
GTM_minus_GT,NSE,17,03069500,0.018310993999288927
GTM_minus_GT,NSE,17,03473000,-0.04934067370794337
GTM_minus_GT,NSE,17,02081500,-0.013542643575364277
GTM_minus_GT,NSE,17,01634500,-0.05958330388025168
GTM_minus_GT,NSE,17,01439500,0.03596623703107893
GTM_minus_GT,NSE,17,03070500,0.007350190848456339
GTM_minus_GT,NSE,17,02143040,0.005701787966511773
GTM_minus_GT,NSE,17,01055000,-0.05801606286411065
GTM_minus_GT,NSE,17,02112360,0.11865006713695603
GTM_minus_GT,NSE,17,01669520,0.029376429010799066
GTM_minus_GT,NSE,17,03180500,-0.03283081633737561
GTM_minus_GT,NSE,17,01638480,0.04133608805035571
GTM_minus_GT,NSE,17,02053200,-0.01430771621300686
GTM_minus_GT,NSE,17,01169000,0.04477100855875171
GTM_minus_GT,NSE,17,01350140,-0.08330289183988826
GTM_minus_GT,NSE,17,01591400,-0.011966404841531997
GTM_minus_GT,NSE,17,01586610,0.006828171093229307
GTM_minus_GT,NSE,17,01434025,-0.05439634823483652
GTM_minus_GT,NSE,17,03439000,-0.03535280632179583
GTM_minus_GT,NSE,17,02178400,0.006506150377220576
GTM_minus_GT,NSE,17,01664000,0.021155748286777687
GTM_minus_GT,NSE,17,03015500,-0.001801182833559234
GTM_minus_GT,NSE,17,04296000,-0.054298285071443964
GTM_minus_GT,NSE,17,02112120,0.214005076077723
GTM_minus_GT,NSE,17,02082950,-0.16673561046748142
GTM_minus_GT,NSE,17,01639500,0.0559568616895455
GTM_minus_GT,NSE,17,01047000,0.034087090804384435
GTM_minus_GT,NSE,17,02074500,-0.0734282936192433
GTM_minus_GT,NSE,17,01054200,-0.01589050262948377
GTM_minus_GT,NSE,17,02177000,0.10205784696466325
GTM_minus_GT,NSE,17,03500240,-0.06485705380256257
GTM_minus_GT,NSE,17,04233000,-0.051746942196393975
GTM_minus_GT,NSE,17,03237280,-0.05641592974517862
GTM_minus_GT,NSE,17,01548500,-0.009637016802037657
GTM_minus_GT,NSE,17,02125000,-0.031795827889544714
GTM_minus_GT,NSE,17,03479000,-0.04316452023691597
GTM_minus_GT,NSE,17,02118500,-0.00023781591244720346
GTM_minus_GT,NSE,17,01139000,0.047771354198583915
GTM_minus_GT,NSE,17,01187300,0.011896265258628635
GTM_minus_GT,NSE,17,03504000,-0.06166077452900609
GTM_minus_GT,NSE,17,02011400,-0.09142092364611132
GTM_minus_GT,NSE,17,01568000,-0.017095293594587613
GTM_minus_GT,NSE,17,01543500,0.027444302170992696
GTM_minus_GT,NSE,17,01031500,0.031245165863770574
GTM_minus_GT,NSE,17,01567500,-0.036040019915821064
GTM_minus_GT,NSE,17,02027500,-0.02791996205218572
GTM_minus_GT,NSE,17,03010655,-0.03424029786731275
GTM_minus_GT,NSE,17,04216418,-0.05621202402680503
GTM_minus_GT,NSE,17,02152100,0.04127365613888978
GTM_minus_GT,NSE,17,01510000,0.003932472143568955
GTM_minus_GT,NSE,17,03026500,-0.057120891896602854
GTM_minus_GT,NSE,17,02128000,0.03817335872933314
GTM_minus_GT,NSE,17,04256000,-0.03084645607868297
GTM_minus_GT,NSE,17,01620500,-0.11159081629431733
GTM_minus_GT,NSE,17,03455500,-0.03766977198877641
GTM_minus_GT,NSE,17,01451800,-0.0029662676745535466
GTM_minus_GT,NSE,17,04185000,-0.2516304327895833
GTM_minus_GT,NSE,17,02111180,0.04244355855622006
GTM_minus_GT,NSE,17,01594950,0.0030708942556195717
GTM_minus_GT,NSE,17,01580000,-0.02554693371797645
GTM_minus_GT,NSE,17,03050000,-0.007761412255652855
GTM_minus_GT,NSE,17,01632000,0.026560344389852775
GTM_minus_GT,NSE,17,04221000,-0.05417757234942766
GTM_minus_GT,NSE,17,03021350,-0.01883076159775454
GTM_minus_GT,NSE,17,01583500,0.02410787536700587
GTM_minus_GT,NSE,17,02059500,-0.019683250916493145
GTM_minus_GT,NSE,17,01666500,0.1061739553507145
GTM_minus_GT,NSE,17,03187500,-0.04318329506036056
GTM_minus_GT,NSE,17,01181000,0.059249918674523006
GTM_minus_GT,NSE,17,01440400,0.11514646344527779
GTM_minus_GT,NSE,17,01435000,0.03198999067988817
GTM_minus_GT,NSE,17,01144000,0.016739138128736508
GTM_minus_GT,NSE,17,02011460,-0.10404007812312199
GTM_minus_GT,NSE,17,02143000,-0.0003351166916047976
GTM_minus_GT,NSE,17,03140000,-0.06195917326827993
GTM_minus_GT,NSE,17,01440000,0.030190859386465485
GTM_minus_GT,NSE,17,01550000,-0.04513264152848384
GTM_minus_GT,NSE,17,02077200,0.012384115938188667
GTM_minus_GT,NSE,17,03237500,-0.027990416861958245
GTM_minus_GT,NSE,17,02018000,-0.10395659210914876
GTM_minus_GT,NSE,17,02013000,-0.06404473041681624
GTM_minus_GT,NSE,17,03161000,0.08917013363449333
GTM_minus_GT,NSE,17,04197170,-0.09234449358571994
GTM_minus_GT,NSE,17,03471500,-0.2779094855369233
GTM_minus_GT,NSE,17,01137500,-0.04775568274916242
GTM_minus_GT,NSE,17,01052500,0.03640023657176816
GTM_minus_GT,NSE,17,02051000,-0.06414887325762686
GTM_minus_GT,NSE,17,01057000,0.02939086192214957
GTM_minus_GT,NSE,17,03144000,-0.05569341842471176
GTM_minus_GT,NSE,17,03078000,-0.01495196610554761
GTM_minus_GT,NSE,17,03170000,-0.1133046992051081
GTM_minus_GT,NSE,17,02038850,-0.01258583819183079
GTM_minus_GT,NSE,17,03241500,-0.037314138549855436
GTM_minus_GT,NSE,17,02064000,-0.05672634171042601
GTM_minus_GT,NSE,17,02096846,-0.07048317112106361
GTM_minus_GT,NSE,17,02055100,-0.0008673376964402069
GTM_minus_GT,NSE,17,04213075,0.059536264367203384
GTM_minus_GT,NSE,17,01333000,0.027687588539418106
GTM_minus_GT,NSE,17,01552500,-0.036585386034212464
GTM_minus_GT,NSE,17,04115265,0.07772870999823267
GTM_minus_GT,NSE,17,03500000,0.04086621980758176
GTM_minus_GT,NSE,17,01544500,-0.13929614643349553
GTM_minus_GT,NSE,17,02149000,0.05426137192535119
GTM_minus_GT,NSE,17,01552000,-0.032534494476764375
GTM_minus_GT,NSE,17,03159540,-0.008336412160459883
GTM_minus_GT,NSE,17,01414500,-0.08321931230582069
GTM_minus_GT,NSE,17,01542810,-0.058055962840068975
GTM_minus_GT,NSE,17,01667500,0.0717016961197392
GTM_minus_GT,NSE,11,03456500,0.02621434732897321
GTM_minus_GT,NSE,11,03182500,0.009594568996367014
GTM_minus_GT,NSE,11,01539000,0.00912084040873462
GTM_minus_GT,NSE,11,01350000,0.008965487223652535
GTM_minus_GT,NSE,11,03238500,-0.000857253882724951
GTM_minus_GT,NSE,11,01030500,0.0473936867186846
GTM_minus_GT,NSE,11,01365000,0.010011006681807877
GTM_minus_GT,NSE,11,03460000,-0.18643078306815553
GTM_minus_GT,NSE,11,02046000,-0.004371223794922496
GTM_minus_GT,NSE,11,03028000,-0.03877593997894735
GTM_minus_GT,NSE,11,01350080,-0.12502783090631941
GTM_minus_GT,NSE,11,01484100,-0.11630501370859003
GTM_minus_GT,NSE,11,02015700,-0.03787723300086865
GTM_minus_GT,NSE,11,04224775,-0.06659746479827511
GTM_minus_GT,NSE,11,01466500,-0.5373266104463483
GTM_minus_GT,NSE,11,02016000,-0.010341956851097622
GTM_minus_GT,NSE,11,01134500,0.04575122522216679
GTM_minus_GT,NSE,11,01518862,-0.03336109327140424
GTM_minus_GT,NSE,11,01545600,-0.09259028094535482
GTM_minus_GT,NSE,11,04197100,0.005874467550983198
GTM_minus_GT,NSE,11,01549500,-0.02964986364626876
GTM_minus_GT,NSE,11,02140991,0.058151499558857345
GTM_minus_GT,NSE,11,03049000,0.00010838564883708379
GTM_minus_GT,NSE,11,02111500,-0.03635552247461571
GTM_minus_GT,NSE,11,03450000,-0.0075369859980471965
GTM_minus_GT,NSE,11,04122200,-0.1129662291693112
GTM_minus_GT,NSE,11,02053800,-0.05628516955498453
GTM_minus_GT,NSE,11,04196800,-0.002991132147497577
GTM_minus_GT,NSE,11,02017500,0.020881038335647806
GTM_minus_GT,NSE,11,03165000,-0.07568878402269996
GTM_minus_GT,NSE,11,01543000,-0.007944495429509812
GTM_minus_GT,NSE,11,01491000,0.03584002752195092
GTM_minus_GT,NSE,11,02051500,-0.026211510445392827
GTM_minus_GT,NSE,11,02070000,-0.03538364599649746
GTM_minus_GT,NSE,11,01415000,0.001691002509459416
GTM_minus_GT,NSE,11,03011800,-0.07938141537759158
GTM_minus_GT,NSE,11,02014000,0.0269580911350209
GTM_minus_GT,NSE,11,02028500,-0.022084356998013255
GTM_minus_GT,NSE,11,02056900,0.019223571688362195
GTM_minus_GT,NSE,11,01516500,-0.0679235545489596
GTM_minus_GT,NSE,11,03213700,-0.04719306042374294
GTM_minus_GT,NSE,11,01547700,-0.013002601906737077
GTM_minus_GT,NSE,11,01485500,0.05323237902688538
GTM_minus_GT,NSE,11,01632900,-0.1104488536301198
GTM_minus_GT,NSE,11,02027000,0.0034005428144330274
GTM_minus_GT,NSE,11,01078000,0.02360213010463852
GTM_minus_GT,NSE,11,03049800,-0.045908632228385815
GTM_minus_GT,NSE,11,01606500,-0.012211075392462911
GTM_minus_GT,NSE,11,02065500,0.05811978523369932
GTM_minus_GT,NSE,11,03164000,0.12620328675931636
GTM_minus_GT,NSE,11,02137727,0.033417653733608166
GTM_minus_GT,NSE,11,03498500,-0.03491671231242699
GTM_minus_GT,NSE,11,02069700,-0.0038542079539264362
GTM_minus_GT,NSE,11,03463300,0.039059208117985245
GTM_minus_GT,NSE,11,03173000,0.0364435952269333
GTM_minus_GT,NSE,11,01532000,-0.01948217017981846
GTM_minus_GT,NSE,11,03186500,0.01210955874822206
GTM_minus_GT,NSE,11,03488000,-0.03787794500996733
GTM_minus_GT,NSE,11,01557500,-0.10626723214191869
GTM_minus_GT,NSE,11,01658500,-0.03129802391875758
GTM_minus_GT,NSE,11,01596500,-0.0736259748892163
GTM_minus_GT,NSE,11,01644000,0.04640833941011979
GTM_minus_GT,NSE,11,04213000,0.01656013753841945
GTM_minus_GT,NSE,11,01487000,-0.09447623185805576
GTM_minus_GT,NSE,11,01669000,-0.2654387858215812
GTM_minus_GT,NSE,11,01142500,0.10020007142015519
GTM_minus_GT,NSE,11,04105700,0.2688793144241455
GTM_minus_GT,NSE,11,01413500,-0.06529634577702526
GTM_minus_GT,NSE,11,01613050,-0.06515396631197623
GTM_minus_GT,NSE,11,03076600,-0.01068439707555957
GTM_minus_GT,NSE,11,01423000,-9.489080678737327e-05
GTM_minus_GT,NSE,11,01411300,0.3651891915529786
GTM_minus_GT,NSE,11,01139800,-0.01312967800784004
GTM_minus_GT,NSE,11,01605500,-0.06392573019843328
GTM_minus_GT,NSE,11,03066000,0.014954012873572342
GTM_minus_GT,NSE,11,03069500,0.019566054225031215
GTM_minus_GT,NSE,11,03473000,-0.046188303632207495
GTM_minus_GT,NSE,11,02081500,0.08277218039685064
GTM_minus_GT,NSE,11,01634500,-0.017568989229222565
GTM_minus_GT,NSE,11,01439500,-0.025329508205918727
GTM_minus_GT,NSE,11,03070500,0.013279412041156347
GTM_minus_GT,NSE,11,02143040,-0.0629876910978987
GTM_minus_GT,NSE,11,01055000,0.005201065058248799
GTM_minus_GT,NSE,11,02112360,-0.026756699076865842
GTM_minus_GT,NSE,11,01669520,-0.02597617838102584
GTM_minus_GT,NSE,11,03180500,-0.04107259483289527
GTM_minus_GT,NSE,11,01638480,0.011969606940076205
GTM_minus_GT,NSE,11,02053200,-0.0676950369409377
GTM_minus_GT,NSE,11,01169000,0.044281079738581974
GTM_minus_GT,NSE,11,01350140,-0.1274777152730454
GTM_minus_GT,NSE,11,01591400,-0.05942262517496577
GTM_minus_GT,NSE,11,01586610,-0.07486383404780306
GTM_minus_GT,NSE,11,01434025,-0.06763842085932037
GTM_minus_GT,NSE,11,03439000,-0.06368132047035968
GTM_minus_GT,NSE,11,02178400,0.0012492978804141686
GTM_minus_GT,NSE,11,01664000,0.013755568797240936
GTM_minus_GT,NSE,11,03015500,-0.0030864443538675124
GTM_minus_GT,NSE,11,04296000,0.016035122009777192
GTM_minus_GT,NSE,11,02112120,-0.024440759643131194
GTM_minus_GT,NSE,11,02082950,-0.16576105233766625
GTM_minus_GT,NSE,11,01639500,0.02205619545659243
GTM_minus_GT,NSE,11,01047000,0.05326563371090576
GTM_minus_GT,NSE,11,02074500,-0.049335288520667264
GTM_minus_GT,NSE,11,01054200,0.051900977445817675
GTM_minus_GT,NSE,11,02177000,0.09628314673453509
GTM_minus_GT,NSE,11,03500240,-0.01638334900643801
GTM_minus_GT,NSE,11,04233000,-0.05888762962873706
GTM_minus_GT,NSE,11,03237280,-0.0115853439986624
GTM_minus_GT,NSE,11,01548500,-0.03146523306856108
GTM_minus_GT,NSE,11,02125000,-0.0348619497989221
GTM_minus_GT,NSE,11,03479000,0.0007653613652076618
GTM_minus_GT,NSE,11,02118500,0.004813549449335319
GTM_minus_GT,NSE,11,01139000,0.07427385310727608
GTM_minus_GT,NSE,11,01187300,0.020971521942174665
GTM_minus_GT,NSE,11,03504000,0.000944636216707595
GTM_minus_GT,NSE,11,02011400,-0.0693077270082526
GTM_minus_GT,NSE,11,01568000,0.006950055996162052
GTM_minus_GT,NSE,11,01543500,-0.011661532554481657
GTM_minus_GT,NSE,11,01031500,0.060134690201596674
GTM_minus_GT,NSE,11,01567500,-0.05465702587101784
GTM_minus_GT,NSE,11,02027500,-0.0180657568065975
GTM_minus_GT,NSE,11,03010655,-0.10542339985129834
GTM_minus_GT,NSE,11,04216418,-0.04238849126482658
GTM_minus_GT,NSE,11,02152100,-0.0230486988292834
GTM_minus_GT,NSE,11,01510000,-0.024888148764144802
GTM_minus_GT,NSE,11,03026500,-0.06899422789071963
GTM_minus_GT,NSE,11,02128000,-0.10220587568328054
GTM_minus_GT,NSE,11,04256000,-0.0005752243755314801
GTM_minus_GT,NSE,11,01620500,-0.08918304938352184
GTM_minus_GT,NSE,11,03455500,-0.03736463216521135
GTM_minus_GT,NSE,11,01451800,0.02630220028800334
GTM_minus_GT,NSE,11,04185000,-0.0900016977755872
GTM_minus_GT,NSE,11,02111180,-0.009769770696943403
GTM_minus_GT,NSE,11,01594950,0.02182922107665919
GTM_minus_GT,NSE,11,01580000,-0.05220589841846046
GTM_minus_GT,NSE,11,03050000,-0.00016030229752617142
GTM_minus_GT,NSE,11,01632000,0.04292224918371357
GTM_minus_GT,NSE,11,04221000,-0.0981106187949603
GTM_minus_GT,NSE,11,03021350,-0.011232685477841065
GTM_minus_GT,NSE,11,01583500,-0.07315851095239256
GTM_minus_GT,NSE,11,02059500,0.008444241500285443
GTM_minus_GT,NSE,11,01666500,0.09370462683909409
GTM_minus_GT,NSE,11,03187500,-0.0613469235724754
GTM_minus_GT,NSE,11,01181000,0.06102907394686152
GTM_minus_GT,NSE,11,01440400,0.07461144655196317
GTM_minus_GT,NSE,11,01435000,0.027514111079985692
GTM_minus_GT,NSE,11,01144000,0.02741996764029564
GTM_minus_GT,NSE,11,02011460,-0.10203281146695653
GTM_minus_GT,NSE,11,02143000,-0.09982057982008519
GTM_minus_GT,NSE,11,03140000,-0.01567331000917449
GTM_minus_GT,NSE,11,01440000,0.008175185548858765
GTM_minus_GT,NSE,11,01550000,-0.014265463732340056
GTM_minus_GT,NSE,11,02077200,-0.02763597280758301
GTM_minus_GT,NSE,11,03237500,0.004073644178632763
GTM_minus_GT,NSE,11,02018000,-0.05272721454718177
GTM_minus_GT,NSE,11,02013000,0.01744214750030082
GTM_minus_GT,NSE,11,03161000,0.05899035167727695
GTM_minus_GT,NSE,11,04197170,-0.06742399941529631
GTM_minus_GT,NSE,11,03471500,-0.20833376423197503
GTM_minus_GT,NSE,11,01137500,-0.02134575985229248
GTM_minus_GT,NSE,11,01052500,0.017564476217515668
GTM_minus_GT,NSE,11,02051000,-0.030726900527355938
GTM_minus_GT,NSE,11,01057000,0.05579783008107064
GTM_minus_GT,NSE,11,03144000,-0.047684636100403965
GTM_minus_GT,NSE,11,03078000,-0.04160047194284766
GTM_minus_GT,NSE,11,03170000,-0.15847725766312326
GTM_minus_GT,NSE,11,02038850,-0.03527420337306075
GTM_minus_GT,NSE,11,03241500,-0.009420306418083002
GTM_minus_GT,NSE,11,02064000,-0.05162857872447546
GTM_minus_GT,NSE,11,02096846,-0.0692301533444678
GTM_minus_GT,NSE,11,02055100,-0.009535882950505226
GTM_minus_GT,NSE,11,04213075,0.03327882432225837
GTM_minus_GT,NSE,11,01333000,0.024318117014595853
GTM_minus_GT,NSE,11,01552500,-0.019661555100207506
GTM_minus_GT,NSE,11,04115265,-0.012132684058707932
GTM_minus_GT,NSE,11,03500000,0.04560445676590519
GTM_minus_GT,NSE,11,01544500,-0.04851075303004737
GTM_minus_GT,NSE,11,02149000,-0.04501384549648135
GTM_minus_GT,NSE,11,01552000,-0.02688861458124836
GTM_minus_GT,NSE,11,03159540,0.023472228939691697
GTM_minus_GT,NSE,11,01414500,-0.09476915108513673
GTM_minus_GT,NSE,11,01542810,-0.09463734334135443
GTM_minus_GT,NSE,11,01667500,0.04830668316113851
GTM_minus_GT,NSE,13,03456500,0.013760371889393608
GTM_minus_GT,NSE,13,03182500,-0.012605014314714169
GTM_minus_GT,NSE,13,01539000,0.013919247133660329
GTM_minus_GT,NSE,13,01350000,0.040771781650735694
GTM_minus_GT,NSE,13,03238500,-0.02049370325431532
GTM_minus_GT,NSE,13,01030500,-0.05081041983075285
GTM_minus_GT,NSE,13,01365000,0.06554997038080512
GTM_minus_GT,NSE,13,03460000,-0.211026090247305
GTM_minus_GT,NSE,13,02046000,-0.035670021313548794
GTM_minus_GT,NSE,13,03028000,0.008718411151639405
GTM_minus_GT,NSE,13,01350080,-0.08218698459242813
GTM_minus_GT,NSE,13,01484100,0.02080635075975812
GTM_minus_GT,NSE,13,02015700,-0.014110893800108326
GTM_minus_GT,NSE,13,04224775,-0.045472499235043484
GTM_minus_GT,NSE,13,01466500,-0.6165925345591075
GTM_minus_GT,NSE,13,02016000,-0.030662820607693875
GTM_minus_GT,NSE,13,01134500,-0.03247337606140299
GTM_minus_GT,NSE,13,01518862,-0.008691742254523405
GTM_minus_GT,NSE,13,01545600,0.035591744077952736
GTM_minus_GT,NSE,13,04197100,-0.022201181913352075
GTM_minus_GT,NSE,13,01549500,0.018045065553950468
GTM_minus_GT,NSE,13,02140991,0.013572327256073602
GTM_minus_GT,NSE,13,03049000,-0.008474859776512966
GTM_minus_GT,NSE,13,02111500,-0.022607482261171707
GTM_minus_GT,NSE,13,03450000,0.009766810067220466
GTM_minus_GT,NSE,13,04122200,-0.2226251594130727
GTM_minus_GT,NSE,13,02053800,-0.09393941868416589
GTM_minus_GT,NSE,13,04196800,-0.014803805249340107
GTM_minus_GT,NSE,13,02017500,-0.0012586764313746723
GTM_minus_GT,NSE,13,03165000,-0.07746924777304443
GTM_minus_GT,NSE,13,01543000,0.007512845750908825
GTM_minus_GT,NSE,13,01491000,-0.002534051516574265
GTM_minus_GT,NSE,13,02051500,-0.02732483481597603
GTM_minus_GT,NSE,13,02070000,0.010669800483319891
GTM_minus_GT,NSE,13,01415000,0.027720372890613465
GTM_minus_GT,NSE,13,03011800,0.02129014741725499
GTM_minus_GT,NSE,13,02014000,-0.028467580622645428
GTM_minus_GT,NSE,13,02028500,-0.049712277519788683
GTM_minus_GT,NSE,13,02056900,0.0010513795420050709
GTM_minus_GT,NSE,13,01516500,-0.0018414665282154852
GTM_minus_GT,NSE,13,03213700,0.04314971479505825
GTM_minus_GT,NSE,13,01547700,0.016287818254370534
GTM_minus_GT,NSE,13,01485500,-0.03156930319828133
GTM_minus_GT,NSE,13,01632900,-0.27575778407923435
GTM_minus_GT,NSE,13,02027000,-0.039534586440305275
GTM_minus_GT,NSE,13,01078000,0.026490830018867983
GTM_minus_GT,NSE,13,03049800,-0.04905657687972209
GTM_minus_GT,NSE,13,01606500,0.003333995144011892
GTM_minus_GT,NSE,13,02065500,0.06075133592440096
GTM_minus_GT,NSE,13,03164000,0.08910294927257323
GTM_minus_GT,NSE,13,02137727,0.005038408964520125
GTM_minus_GT,NSE,13,03498500,-0.027167058106898567
GTM_minus_GT,NSE,13,02069700,-0.052881756936209334
GTM_minus_GT,NSE,13,03463300,0.02683151043128673
GTM_minus_GT,NSE,13,03173000,-0.06653651960546092
GTM_minus_GT,NSE,13,01532000,0.013930570553765897
GTM_minus_GT,NSE,13,03186500,0.008586582411201471
GTM_minus_GT,NSE,13,03488000,-0.11307392373821534
GTM_minus_GT,NSE,13,01557500,-0.022178061954184702
GTM_minus_GT,NSE,13,01658500,-0.041166324426218814
GTM_minus_GT,NSE,13,01596500,-0.055026213844968086
GTM_minus_GT,NSE,13,01644000,0.05125820136528125
GTM_minus_GT,NSE,13,04213000,-0.03015218937059172
GTM_minus_GT,NSE,13,01487000,-0.015667305544739163
GTM_minus_GT,NSE,13,01669000,-0.1725372636597442
GTM_minus_GT,NSE,13,01142500,0.08717801846780948
GTM_minus_GT,NSE,13,04105700,0.20070489454880092
GTM_minus_GT,NSE,13,01413500,-0.01588379364693915
GTM_minus_GT,NSE,13,01613050,-0.05049047331328893
GTM_minus_GT,NSE,13,03076600,-0.009527093711246493
GTM_minus_GT,NSE,13,01423000,0.06449849068942226
GTM_minus_GT,NSE,13,01411300,0.0949075408525557
GTM_minus_GT,NSE,13,01139800,-0.08227675184745886
GTM_minus_GT,NSE,13,01605500,-0.004619060111475282
GTM_minus_GT,NSE,13,03066000,-0.003775310941353638
GTM_minus_GT,NSE,13,03069500,0.0004855885001451288
GTM_minus_GT,NSE,13,03473000,-0.10174266154299005
GTM_minus_GT,NSE,13,02081500,0.0893280251660622
GTM_minus_GT,NSE,13,01634500,-0.038279011433780874
GTM_minus_GT,NSE,13,01439500,0.07929238043989295
GTM_minus_GT,NSE,13,03070500,0.014884426413406593
GTM_minus_GT,NSE,13,02143040,-0.05762509963991924
GTM_minus_GT,NSE,13,01055000,0.0018469946206191024
GTM_minus_GT,NSE,13,02112360,-0.024263365020002814
GTM_minus_GT,NSE,13,01669520,-0.07102831391158249
GTM_minus_GT,NSE,13,03180500,-0.01692302075454355
GTM_minus_GT,NSE,13,01638480,0.05571413538632419
GTM_minus_GT,NSE,13,02053200,-0.07562432816505305
GTM_minus_GT,NSE,13,01169000,0.05588467113041862
GTM_minus_GT,NSE,13,01350140,0.038944048008684895
GTM_minus_GT,NSE,13,01591400,-0.042501494042912924
GTM_minus_GT,NSE,13,01586610,-0.0011063995568303397
GTM_minus_GT,NSE,13,01434025,-0.061597528043270455
GTM_minus_GT,NSE,13,03439000,-0.057026698341833826
GTM_minus_GT,NSE,13,02178400,-0.04693099298023595
GTM_minus_GT,NSE,13,01664000,-0.0061812021668696815
GTM_minus_GT,NSE,13,03015500,-0.0046402203691396915
GTM_minus_GT,NSE,13,04296000,0.06937741893222338
GTM_minus_GT,NSE,13,02112120,-0.01626941368306567
GTM_minus_GT,NSE,13,02082950,0.009692838072282717
GTM_minus_GT,NSE,13,01639500,0.041425199967293436
GTM_minus_GT,NSE,13,01047000,0.03538564522452314
GTM_minus_GT,NSE,13,02074500,-0.05605762219643118
GTM_minus_GT,NSE,13,01054200,0.005765058319719851
GTM_minus_GT,NSE,13,02177000,0.05256118403854371
GTM_minus_GT,NSE,13,03500240,-0.04604844796552976
GTM_minus_GT,NSE,13,04233000,0.008442233849165426
GTM_minus_GT,NSE,13,03237280,-0.03214756257497675
GTM_minus_GT,NSE,13,01548500,0.024411920001865983
GTM_minus_GT,NSE,13,02125000,-0.018967112132724062
GTM_minus_GT,NSE,13,03479000,-0.00700809763163035
GTM_minus_GT,NSE,13,02118500,0.008786178064367989
GTM_minus_GT,NSE,13,01139000,0.011720584072839824
GTM_minus_GT,NSE,13,01187300,0.029843222417761384
GTM_minus_GT,NSE,13,03504000,-0.014046795172848348
GTM_minus_GT,NSE,13,02011400,-0.07600789213166814
GTM_minus_GT,NSE,13,01568000,0.019384488449821102
GTM_minus_GT,NSE,13,01543500,0.015922027796873017
GTM_minus_GT,NSE,13,01031500,0.04362164923366196
GTM_minus_GT,NSE,13,01567500,-0.033450734022757445
GTM_minus_GT,NSE,13,02027500,-0.003574482980946203
GTM_minus_GT,NSE,13,03010655,-0.05425454162727594
GTM_minus_GT,NSE,13,04216418,-0.054766727496984524
GTM_minus_GT,NSE,13,02152100,-0.03294411114157969
GTM_minus_GT,NSE,13,01510000,0.018672493573485438
GTM_minus_GT,NSE,13,03026500,-0.029516348745629806
GTM_minus_GT,NSE,13,02128000,-0.04241900612492333
GTM_minus_GT,NSE,13,04256000,0.006635454044176203
GTM_minus_GT,NSE,13,01620500,-0.07609045494857547
GTM_minus_GT,NSE,13,03455500,-0.026383232910998755
GTM_minus_GT,NSE,13,01451800,0.050264336846125635
GTM_minus_GT,NSE,13,04185000,-0.07639929755411379
GTM_minus_GT,NSE,13,02111180,-0.0833649806504444
GTM_minus_GT,NSE,13,01594950,0.029441110268634385
GTM_minus_GT,NSE,13,01580000,-0.06227063599575655
GTM_minus_GT,NSE,13,03050000,0.018934423293206604
GTM_minus_GT,NSE,13,01632000,0.011308099231977398
GTM_minus_GT,NSE,13,04221000,-0.02963930169347928
GTM_minus_GT,NSE,13,03021350,-0.022617243091639705
GTM_minus_GT,NSE,13,01583500,-0.03361496820848109
GTM_minus_GT,NSE,13,02059500,0.12762894550373205
GTM_minus_GT,NSE,13,01666500,0.11047940515858723
GTM_minus_GT,NSE,13,03187500,-0.05528684285821872
GTM_minus_GT,NSE,13,01181000,0.07155094733283451
GTM_minus_GT,NSE,13,01440400,0.12256825203221045
GTM_minus_GT,NSE,13,01435000,0.05641843661063839
GTM_minus_GT,NSE,13,01144000,-0.013281305284164713
GTM_minus_GT,NSE,13,02011460,-0.11064393498890368
GTM_minus_GT,NSE,13,02143000,-0.051709227396371515
GTM_minus_GT,NSE,13,03140000,-0.024477798143448748
GTM_minus_GT,NSE,13,01440000,0.08367989256027086
GTM_minus_GT,NSE,13,01550000,0.02237160113222736
GTM_minus_GT,NSE,13,02077200,-0.052644883597315006
GTM_minus_GT,NSE,13,03237500,-0.01740154669714844
GTM_minus_GT,NSE,13,02018000,-0.0691777557116906
GTM_minus_GT,NSE,13,02013000,-0.019799442525306854
GTM_minus_GT,NSE,13,03161000,0.02555025501099295
GTM_minus_GT,NSE,13,04197170,-0.0782792282074809
GTM_minus_GT,NSE,13,03471500,-0.3574115735868847
GTM_minus_GT,NSE,13,01137500,-0.021305779291358462
GTM_minus_GT,NSE,13,01052500,0.04185754803564612
GTM_minus_GT,NSE,13,02051000,-0.033256652514579654
GTM_minus_GT,NSE,13,01057000,0.029654995319118194
GTM_minus_GT,NSE,13,03144000,-0.050176416831985815
GTM_minus_GT,NSE,13,03078000,-0.003670798998733904
GTM_minus_GT,NSE,13,03170000,-0.13946797726025317
GTM_minus_GT,NSE,13,02038850,-0.04538285041954915
GTM_minus_GT,NSE,13,03241500,-0.044142400895641254
GTM_minus_GT,NSE,13,02064000,-0.058086410868647076
GTM_minus_GT,NSE,13,02096846,-0.09999782210682362
GTM_minus_GT,NSE,13,02055100,-0.025557508152749042
GTM_minus_GT,NSE,13,04213075,0.00307173821493556
GTM_minus_GT,NSE,13,01333000,0.07762500688482832
GTM_minus_GT,NSE,13,01552500,0.03875195308740598
GTM_minus_GT,NSE,13,04115265,-0.010391803120406773
GTM_minus_GT,NSE,13,03500000,0.03202465543628341
GTM_minus_GT,NSE,13,01544500,0.020982025285952166
GTM_minus_GT,NSE,13,02149000,-0.05536980064170782
GTM_minus_GT,NSE,13,01552000,0.039390239874655175
GTM_minus_GT,NSE,13,03159540,-0.0306068743855743
GTM_minus_GT,NSE,13,01414500,-0.04404617645010234
GTM_minus_GT,NSE,13,01542810,-0.06500506751526114
GTM_minus_GT,NSE,13,01667500,0.05149208417350004
GTM_minus_GT,KGE,17,03456500,0.26880369287176786
GTM_minus_GT,KGE,17,03182500,0.10179118575360224
GTM_minus_GT,KGE,17,01539000,0.08274592533571679
GTM_minus_GT,KGE,17,01350000,0.07401311423762591
GTM_minus_GT,KGE,17,03238500,-0.01952842052437309
GTM_minus_GT,KGE,17,01030500,0.04441731524418868
GTM_minus_GT,KGE,17,01365000,0.11383398405223932
GTM_minus_GT,KGE,17,03460000,0.17753684907507328
GTM_minus_GT,KGE,17,02046000,-0.05655208072587137
GTM_minus_GT,KGE,17,03028000,0.002649005028851348
GTM_minus_GT,KGE,17,01350080,0.9308579272202966
GTM_minus_GT,KGE,17,01484100,0.1388601360222107
GTM_minus_GT,KGE,17,02015700,-0.035371603316024736
GTM_minus_GT,KGE,17,04224775,0.10578818426192804
GTM_minus_GT,KGE,17,01466500,-0.1448717672677532
GTM_minus_GT,KGE,17,02016000,-0.14494458626787154
GTM_minus_GT,KGE,17,01134500,0.030437320011156732
GTM_minus_GT,KGE,17,01518862,-0.18017149687818002
GTM_minus_GT,KGE,17,01545600,0.1455134992766266
GTM_minus_GT,KGE,17,04197100,-0.45281884244740167
GTM_minus_GT,KGE,17,01549500,0.10895852015933905
GTM_minus_GT,KGE,17,02140991,0.5310816912274521
GTM_minus_GT,KGE,17,03049000,0.4112430893852592
GTM_minus_GT,KGE,17,02111500,0.4403446042939254
GTM_minus_GT,KGE,17,03450000,4.161518345064557
GTM_minus_GT,KGE,17,04122200,0.04008381005709594
GTM_minus_GT,KGE,17,02053800,0.07061323970304989
GTM_minus_GT,KGE,17,04196800,-0.35019145474431657
GTM_minus_GT,KGE,17,02017500,0.13631780101428403
GTM_minus_GT,KGE,17,03165000,0.823673418507727
GTM_minus_GT,KGE,17,01543000,-0.28370979476965374
GTM_minus_GT,KGE,17,01491000,0.19530911443904653
GTM_minus_GT,KGE,17,02051500,0.09933288758179504
GTM_minus_GT,KGE,17,02070000,0.18819616938937045
GTM_minus_GT,KGE,17,01415000,0.17157374399124148
GTM_minus_GT,KGE,17,03011800,0.18245435834833046
GTM_minus_GT,KGE,17,02014000,0.12977450003412638
GTM_minus_GT,KGE,17,02028500,0.013930160767824162
GTM_minus_GT,KGE,17,02056900,0.19682362146052368
GTM_minus_GT,KGE,17,01516500,-0.13871879861107483
GTM_minus_GT,KGE,17,03213700,0.1598873680967332
GTM_minus_GT,KGE,17,01547700,0.16982028856779297
GTM_minus_GT,KGE,17,01485500,0.15581585322541147
GTM_minus_GT,KGE,17,01632900,0.06681019940766741
GTM_minus_GT,KGE,17,02027000,-0.2046708245186496
GTM_minus_GT,KGE,17,01078000,-0.15057380805011877
GTM_minus_GT,KGE,17,03049800,-0.7143320268041483
GTM_minus_GT,KGE,17,01606500,0.09666865768888067
GTM_minus_GT,KGE,17,02065500,0.1281479729492685
GTM_minus_GT,KGE,17,03164000,0.6112784516077372
GTM_minus_GT,KGE,17,02137727,1.1530342030325875
GTM_minus_GT,KGE,17,03498500,0.2719897249184866
GTM_minus_GT,KGE,17,02069700,0.3559295598796266
GTM_minus_GT,KGE,17,03463300,0.03425323065778885
GTM_minus_GT,KGE,17,03173000,-0.007325550681526627
GTM_minus_GT,KGE,17,01532000,-0.1386320356430084
GTM_minus_GT,KGE,17,03186500,0.061994796637396044
GTM_minus_GT,KGE,17,03488000,-0.007782491194555652
GTM_minus_GT,KGE,17,01557500,0.5534012889664485
GTM_minus_GT,KGE,17,01658500,0.017419492928355984
GTM_minus_GT,KGE,17,01596500,-0.9025761570163636
GTM_minus_GT,KGE,17,01644000,0.18209644165077032
GTM_minus_GT,KGE,17,04213000,0.17553250187791902
GTM_minus_GT,KGE,17,01487000,0.08046317620578225
GTM_minus_GT,KGE,17,01669000,0.16630403672234495
GTM_minus_GT,KGE,17,01142500,-0.07175624961737392
GTM_minus_GT,KGE,17,04105700,0.23435247448251761
GTM_minus_GT,KGE,17,01413500,0.1295028333906546
GTM_minus_GT,KGE,17,01613050,0.09084852442345315
GTM_minus_GT,KGE,17,03076600,-0.004951087686652755
GTM_minus_GT,KGE,17,01423000,0.11369003738709127
GTM_minus_GT,KGE,17,01411300,0.3137637183234345
GTM_minus_GT,KGE,17,01139800,-0.12066671398596207
GTM_minus_GT,KGE,17,01605500,0.04470933665214383
GTM_minus_GT,KGE,17,03066000,0.011307524578360706
GTM_minus_GT,KGE,17,03069500,0.02604039171047201
GTM_minus_GT,KGE,17,03473000,0.1620479661174401
GTM_minus_GT,KGE,17,02081500,0.055749699571776445
GTM_minus_GT,KGE,17,01634500,0.0873320969408301
GTM_minus_GT,KGE,17,01439500,0.01592589665301858
GTM_minus_GT,KGE,17,03070500,0.4204590508264586
GTM_minus_GT,KGE,17,02143040,0.6389720011282096
GTM_minus_GT,KGE,17,01055000,-0.135343889977259
GTM_minus_GT,KGE,17,02112360,0.5294120033913274
GTM_minus_GT,KGE,17,01669520,0.2373208639576735
GTM_minus_GT,KGE,17,03180500,-0.16602640600103513
GTM_minus_GT,KGE,17,01638480,0.21441099294722543
GTM_minus_GT,KGE,17,02053200,0.1462467124435478
GTM_minus_GT,KGE,17,01169000,0.009855861035231506
GTM_minus_GT,KGE,17,01350140,-0.11814720003310453
GTM_minus_GT,KGE,17,01591400,0.22491565293621252
GTM_minus_GT,KGE,17,01586610,0.3435009294019379
GTM_minus_GT,KGE,17,01434025,-0.029231102247610385
GTM_minus_GT,KGE,17,03439000,0.13662582723497296
GTM_minus_GT,KGE,17,02178400,0.11034719117308178
GTM_minus_GT,KGE,17,01664000,0.08456528384089412
GTM_minus_GT,KGE,17,03015500,0.04891300764591744
GTM_minus_GT,KGE,17,04296000,0.06761789588600364
GTM_minus_GT,KGE,17,02112120,0.3282433055581294
GTM_minus_GT,KGE,17,02082950,-0.0991547222045045
GTM_minus_GT,KGE,17,01639500,0.3633785183768098
GTM_minus_GT,KGE,17,01047000,0.013868063956341659
GTM_minus_GT,KGE,17,02074500,0.06498230141195027
GTM_minus_GT,KGE,17,01054200,0.02413082215486273
GTM_minus_GT,KGE,17,02177000,0.28701860257803413
GTM_minus_GT,KGE,17,03500240,0.3916715695214956
GTM_minus_GT,KGE,17,04233000,-0.18470572653375938
GTM_minus_GT,KGE,17,03237280,-0.178267417101027
GTM_minus_GT,KGE,17,01548500,0.42264075216729413
GTM_minus_GT,KGE,17,02125000,0.14174839105235348
GTM_minus_GT,KGE,17,03479000,0.7394991036988496
GTM_minus_GT,KGE,17,02118500,0.19612201151231512
GTM_minus_GT,KGE,17,01139000,0.1835921616678926
GTM_minus_GT,KGE,17,01187300,0.08421485134996665
GTM_minus_GT,KGE,17,03504000,0.025012010244447103
GTM_minus_GT,KGE,17,02011400,0.030596712276354965
GTM_minus_GT,KGE,17,01568000,0.2983803913333286
GTM_minus_GT,KGE,17,01543500,3.101777241464999
GTM_minus_GT,KGE,17,01031500,0.01453357057979332
GTM_minus_GT,KGE,17,01567500,0.24425526436952838
GTM_minus_GT,KGE,17,02027500,0.7978268608193162
GTM_minus_GT,KGE,17,03010655,0.3137839851180544
GTM_minus_GT,KGE,17,04216418,-11.94094116475263
GTM_minus_GT,KGE,17,02152100,0.30729969571803917
GTM_minus_GT,KGE,17,01510000,-0.009976460911620078
GTM_minus_GT,KGE,17,03026500,-0.044132758264068817
GTM_minus_GT,KGE,17,02128000,0.09339467885656516
GTM_minus_GT,KGE,17,04256000,-0.12383870908186967
GTM_minus_GT,KGE,17,01620500,0.19797190567892364
GTM_minus_GT,KGE,17,03455500,0.09705029298804668
GTM_minus_GT,KGE,17,01451800,0.4262881951140953
GTM_minus_GT,KGE,17,04185000,-0.06282762699971267
GTM_minus_GT,KGE,17,02111180,0.5642779443353356
GTM_minus_GT,KGE,17,01594950,-0.6724795723823234
GTM_minus_GT,KGE,17,01580000,0.4838167953507234
GTM_minus_GT,KGE,17,03050000,0.19385120294293634
GTM_minus_GT,KGE,17,01632000,0.14376444574113512
GTM_minus_GT,KGE,17,04221000,0.08548787291624538
GTM_minus_GT,KGE,17,03021350,0.006102648813032685
GTM_minus_GT,KGE,17,01583500,0.3652539721069811
GTM_minus_GT,KGE,17,02059500,0.02148895714947585
GTM_minus_GT,KGE,17,01666500,0.17818576400504849
GTM_minus_GT,KGE,17,03187500,0.012457315312726758
GTM_minus_GT,KGE,17,01181000,-0.024953964986180632
GTM_minus_GT,KGE,17,01440400,0.12200666225831636
GTM_minus_GT,KGE,17,01435000,0.13328426810618
GTM_minus_GT,KGE,17,01144000,-0.10788569844680551
GTM_minus_GT,KGE,17,02011460,0.042711570532679044
GTM_minus_GT,KGE,17,02143000,0.37760215280874754
GTM_minus_GT,KGE,17,03140000,0.03437339571350562
GTM_minus_GT,KGE,17,01440000,0.05102953607071514
GTM_minus_GT,KGE,17,01550000,0.7606883511187412
GTM_minus_GT,KGE,17,02077200,0.06835626339806955
GTM_minus_GT,KGE,17,03237500,0.20285679248509947
GTM_minus_GT,KGE,17,02018000,0.046314035858244895
GTM_minus_GT,KGE,17,02013000,0.0986816389068833
GTM_minus_GT,KGE,17,03161000,17.32372440204102
GTM_minus_GT,KGE,17,04197170,0.12727371379481534
GTM_minus_GT,KGE,17,03471500,0.03133829913988184
GTM_minus_GT,KGE,17,01137500,-0.06885610815431198
GTM_minus_GT,KGE,17,01052500,0.03789056809971769
GTM_minus_GT,KGE,17,02051000,-0.04445333610114566
GTM_minus_GT,KGE,17,01057000,-0.03877579628378747
GTM_minus_GT,KGE,17,03144000,0.10827444607373327
GTM_minus_GT,KGE,17,03078000,0.21090473661156472
GTM_minus_GT,KGE,17,03170000,0.1299137938540973
GTM_minus_GT,KGE,17,02038850,0.0825510141649557
GTM_minus_GT,KGE,17,03241500,-0.09391877324542519
GTM_minus_GT,KGE,17,02064000,0.13718438981127223
GTM_minus_GT,KGE,17,02096846,0.03694573406743362
GTM_minus_GT,KGE,17,02055100,0.15641202978244673
GTM_minus_GT,KGE,17,04213075,0.9694311023269178
GTM_minus_GT,KGE,17,01333000,-0.05102005989976566
GTM_minus_GT,KGE,17,01552500,-0.20218236756096486
GTM_minus_GT,KGE,17,04115265,0.059205248078434414
GTM_minus_GT,KGE,17,03500000,0.4305386747372346
GTM_minus_GT,KGE,17,01544500,-0.7957259293183376
GTM_minus_GT,KGE,17,02149000,0.415634020857061
GTM_minus_GT,KGE,17,01552000,1.0617960191668487
GTM_minus_GT,KGE,17,03159540,0.2128431857036257
GTM_minus_GT,KGE,17,01414500,-0.07472779856599043
GTM_minus_GT,KGE,17,01542810,13.90459034126821
GTM_minus_GT,KGE,17,01667500,0.07846709039098165
GTM_minus_GT,KGE,11,03456500,-0.10018747321772503
GTM_minus_GT,KGE,11,03182500,0.08227570868461753
GTM_minus_GT,KGE,11,01539000,0.04785765486571292
GTM_minus_GT,KGE,11,01350000,0.05796761090921332
GTM_minus_GT,KGE,11,03238500,-0.028485584244231088
GTM_minus_GT,KGE,11,01030500,-0.13870831774838988
GTM_minus_GT,KGE,11,01365000,0.09718155233423098
GTM_minus_GT,KGE,11,03460000,-2.690519827153615
GTM_minus_GT,KGE,11,02046000,0.032120631708311476
GTM_minus_GT,KGE,11,03028000,-0.16846919199501342
GTM_minus_GT,KGE,11,01350080,0.14084955768509122
GTM_minus_GT,KGE,11,01484100,-0.04748291393617332
GTM_minus_GT,KGE,11,02015700,-0.0770025347738218
GTM_minus_GT,KGE,11,04224775,-0.10434712049467576
GTM_minus_GT,KGE,11,01466500,-0.1535365344091113
GTM_minus_GT,KGE,11,02016000,0.03811895607455551
GTM_minus_GT,KGE,11,01134500,0.07937989453214789
GTM_minus_GT,KGE,11,01518862,-0.01740127399754443
GTM_minus_GT,KGE,11,01545600,0.103509780727161
GTM_minus_GT,KGE,11,04197100,0.630484524079727
GTM_minus_GT,KGE,11,01549500,0.3865890041998945
GTM_minus_GT,KGE,11,02140991,-0.14701516461140407
GTM_minus_GT,KGE,11,03049000,-0.38398125781742964
GTM_minus_GT,KGE,11,02111500,-0.20973479810514573
GTM_minus_GT,KGE,11,03450000,2.7519195141314734
GTM_minus_GT,KGE,11,04122200,-0.06047265279733116
GTM_minus_GT,KGE,11,02053800,-0.012247535108189989
GTM_minus_GT,KGE,11,04196800,0.2395254132461755
GTM_minus_GT,KGE,11,02017500,0.024736483668780673
GTM_minus_GT,KGE,11,03165000,-0.38059171181670914
GTM_minus_GT,KGE,11,01543000,-0.8293036648775368
GTM_minus_GT,KGE,11,01491000,0.14701560634786592
GTM_minus_GT,KGE,11,02051500,0.017661977191800182
GTM_minus_GT,KGE,11,02070000,-0.014273753518847077
GTM_minus_GT,KGE,11,01415000,-0.04261158939826548
GTM_minus_GT,KGE,11,03011800,-0.2946904818275453
GTM_minus_GT,KGE,11,02014000,0.06558081142263106
GTM_minus_GT,KGE,11,02028500,-0.062374354486159356
GTM_minus_GT,KGE,11,02056900,0.045745362966451375
GTM_minus_GT,KGE,11,01516500,-0.026763125510226637
GTM_minus_GT,KGE,11,03213700,-0.03429799387839627
GTM_minus_GT,KGE,11,01547700,-0.01677256974871033
GTM_minus_GT,KGE,11,01485500,0.1646088901070597
GTM_minus_GT,KGE,11,01632900,0.04997194004129335
GTM_minus_GT,KGE,11,02027000,-0.061949351902815586
GTM_minus_GT,KGE,11,01078000,-0.04472025598156282
GTM_minus_GT,KGE,11,03049800,-0.2558481536159425
GTM_minus_GT,KGE,11,01606500,0.028415282323297042
GTM_minus_GT,KGE,11,02065500,0.041700134591975524
GTM_minus_GT,KGE,11,03164000,0.024507285882421015
GTM_minus_GT,KGE,11,02137727,-0.5208651383959875
GTM_minus_GT,KGE,11,03498500,-0.2951269863968541
GTM_minus_GT,KGE,11,02069700,-0.010030472163392368
GTM_minus_GT,KGE,11,03463300,-0.013586182024928894
GTM_minus_GT,KGE,11,03173000,0.010083534689734441
GTM_minus_GT,KGE,11,01532000,0.11146461590352286
GTM_minus_GT,KGE,11,03186500,0.0335691457298678
GTM_minus_GT,KGE,11,03488000,-0.06922498294865465
GTM_minus_GT,KGE,11,01557500,-0.7767728765613042
GTM_minus_GT,KGE,11,01658500,0.005653516864132513
GTM_minus_GT,KGE,11,01596500,-0.8765730466679311
GTM_minus_GT,KGE,11,01644000,-0.04124419332800522
GTM_minus_GT,KGE,11,04213000,0.19955800655630063
GTM_minus_GT,KGE,11,01487000,0.030762800940393298
GTM_minus_GT,KGE,11,01669000,-0.052804468943773664
GTM_minus_GT,KGE,11,01142500,0.03789315716400243
GTM_minus_GT,KGE,11,04105700,0.06800917123121875
GTM_minus_GT,KGE,11,01413500,-0.06605645552797867
GTM_minus_GT,KGE,11,01613050,-0.0034198019373377075
GTM_minus_GT,KGE,11,03076600,-0.3149420973680259
GTM_minus_GT,KGE,11,01423000,0.00279327652168726
GTM_minus_GT,KGE,11,01411300,0.06118800935772972
GTM_minus_GT,KGE,11,01139800,0.03508523535763097
GTM_minus_GT,KGE,11,01605500,-0.02655120927653798
GTM_minus_GT,KGE,11,03066000,-0.013803304993462162
GTM_minus_GT,KGE,11,03069500,0.08820871750885928
GTM_minus_GT,KGE,11,03473000,-0.0680541441389596
GTM_minus_GT,KGE,11,02081500,0.0840155281475291
GTM_minus_GT,KGE,11,01634500,0.0092737774624716
GTM_minus_GT,KGE,11,01439500,0.20111786577220703
GTM_minus_GT,KGE,11,03070500,-0.0004645046524538454
GTM_minus_GT,KGE,11,02143040,-0.4869571274010521
GTM_minus_GT,KGE,11,01055000,0.0012007901568121815
GTM_minus_GT,KGE,11,02112360,-0.1906866039963765
GTM_minus_GT,KGE,11,01669520,0.05514268517075038
GTM_minus_GT,KGE,11,03180500,-0.3538207604957918
GTM_minus_GT,KGE,11,01638480,0.02000268748209344
GTM_minus_GT,KGE,11,02053200,0.01830576825736041
GTM_minus_GT,KGE,11,01169000,0.15508053411850553
GTM_minus_GT,KGE,11,01350140,-0.14624055752728915
GTM_minus_GT,KGE,11,01591400,0.01395648384519721
GTM_minus_GT,KGE,11,01586610,-0.04414096920351385
GTM_minus_GT,KGE,11,01434025,-0.0609055205765443
GTM_minus_GT,KGE,11,03439000,-0.13404666426177525
GTM_minus_GT,KGE,11,02178400,-0.10198185179703767
GTM_minus_GT,KGE,11,01664000,-0.036698641565120704
GTM_minus_GT,KGE,11,03015500,-0.060228745339669265
GTM_minus_GT,KGE,11,04296000,0.1079870925880152
GTM_minus_GT,KGE,11,02112120,-0.09153759690326246
GTM_minus_GT,KGE,11,02082950,-0.04435686266619043
GTM_minus_GT,KGE,11,01639500,0.02056922651520665
GTM_minus_GT,KGE,11,01047000,0.035397094805271534
GTM_minus_GT,KGE,11,02074500,-0.06493821833633906
GTM_minus_GT,KGE,11,01054200,0.06430568031185979
GTM_minus_GT,KGE,11,02177000,-0.20890446490893233
GTM_minus_GT,KGE,11,03500240,-0.3786770601063143
GTM_minus_GT,KGE,11,04233000,-0.261203335020629
GTM_minus_GT,KGE,11,03237280,0.15994225244899596
GTM_minus_GT,KGE,11,01548500,0.06289610671910151
GTM_minus_GT,KGE,11,02125000,-0.00627464483920237
GTM_minus_GT,KGE,11,03479000,-0.37557454568566695
GTM_minus_GT,KGE,11,02118500,-0.005078103785389754
GTM_minus_GT,KGE,11,01139000,0.020844265824119024
GTM_minus_GT,KGE,11,01187300,0.16204421115044554
GTM_minus_GT,KGE,11,03504000,-0.07219011591635871
GTM_minus_GT,KGE,11,02011400,-0.07313858285769737
GTM_minus_GT,KGE,11,01568000,-0.06380554477411571
GTM_minus_GT,KGE,11,01543500,-5.473825127325635
GTM_minus_GT,KGE,11,01031500,0.11308850065945875
GTM_minus_GT,KGE,11,01567500,0.13492365416842278
GTM_minus_GT,KGE,11,02027500,-0.011921773258632973
GTM_minus_GT,KGE,11,03010655,0.40873542266913865
GTM_minus_GT,KGE,11,04216418,-10.325063064011921
GTM_minus_GT,KGE,11,02152100,-0.07133277348217704
GTM_minus_GT,KGE,11,01510000,-0.06226792803298675
GTM_minus_GT,KGE,11,03026500,-0.2649538672107883
GTM_minus_GT,KGE,11,02128000,-0.08146872961172169
GTM_minus_GT,KGE,11,04256000,0.009706434031344302
GTM_minus_GT,KGE,11,01620500,-0.021414704847793065
GTM_minus_GT,KGE,11,03455500,0.053706564845661275
GTM_minus_GT,KGE,11,01451800,0.3043313739931729
GTM_minus_GT,KGE,11,04185000,-0.0010751062450908844
GTM_minus_GT,KGE,11,02111180,-0.03031653229620157
GTM_minus_GT,KGE,11,01594950,0.16957448508739326
GTM_minus_GT,KGE,11,01580000,0.016324267283637006
GTM_minus_GT,KGE,11,03050000,-0.3810175383107569
GTM_minus_GT,KGE,11,01632000,0.10039108959063558
GTM_minus_GT,KGE,11,04221000,0.017828514131840945
GTM_minus_GT,KGE,11,03021350,-0.03397074910713149
GTM_minus_GT,KGE,11,01583500,-0.006256914437611671
GTM_minus_GT,KGE,11,02059500,0.008315665573476627
GTM_minus_GT,KGE,11,01666500,0.01676256525515407
GTM_minus_GT,KGE,11,03187500,0.02520584464620268
GTM_minus_GT,KGE,11,01181000,0.1773735583060918
GTM_minus_GT,KGE,11,01440400,0.24328832992711047
GTM_minus_GT,KGE,11,01435000,0.08966730626709696
GTM_minus_GT,KGE,11,01144000,-0.1008162097065276
GTM_minus_GT,KGE,11,02011460,-0.15294656395918715
GTM_minus_GT,KGE,11,02143000,-0.16648832624173704
GTM_minus_GT,KGE,11,03140000,0.09855519995656992
GTM_minus_GT,KGE,11,01440000,0.25881002681157284
GTM_minus_GT,KGE,11,01550000,2.863171879753681
GTM_minus_GT,KGE,11,02077200,-0.026698775795243157
GTM_minus_GT,KGE,11,03237500,0.05351271963590598
GTM_minus_GT,KGE,11,02018000,-0.045754222828379376
GTM_minus_GT,KGE,11,02013000,-0.0177569105556854
GTM_minus_GT,KGE,11,03161000,-1.852964392357908
GTM_minus_GT,KGE,11,04197170,0.4123246147341022
GTM_minus_GT,KGE,11,03471500,-0.16898118225610614
GTM_minus_GT,KGE,11,01137500,0.026856338599956953
GTM_minus_GT,KGE,11,01052500,0.057914643392513065
GTM_minus_GT,KGE,11,02051000,-0.04116193893334186
GTM_minus_GT,KGE,11,01057000,0.0868152651291263
GTM_minus_GT,KGE,11,03144000,0.30128897472756333
GTM_minus_GT,KGE,11,03078000,0.0027142073290090662
GTM_minus_GT,KGE,11,03170000,-0.051777908224674096
GTM_minus_GT,KGE,11,02038850,-0.011866043753053557
GTM_minus_GT,KGE,11,03241500,0.3464076717085871
GTM_minus_GT,KGE,11,02064000,-0.012019807679482075
GTM_minus_GT,KGE,11,02096846,-0.07407485847003015
GTM_minus_GT,KGE,11,02055100,0.09906871966636244
GTM_minus_GT,KGE,11,04213075,0.10573283357863916
GTM_minus_GT,KGE,11,01333000,0.14994517149884135
GTM_minus_GT,KGE,11,01552500,0.10451342379916306
GTM_minus_GT,KGE,11,04115265,0.11218094428496517
GTM_minus_GT,KGE,11,03500000,-0.39391979579947756
GTM_minus_GT,KGE,11,01544500,-0.48558872167578493
GTM_minus_GT,KGE,11,02149000,-0.25792135795053395
GTM_minus_GT,KGE,11,01552000,1.397218727923224
GTM_minus_GT,KGE,11,03159540,0.03332970704768179
GTM_minus_GT,KGE,11,01414500,-0.06610867720194047
GTM_minus_GT,KGE,11,01542810,10.492737794206018
GTM_minus_GT,KGE,11,01667500,-0.026619684415734257
GTM_minus_GT,KGE,13,03456500,-0.08170619387744182
GTM_minus_GT,KGE,13,03182500,-0.7307034673273782
GTM_minus_GT,KGE,13,01539000,-0.06485031976845523
GTM_minus_GT,KGE,13,01350000,0.1402545996071406
GTM_minus_GT,KGE,13,03238500,-0.15425386510306827
GTM_minus_GT,KGE,13,01030500,-0.4681099061414732
GTM_minus_GT,KGE,13,01365000,0.1423819450494489
GTM_minus_GT,KGE,13,03460000,-5.171038206905717
GTM_minus_GT,KGE,13,02046000,-0.07155689587528902
GTM_minus_GT,KGE,13,03028000,-0.007329387380459185
GTM_minus_GT,KGE,13,01350080,-0.9810708180773613
GTM_minus_GT,KGE,13,01484100,-0.06270506068438997
GTM_minus_GT,KGE,13,02015700,0.05510282856675908
GTM_minus_GT,KGE,13,04224775,-0.03576830215896698
GTM_minus_GT,KGE,13,01466500,-0.2239285526825393
GTM_minus_GT,KGE,13,02016000,-0.09675110155728395
GTM_minus_GT,KGE,13,01134500,0.02477572765087288
GTM_minus_GT,KGE,13,01518862,0.03043033328150424
GTM_minus_GT,KGE,13,01545600,-0.10770474663585605
GTM_minus_GT,KGE,13,04197100,-0.04892860312666425
GTM_minus_GT,KGE,13,01549500,-0.053568475657408854
GTM_minus_GT,KGE,13,02140991,0.13033949674681256
GTM_minus_GT,KGE,13,03049000,-0.024164435844611143
GTM_minus_GT,KGE,13,02111500,-0.12696231570451322
GTM_minus_GT,KGE,13,03450000,1.6160097273981286
GTM_minus_GT,KGE,13,04122200,-0.08298118356132866
GTM_minus_GT,KGE,13,02053800,-0.06312294053892153
GTM_minus_GT,KGE,13,04196800,-0.10613504624443881
GTM_minus_GT,KGE,13,02017500,0.0109400035810997
GTM_minus_GT,KGE,13,03165000,-0.11573331920667784
GTM_minus_GT,KGE,13,01543000,-0.49795926860762374
GTM_minus_GT,KGE,13,01491000,-0.046266957024555966
GTM_minus_GT,KGE,13,02051500,-0.025570125381825348
GTM_minus_GT,KGE,13,02070000,0.01886136706684516
GTM_minus_GT,KGE,13,01415000,0.0659608528216804
GTM_minus_GT,KGE,13,03011800,0.33118655504780725
GTM_minus_GT,KGE,13,02014000,0.04445189429494323
GTM_minus_GT,KGE,13,02028500,-0.025103902291353286
GTM_minus_GT,KGE,13,02056900,0.01050486105404691
GTM_minus_GT,KGE,13,01516500,-0.053839336465082877
GTM_minus_GT,KGE,13,03213700,0.10055409057319675
GTM_minus_GT,KGE,13,01547700,0.06251659994710201
GTM_minus_GT,KGE,13,01485500,-0.06166264439342373
GTM_minus_GT,KGE,13,01632900,0.08157442997263864
GTM_minus_GT,KGE,13,02027000,0.01947140280676718
GTM_minus_GT,KGE,13,01078000,0.11180852001807873
GTM_minus_GT,KGE,13,03049800,0.023486471286661037
GTM_minus_GT,KGE,13,01606500,0.03546770136352617
GTM_minus_GT,KGE,13,02065500,0.04419667905015756
GTM_minus_GT,KGE,13,03164000,0.0888932767563938
GTM_minus_GT,KGE,13,02137727,-0.07569077250736278
GTM_minus_GT,KGE,13,03498500,-0.007071730488117267
GTM_minus_GT,KGE,13,02069700,-0.0791935845310735
GTM_minus_GT,KGE,13,03463300,-0.0008583402462696288
GTM_minus_GT,KGE,13,03173000,0.01890163188828109
GTM_minus_GT,KGE,13,01532000,0.17034305801078087
GTM_minus_GT,KGE,13,03186500,0.0488711018803929
GTM_minus_GT,KGE,13,03488000,-0.03773130668277025
GTM_minus_GT,KGE,13,01557500,0.770935270815822
GTM_minus_GT,KGE,13,01658500,-0.06200328120695808
GTM_minus_GT,KGE,13,01596500,0.03517411329530695
GTM_minus_GT,KGE,13,01644000,0.11381727630847494
GTM_minus_GT,KGE,13,04213000,-0.288768144382622
GTM_minus_GT,KGE,13,01487000,-0.054099559447098544
GTM_minus_GT,KGE,13,01669000,-0.03855478022483794
GTM_minus_GT,KGE,13,01142500,0.26756502212453126
GTM_minus_GT,KGE,13,04105700,0.031091196821704692
GTM_minus_GT,KGE,13,01413500,0.011900542705941874
GTM_minus_GT,KGE,13,01613050,-0.13898441070598633
GTM_minus_GT,KGE,13,03076600,0.06602364738087596
GTM_minus_GT,KGE,13,01423000,0.09779248431473375
GTM_minus_GT,KGE,13,01411300,-0.011812886513771215
GTM_minus_GT,KGE,13,01139800,-0.01928586223314832
GTM_minus_GT,KGE,13,01605500,0.13698424126266762
GTM_minus_GT,KGE,13,03066000,0.06217723479121928
GTM_minus_GT,KGE,13,03069500,-0.10949367687224953
GTM_minus_GT,KGE,13,03473000,-0.01282440544931518
GTM_minus_GT,KGE,13,02081500,0.0782186571786776
GTM_minus_GT,KGE,13,01634500,0.0014269992266069398
GTM_minus_GT,KGE,13,01439500,0.06920752333518254
GTM_minus_GT,KGE,13,03070500,-0.03376628293532247
GTM_minus_GT,KGE,13,02143040,-0.5287315639798086
GTM_minus_GT,KGE,13,01055000,0.014430891715529026
GTM_minus_GT,KGE,13,02112360,-0.14988388216407778
GTM_minus_GT,KGE,13,01669520,-0.03984081690392638
GTM_minus_GT,KGE,13,03180500,0.010091329657947123
GTM_minus_GT,KGE,13,01638480,0.009299173850058184
GTM_minus_GT,KGE,13,02053200,-0.011021016286417384
GTM_minus_GT,KGE,13,01169000,0.14870192747942446
GTM_minus_GT,KGE,13,01350140,0.22460936465340708
GTM_minus_GT,KGE,13,01591400,-0.006460555923972655
GTM_minus_GT,KGE,13,01586610,-0.004170849506184737
GTM_minus_GT,KGE,13,01434025,-0.0609185479911174
GTM_minus_GT,KGE,13,03439000,-0.1786383950845979
GTM_minus_GT,KGE,13,02178400,-0.15700958921911012
GTM_minus_GT,KGE,13,01664000,-0.030762549497053926
GTM_minus_GT,KGE,13,03015500,-0.24766923324964962
GTM_minus_GT,KGE,13,04296000,0.19919218753003998
GTM_minus_GT,KGE,13,02112120,-0.07404507804300942
GTM_minus_GT,KGE,13,02082950,0.029475152299996865
GTM_minus_GT,KGE,13,01639500,0.05737898421811671
GTM_minus_GT,KGE,13,01047000,0.05521908404923215
GTM_minus_GT,KGE,13,02074500,-0.01837607827905363
GTM_minus_GT,KGE,13,01054200,0.06874181875845375
GTM_minus_GT,KGE,13,02177000,-0.08671285861939326
GTM_minus_GT,KGE,13,03500240,-0.6419738117697869
GTM_minus_GT,KGE,13,04233000,0.3261600546085004
GTM_minus_GT,KGE,13,03237280,0.03992212554923913
GTM_minus_GT,KGE,13,01548500,0.7996070966023013
GTM_minus_GT,KGE,13,02125000,-0.004864327438027005
GTM_minus_GT,KGE,13,03479000,0.03274792161659701
GTM_minus_GT,KGE,13,02118500,-0.00736289231748366
GTM_minus_GT,KGE,13,01139000,0.15295472604001548
GTM_minus_GT,KGE,13,01187300,0.15212032454678381
GTM_minus_GT,KGE,13,03504000,-0.03967495648565733
GTM_minus_GT,KGE,13,02011400,0.029536781906716603
GTM_minus_GT,KGE,13,01568000,0.044094423365778956
GTM_minus_GT,KGE,13,01543500,-5.567775624901078
GTM_minus_GT,KGE,13,01031500,0.07866368609583108
GTM_minus_GT,KGE,13,01567500,0.04675757049984419
GTM_minus_GT,KGE,13,02027500,-0.2882694402675331
GTM_minus_GT,KGE,13,03010655,0.561674513407402
GTM_minus_GT,KGE,13,04216418,-5.745690577103598
GTM_minus_GT,KGE,13,02152100,-0.08062430654493558
GTM_minus_GT,KGE,13,01510000,0.05876019711422653
GTM_minus_GT,KGE,13,03026500,-0.04067710570416794
GTM_minus_GT,KGE,13,02128000,-0.025892823702266088
GTM_minus_GT,KGE,13,04256000,0.1058425815370756
GTM_minus_GT,KGE,13,01620500,0.07648861285558528
GTM_minus_GT,KGE,13,03455500,0.06679485405301056
GTM_minus_GT,KGE,13,01451800,-0.003657518503492163
GTM_minus_GT,KGE,13,04185000,0.02478489164743558
GTM_minus_GT,KGE,13,02111180,-0.26055050525664036
GTM_minus_GT,KGE,13,01594950,-0.07691652879706734
GTM_minus_GT,KGE,13,01580000,-0.14688005091151146
GTM_minus_GT,KGE,13,03050000,0.011716984748778136
GTM_minus_GT,KGE,13,01632000,0.06012050885384601
GTM_minus_GT,KGE,13,04221000,0.014054143356667326
GTM_minus_GT,KGE,13,03021350,-0.007831866447925662
GTM_minus_GT,KGE,13,01583500,-0.012541099874881723
GTM_minus_GT,KGE,13,02059500,0.052392619299949206
GTM_minus_GT,KGE,13,01666500,-0.012714828937723244
GTM_minus_GT,KGE,13,03187500,-0.025616884906554227
GTM_minus_GT,KGE,13,01181000,0.14169269581396937
GTM_minus_GT,KGE,13,01440400,0.22218031381210268
GTM_minus_GT,KGE,13,01435000,0.12196665017799546
GTM_minus_GT,KGE,13,01144000,-0.07752882615556045
GTM_minus_GT,KGE,13,02011460,0.13825806373734073
GTM_minus_GT,KGE,13,02143000,-0.07792777848835553
GTM_minus_GT,KGE,13,03140000,-0.012883086854313053
GTM_minus_GT,KGE,13,01440000,0.10217479750716518
GTM_minus_GT,KGE,13,01550000,2.310115908917255
GTM_minus_GT,KGE,13,02077200,-0.05522893673834428
GTM_minus_GT,KGE,13,03237500,-0.013683961814695333
GTM_minus_GT,KGE,13,02018000,-0.0030171311820264
GTM_minus_GT,KGE,13,02013000,-0.0032139965847444163
GTM_minus_GT,KGE,13,03161000,-6.91978635356238
GTM_minus_GT,KGE,13,04197170,-0.09905536966338913
GTM_minus_GT,KGE,13,03471500,-0.09144569764744692
GTM_minus_GT,KGE,13,01137500,-0.009433619779762314
GTM_minus_GT,KGE,13,01052500,0.09209571425888963
GTM_minus_GT,KGE,13,02051000,-0.04905839504316678
GTM_minus_GT,KGE,13,01057000,0.15741354763556914
GTM_minus_GT,KGE,13,03144000,-0.03439586087845592
GTM_minus_GT,KGE,13,03078000,0.1211243930488285
GTM_minus_GT,KGE,13,03170000,0.013055572888380884
GTM_minus_GT,KGE,13,02038850,0.005039161061411113
GTM_minus_GT,KGE,13,03241500,-0.07478896297561377
GTM_minus_GT,KGE,13,02064000,-0.03283433550784465
GTM_minus_GT,KGE,13,02096846,-0.03686484061541373
GTM_minus_GT,KGE,13,02055100,0.1229684694226465
GTM_minus_GT,KGE,13,04213075,1.4336716772493987
GTM_minus_GT,KGE,13,01333000,0.20365047746191467
GTM_minus_GT,KGE,13,01552500,0.08433804480736184
GTM_minus_GT,KGE,13,04115265,0.08937756455730772
GTM_minus_GT,KGE,13,03500000,-0.14641677588743363
GTM_minus_GT,KGE,13,01544500,0.09010856149919988
GTM_minus_GT,KGE,13,02149000,-0.10192696747830221
GTM_minus_GT,KGE,13,01552000,2.7970700277560523
GTM_minus_GT,KGE,13,03159540,-0.03813618036854405
GTM_minus_GT,KGE,13,01414500,-0.014540404510385296
GTM_minus_GT,KGE,13,01542810,19.778534876656607
GTM_minus_GT,KGE,13,01667500,-0.02736710350410987
GTM_minus_GT,logNSE,17,03456500,0.09184577681376282
GTM_minus_GT,logNSE,17,01539000,-0.04654922700183994
GTM_minus_GT,logNSE,17,01350000,0.04692100780458419
GTM_minus_GT,logNSE,17,01030500,-0.023319748528339068
GTM_minus_GT,logNSE,17,01365000,-0.06483581741953137
GTM_minus_GT,logNSE,17,03460000,-0.07951878436141502
GTM_minus_GT,logNSE,17,03028000,0.0070594418327087904
GTM_minus_GT,logNSE,17,01350080,0.04421059209264255
GTM_minus_GT,logNSE,17,01134500,-0.01883975584758124
GTM_minus_GT,logNSE,17,01543000,-0.006124779119757395
GTM_minus_GT,logNSE,17,01415000,-0.013686350016371085
GTM_minus_GT,logNSE,17,03011800,0.0100010915132559
GTM_minus_GT,logNSE,17,01078000,-0.04050864049973868
GTM_minus_GT,logNSE,17,03463300,-0.1015808336076488
GTM_minus_GT,logNSE,17,03186500,0.04538908734657632
GTM_minus_GT,logNSE,17,04213000,0.0056959918318371106
GTM_minus_GT,logNSE,17,01142500,-0.030305952303073758
GTM_minus_GT,logNSE,17,01413500,0.05792534303526109
GTM_minus_GT,logNSE,17,03076600,-0.012548649884074337
GTM_minus_GT,logNSE,17,01423000,-0.03729093880192125
GTM_minus_GT,logNSE,17,01139800,-0.08323146953119887
GTM_minus_GT,logNSE,17,03066000,-0.048143767866068
GTM_minus_GT,logNSE,17,03069500,-0.013555953567448431
GTM_minus_GT,logNSE,17,01439500,0.041536628587688695
GTM_minus_GT,logNSE,17,03070500,0.00027726222600898964
GTM_minus_GT,logNSE,17,01055000,-0.04439457136191871
GTM_minus_GT,logNSE,17,03180500,-0.05420381246232475
GTM_minus_GT,logNSE,17,01169000,-0.0677821978863915
GTM_minus_GT,logNSE,17,01350140,0.029482235785566968
GTM_minus_GT,logNSE,17,01434025,-0.059544268093568276
GTM_minus_GT,logNSE,17,03439000,0.1592842611904064
GTM_minus_GT,logNSE,17,02178400,0.15431618282535142
GTM_minus_GT,logNSE,17,03015500,-0.050051383923546244
GTM_minus_GT,logNSE,17,04296000,-0.013883769357011855
GTM_minus_GT,logNSE,17,01047000,-0.002083102852568741
GTM_minus_GT,logNSE,17,01054200,-0.052989574570580844
GTM_minus_GT,logNSE,17,02177000,0.22002839925017337
GTM_minus_GT,logNSE,17,03500240,0.04733072571269514
GTM_minus_GT,logNSE,17,01139000,0.05090842648273053
GTM_minus_GT,logNSE,17,01187300,0.030487177924383935
GTM_minus_GT,logNSE,17,03504000,0.09152019225153618
GTM_minus_GT,logNSE,17,01543500,-0.01179459730969723
GTM_minus_GT,logNSE,17,01031500,-0.009523619133212868
GTM_minus_GT,logNSE,17,01510000,-0.027152240055494437
GTM_minus_GT,logNSE,17,03026500,-0.07007100227300633
GTM_minus_GT,logNSE,17,04256000,-0.026732798042253703
GTM_minus_GT,logNSE,17,03455500,0.025648091974556753
GTM_minus_GT,logNSE,17,01451800,-0.07957836353820147
GTM_minus_GT,logNSE,17,01594950,-0.0480077282570901
GTM_minus_GT,logNSE,17,03050000,0.02851891128506301
GTM_minus_GT,logNSE,17,03021350,-0.04057262343055701
GTM_minus_GT,logNSE,17,03187500,-0.05747998879862659
GTM_minus_GT,logNSE,17,01181000,0.01640356647742336
GTM_minus_GT,logNSE,17,01440400,0.05850198274347851
GTM_minus_GT,logNSE,17,01435000,-0.042355881304402265
GTM_minus_GT,logNSE,17,01144000,0.04606436071678166
GTM_minus_GT,logNSE,17,01440000,-0.025504446645185697
GTM_minus_GT,logNSE,17,01137500,-0.07137382469306464
GTM_minus_GT,logNSE,17,01052500,-0.013564525498480418
GTM_minus_GT,logNSE,17,01057000,-0.040721179382776196
GTM_minus_GT,logNSE,17,03078000,-0.019878484749294323
GTM_minus_GT,logNSE,17,04213075,0.14667720591500377
GTM_minus_GT,logNSE,17,01333000,-0.038974017614181955
GTM_minus_GT,logNSE,17,01552500,-0.06978253860705541
GTM_minus_GT,logNSE,17,03500000,0.09768222046513031
GTM_minus_GT,logNSE,17,01552000,0.025519240624856332
GTM_minus_GT,logNSE,17,01414500,-0.03807935136435048
GTM_minus_GT,logNSE,11,03456500,-0.0964768791606514
GTM_minus_GT,logNSE,11,01539000,-0.025112749666945655
GTM_minus_GT,logNSE,11,01350000,0.014532664775649184
GTM_minus_GT,logNSE,11,01030500,0.05335190547993718
GTM_minus_GT,logNSE,11,01365000,-0.045852209873772254
GTM_minus_GT,logNSE,11,03460000,-0.11712923986876345
GTM_minus_GT,logNSE,11,03028000,-0.04205173003820595
GTM_minus_GT,logNSE,11,01350080,-0.052547810759286495
GTM_minus_GT,logNSE,11,01134500,0.03393806342340466
GTM_minus_GT,logNSE,11,01543000,-0.005209598408460581
GTM_minus_GT,logNSE,11,01415000,-0.024595183199813908
GTM_minus_GT,logNSE,11,03011800,-0.08723130830548609
GTM_minus_GT,logNSE,11,01078000,0.0016373355986935012
GTM_minus_GT,logNSE,11,03463300,-0.08688567816413384
GTM_minus_GT,logNSE,11,03186500,-0.00041670885790390244
GTM_minus_GT,logNSE,11,04213000,0.01470391160118023
GTM_minus_GT,logNSE,11,01142500,0.045183070271681114
GTM_minus_GT,logNSE,11,01413500,0.017310687015233306
GTM_minus_GT,logNSE,11,03076600,-0.05190108340400856
GTM_minus_GT,logNSE,11,01423000,0.03027785118621884
GTM_minus_GT,logNSE,11,01139800,-0.02894746575442886
GTM_minus_GT,logNSE,11,03066000,-0.06980049465252103
GTM_minus_GT,logNSE,11,03069500,-0.018560092564232078
GTM_minus_GT,logNSE,11,01439500,0.00347466585332179
GTM_minus_GT,logNSE,11,03070500,-0.05380464828388465
GTM_minus_GT,logNSE,11,01055000,-0.019883496200378437
GTM_minus_GT,logNSE,11,03180500,-0.07467345902990952
GTM_minus_GT,logNSE,11,01169000,-0.010955548592718634
GTM_minus_GT,logNSE,11,01350140,-0.004236876255869104
GTM_minus_GT,logNSE,11,01434025,-0.05541508257368877
GTM_minus_GT,logNSE,11,03439000,-0.18054294464009224
GTM_minus_GT,logNSE,11,02178400,-0.12872712677548626
GTM_minus_GT,logNSE,11,03015500,0.007235344264934551
GTM_minus_GT,logNSE,11,04296000,-0.036586353535414284
GTM_minus_GT,logNSE,11,01047000,0.02701073733029058
GTM_minus_GT,logNSE,11,01054200,0.032306432532930085
GTM_minus_GT,logNSE,11,02177000,-0.22712731490178772
GTM_minus_GT,logNSE,11,03500240,-0.15090722446052396
GTM_minus_GT,logNSE,11,01139000,0.026388822760548436
GTM_minus_GT,logNSE,11,01187300,-0.011191874059664153
GTM_minus_GT,logNSE,11,03504000,-0.0814270397582968
GTM_minus_GT,logNSE,11,01543500,-0.00357384466504973
GTM_minus_GT,logNSE,11,01031500,0.026467689459695687
GTM_minus_GT,logNSE,11,01510000,-0.033146675692619976
GTM_minus_GT,logNSE,11,03026500,-0.06606946664746893
GTM_minus_GT,logNSE,11,04256000,-0.002408074316262665
GTM_minus_GT,logNSE,11,03455500,0.009710868536438655
GTM_minus_GT,logNSE,11,01451800,-0.028202724904426213
GTM_minus_GT,logNSE,11,01594950,0.00783657028184992
GTM_minus_GT,logNSE,11,03050000,0.04503281173256668
GTM_minus_GT,logNSE,11,03021350,0.050601333178028396
GTM_minus_GT,logNSE,11,03187500,-0.07732324647037281
GTM_minus_GT,logNSE,11,01181000,0.060281921866910615
GTM_minus_GT,logNSE,11,01440400,0.009758471743664177
GTM_minus_GT,logNSE,11,01435000,0.018826429215854645
GTM_minus_GT,logNSE,11,01144000,-0.024543106359971034
GTM_minus_GT,logNSE,11,01440000,-0.013534863606514014
GTM_minus_GT,logNSE,11,01137500,-0.010822836481232279
GTM_minus_GT,logNSE,11,01052500,-0.00550260050903173
GTM_minus_GT,logNSE,11,01057000,-0.009219943723446034
GTM_minus_GT,logNSE,11,03078000,-0.06397020363060169
GTM_minus_GT,logNSE,11,04213075,-0.009164536478900032
GTM_minus_GT,logNSE,11,01333000,0.04934668733930003
GTM_minus_GT,logNSE,11,01552500,-0.0061978133581048755
GTM_minus_GT,logNSE,11,03500000,-0.1899734268887957
GTM_minus_GT,logNSE,11,01552000,-0.025644029422737136
GTM_minus_GT,logNSE,11,01414500,-0.03332477991317084
GTM_minus_GT,logNSE,13,03456500,-0.023353792034895626
GTM_minus_GT,logNSE,13,01539000,-0.0007520182438225387
GTM_minus_GT,logNSE,13,01350000,0.041828250006937684
GTM_minus_GT,logNSE,13,01030500,-0.005777698449699109
GTM_minus_GT,logNSE,13,01365000,-0.026075177550178408
GTM_minus_GT,logNSE,13,03460000,-0.04930598230015781
GTM_minus_GT,logNSE,13,03028000,0.00023347768736170504
GTM_minus_GT,logNSE,13,01350080,0.007156791496590764
GTM_minus_GT,logNSE,13,01134500,-0.03240878435867722
GTM_minus_GT,logNSE,13,01543000,-0.03820405143586436
GTM_minus_GT,logNSE,13,01415000,-0.015386932188570013
GTM_minus_GT,logNSE,13,03011800,0.04577564602523776
GTM_minus_GT,logNSE,13,01078000,0.021096699637460192
GTM_minus_GT,logNSE,13,03463300,-0.10015841495136868
GTM_minus_GT,logNSE,13,03186500,-0.007086811924658543
GTM_minus_GT,logNSE,13,04213000,-0.024513312551445066
GTM_minus_GT,logNSE,13,01142500,0.11623504050426958
GTM_minus_GT,logNSE,13,01413500,0.005535928887368757
GTM_minus_GT,logNSE,13,03076600,-0.05022385087971892
GTM_minus_GT,logNSE,13,01423000,-0.01981722436040545
GTM_minus_GT,logNSE,13,01139800,-0.11724804383966303
GTM_minus_GT,logNSE,13,03066000,-0.047272330534460894
GTM_minus_GT,logNSE,13,03069500,-0.017066906574807694
GTM_minus_GT,logNSE,13,01439500,0.0656851682130063
GTM_minus_GT,logNSE,13,03070500,0.015053124762267833
GTM_minus_GT,logNSE,13,01055000,-0.04120822885435216
GTM_minus_GT,logNSE,13,03180500,-0.04409356363241479
GTM_minus_GT,logNSE,13,01169000,-0.0029153144320905877
GTM_minus_GT,logNSE,13,01350140,0.08713012694924716
GTM_minus_GT,logNSE,13,01434025,-0.0778153552312647
GTM_minus_GT,logNSE,13,03439000,-0.14389610758851223
GTM_minus_GT,logNSE,13,02178400,-0.08592859495387739
GTM_minus_GT,logNSE,13,03015500,-0.032847867798873276
GTM_minus_GT,logNSE,13,04296000,0.015366205628038032
GTM_minus_GT,logNSE,13,01047000,0.003615500737829902
GTM_minus_GT,logNSE,13,01054200,-0.02052597908623144
GTM_minus_GT,logNSE,13,02177000,-0.07280059951855078
GTM_minus_GT,logNSE,13,03500240,-0.17054618129920718
GTM_minus_GT,logNSE,13,01139000,0.019483423597546845
GTM_minus_GT,logNSE,13,01187300,-0.061207620310914757
GTM_minus_GT,logNSE,13,03504000,-0.01583240546072817
GTM_minus_GT,logNSE,13,01543500,-0.05045406645796746
GTM_minus_GT,logNSE,13,01031500,0.007572457857785264
GTM_minus_GT,logNSE,13,01510000,0.018405320263952252
GTM_minus_GT,logNSE,13,03026500,-0.07622698304546338
GTM_minus_GT,logNSE,13,04256000,0.009681019963480475
GTM_minus_GT,logNSE,13,03455500,-0.007655732379534097
GTM_minus_GT,logNSE,13,01451800,-0.012012687287866752
GTM_minus_GT,logNSE,13,01594950,0.02872738533698671
GTM_minus_GT,logNSE,13,03050000,0.03649393994929384
GTM_minus_GT,logNSE,13,03021350,-0.02092741677197829
GTM_minus_GT,logNSE,13,03187500,-0.0895169997160522
GTM_minus_GT,logNSE,13,01181000,0.005132880512575433
GTM_minus_GT,logNSE,13,01440400,0.08014742299863808
GTM_minus_GT,logNSE,13,01435000,0.026794109770779007
GTM_minus_GT,logNSE,13,01144000,0.04375027576110191
GTM_minus_GT,logNSE,13,01440000,0.05224615523053444
GTM_minus_GT,logNSE,13,01137500,-0.07362840634621748
GTM_minus_GT,logNSE,13,01052500,-0.011946461441336598
GTM_minus_GT,logNSE,13,01057000,-0.002873646272368302
GTM_minus_GT,logNSE,13,03078000,-0.02325651661328154
GTM_minus_GT,logNSE,13,04213075,-0.10088424840007337
GTM_minus_GT,logNSE,13,01333000,0.016811600646974956
GTM_minus_GT,logNSE,13,01552500,0.023144567467099142
GTM_minus_GT,logNSE,13,03500000,-0.0801398010212786
GTM_minus_GT,logNSE,13,01552000,0.01783669472329097
GTM_minus_GT,logNSE,13,01414500,-0.061870770932228814
GTM_minus_GM,NSE,17,03456500,-0.047970962013857976
GTM_minus_GM,NSE,17,03182500,0.019497913834409908
GTM_minus_GM,NSE,17,01539000,0.01427302123291907
GTM_minus_GM,NSE,17,01350000,0.012214744213242534
GTM_minus_GM,NSE,17,03238500,-0.02227007534324088
GTM_minus_GM,NSE,17,01030500,0.01640500503115394
GTM_minus_GM,NSE,17,01365000,0.02408316853109549
GTM_minus_GM,NSE,17,03460000,-0.14124029903772073
GTM_minus_GM,NSE,17,02046000,-0.08203776354455106
GTM_minus_GM,NSE,17,03028000,-0.012446819670269504
GTM_minus_GM,NSE,17,01350080,-0.08618334940060723
GTM_minus_GM,NSE,17,01484100,0.047387824399416356
GTM_minus_GM,NSE,17,02015700,0.02111006009969596
GTM_minus_GM,NSE,17,04224775,-0.0032358263672818133
GTM_minus_GM,NSE,17,01466500,0.17156948713818565
GTM_minus_GM,NSE,17,02016000,0.02590218512567788
GTM_minus_GM,NSE,17,01134500,-0.0030495309135065707
GTM_minus_GM,NSE,17,01518862,-0.08685794444159523
GTM_minus_GM,NSE,17,01545600,-0.05925822008175197
GTM_minus_GM,NSE,17,04197100,-0.02588481518434771
GTM_minus_GM,NSE,17,01549500,-0.04450955169057724
GTM_minus_GM,NSE,17,02140991,0.009614746794946227
GTM_minus_GM,NSE,17,03049000,-0.011410887741157949
GTM_minus_GM,NSE,17,02111500,-0.07412102870670001
GTM_minus_GM,NSE,17,03450000,-0.04403149450126742
GTM_minus_GM,NSE,17,04122200,-0.003978506006865112
GTM_minus_GM,NSE,17,02053800,-0.11383172454977919
GTM_minus_GM,NSE,17,04196800,0.01817960789398465
GTM_minus_GM,NSE,17,02017500,-0.03612588771688863
GTM_minus_GM,NSE,17,03165000,0.024460724742134343
GTM_minus_GM,NSE,17,01543000,0.03375848107232193
GTM_minus_GM,NSE,17,01491000,0.0036142554409435146
GTM_minus_GM,NSE,17,02051500,0.03597127601983863
GTM_minus_GM,NSE,17,02070000,-0.026788315011424424
GTM_minus_GM,NSE,17,01415000,0.005801178094312687
GTM_minus_GM,NSE,17,03011800,0.025815958515496895
GTM_minus_GM,NSE,17,02014000,-0.013886529970103756
GTM_minus_GM,NSE,17,02028500,-0.048067700705604954
GTM_minus_GM,NSE,17,02056900,-0.03438364273193484
GTM_minus_GM,NSE,17,01516500,-0.01351023512299998
GTM_minus_GM,NSE,17,03213700,0.04798937715644824
GTM_minus_GM,NSE,17,01547700,-0.021502328741473065
GTM_minus_GM,NSE,17,01485500,-0.003854809118275626
GTM_minus_GM,NSE,17,01632900,-0.09547289089094146
GTM_minus_GM,NSE,17,02027000,-0.029461381374318862
GTM_minus_GM,NSE,17,01078000,-0.015752627767881
GTM_minus_GM,NSE,17,03049800,0.02419050174276416
GTM_minus_GM,NSE,17,01606500,-0.03830586294911087
GTM_minus_GM,NSE,17,02065500,0.04818623992631288
GTM_minus_GM,NSE,17,03164000,0.039205808529278796
GTM_minus_GM,NSE,17,02137727,0.014493759725481281
GTM_minus_GM,NSE,17,03498500,0.011206401998669069
GTM_minus_GM,NSE,17,02069700,-0.02126615702748813
GTM_minus_GM,NSE,17,03463300,-0.0034537270977583745
GTM_minus_GM,NSE,17,03173000,-0.1136225683308486
GTM_minus_GM,NSE,17,01532000,-0.01751529752907377
GTM_minus_GM,NSE,17,03186500,0.016667044934580044
GTM_minus_GM,NSE,17,03488000,-0.03922739752693083
GTM_minus_GM,NSE,17,01557500,-0.05497263917532713
GTM_minus_GM,NSE,17,01658500,0.04088198636118001
GTM_minus_GM,NSE,17,01596500,0.03189160667701685
GTM_minus_GM,NSE,17,01644000,-0.05528995223866928
GTM_minus_GM,NSE,17,04213000,0.049201729140041284
GTM_minus_GM,NSE,17,01487000,-0.018685810322435326
GTM_minus_GM,NSE,17,01669000,-0.0547573695191812
GTM_minus_GM,NSE,17,01142500,0.028106829385819876
GTM_minus_GM,NSE,17,04105700,-0.19832876193303683
GTM_minus_GM,NSE,17,01413500,0.0013503021304019924
GTM_minus_GM,NSE,17,01613050,-0.03957602238822833
GTM_minus_GM,NSE,17,03076600,0.02674615075639597
GTM_minus_GM,NSE,17,01423000,0.06555005740930864
GTM_minus_GM,NSE,17,01411300,0.5737028896534273
GTM_minus_GM,NSE,17,01139800,0.046837499009428574
GTM_minus_GM,NSE,17,01605500,0.006209888229805172
GTM_minus_GM,NSE,17,03066000,0.04212583766105493
GTM_minus_GM,NSE,17,03069500,0.018588469430248833
GTM_minus_GM,NSE,17,03473000,-0.018550992794545973
GTM_minus_GM,NSE,17,02081500,0.02811950394921492
GTM_minus_GM,NSE,17,01634500,-0.05210369076741772
GTM_minus_GM,NSE,17,01439500,0.02427341394669702
GTM_minus_GM,NSE,17,03070500,0.015744011595928753
GTM_minus_GM,NSE,17,02143040,0.0008519803540467663
GTM_minus_GM,NSE,17,01055000,0.012212168205109397
GTM_minus_GM,NSE,17,02112360,0.030934175187665502
GTM_minus_GM,NSE,17,01669520,0.021693838152677003
GTM_minus_GM,NSE,17,03180500,0.00726826435977479
GTM_minus_GM,NSE,17,01638480,-0.008916693957325639
GTM_minus_GM,NSE,17,02053200,0.04067409126637256
GTM_minus_GM,NSE,17,01169000,0.010326106397156143
GTM_minus_GM,NSE,17,01350140,-0.12014055384933642
GTM_minus_GM,NSE,17,01591400,-0.017965730879138775
GTM_minus_GM,NSE,17,01586610,-0.048290831156461045
GTM_minus_GM,NSE,17,01434025,0.011600786797029805
GTM_minus_GM,NSE,17,03439000,-0.023032005242548226
GTM_minus_GM,NSE,17,02178400,0.00380800730781794
GTM_minus_GM,NSE,17,01664000,-0.004345436506687839
GTM_minus_GM,NSE,17,03015500,0.01072226791158759
GTM_minus_GM,NSE,17,04296000,-0.028397424259568593
GTM_minus_GM,NSE,17,02112120,-0.1037208238471441
GTM_minus_GM,NSE,17,02082950,0.048560094184958325
GTM_minus_GM,NSE,17,01639500,-0.03217247856362371
GTM_minus_GM,NSE,17,01047000,0.009074929387630881
GTM_minus_GM,NSE,17,02074500,-0.02456456087233827
GTM_minus_GM,NSE,17,01054200,0.021434748694630024
GTM_minus_GM,NSE,17,02177000,0.054228724825985064
GTM_minus_GM,NSE,17,03500240,-0.029742973422922425
GTM_minus_GM,NSE,17,04233000,-0.01651323397191573
GTM_minus_GM,NSE,17,03237280,0.013945277698981684
GTM_minus_GM,NSE,17,01548500,-0.005687606689451341
GTM_minus_GM,NSE,17,02125000,0.03117794146947317
GTM_minus_GM,NSE,17,03479000,-0.06937003236093431
GTM_minus_GM,NSE,17,02118500,-0.0035099988574984753
GTM_minus_GM,NSE,17,01139000,-0.039379006564204344
GTM_minus_GM,NSE,17,01187300,-0.009630658959333904
GTM_minus_GM,NSE,17,03504000,-0.025624500507200665
GTM_minus_GM,NSE,17,02011400,-0.007262398897435851
GTM_minus_GM,NSE,17,01568000,0.007732906486845659
GTM_minus_GM,NSE,17,01543500,0.01086443645559354
GTM_minus_GM,NSE,17,01031500,-0.023144443516391444
GTM_minus_GM,NSE,17,01567500,0.002879385248260813
GTM_minus_GM,NSE,17,02027500,-0.01716608360158134
GTM_minus_GM,NSE,17,03010655,0.03753075409351769
GTM_minus_GM,NSE,17,04216418,0.007939075186075173
GTM_minus_GM,NSE,17,02152100,0.01136707016026861
GTM_minus_GM,NSE,17,01510000,0.039845450638268276
GTM_minus_GM,NSE,17,03026500,-0.03795285399751769
GTM_minus_GM,NSE,17,02128000,0.02353486582408615
GTM_minus_GM,NSE,17,04256000,-0.018711766996842072
GTM_minus_GM,NSE,17,01620500,-0.021261981896999238
GTM_minus_GM,NSE,17,03455500,0.0003507716814404871
GTM_minus_GM,NSE,17,01451800,-0.022787583865364613
GTM_minus_GM,NSE,17,04185000,-0.024402632244533318
GTM_minus_GM,NSE,17,02111180,-0.004500902742614499
GTM_minus_GM,NSE,17,01594950,-0.006329678123524585
GTM_minus_GM,NSE,17,01580000,-0.061125256865282696
GTM_minus_GM,NSE,17,03050000,0.0121313763058708
GTM_minus_GM,NSE,17,01632000,0.003873257169435318
GTM_minus_GM,NSE,17,04221000,0.035928386258233136
GTM_minus_GM,NSE,17,03021350,0.002247597107862598
GTM_minus_GM,NSE,17,01583500,-0.07066330679204968
GTM_minus_GM,NSE,17,02059500,0.03385920663939612
GTM_minus_GM,NSE,17,01666500,-0.019438898060009535
GTM_minus_GM,NSE,17,03187500,0.04180310463528614
GTM_minus_GM,NSE,17,01181000,0.024803141371781523
GTM_minus_GM,NSE,17,01440400,0.0377351228349353
GTM_minus_GM,NSE,17,01435000,0.00927338347361839
GTM_minus_GM,NSE,17,01144000,0.020380168475360172
GTM_minus_GM,NSE,17,02011460,0.02553063471400041
GTM_minus_GM,NSE,17,02143000,0.025457834170075078
GTM_minus_GM,NSE,17,03140000,-0.006727728747364714
GTM_minus_GM,NSE,17,01440000,0.01640846399013507
GTM_minus_GM,NSE,17,01550000,0.0038546220937611952
GTM_minus_GM,NSE,17,02077200,-0.02753197827502074
GTM_minus_GM,NSE,17,03237500,-0.021129392442163386
GTM_minus_GM,NSE,17,02018000,-0.0025977964022680933
GTM_minus_GM,NSE,17,02013000,-0.03270363500867268
GTM_minus_GM,NSE,17,03161000,0.004692862793197028
GTM_minus_GM,NSE,17,04197170,0.007051943190426346
GTM_minus_GM,NSE,17,03471500,-0.07734597013425137
GTM_minus_GM,NSE,17,01137500,0.016952558393083628
GTM_minus_GM,NSE,17,01052500,0.019335341540552498
GTM_minus_GM,NSE,17,02051000,0.004308063545704677
GTM_minus_GM,NSE,17,01057000,-0.00408871636621666
GTM_minus_GM,NSE,17,03144000,0.016279808585321742
GTM_minus_GM,NSE,17,03078000,0.011785031556817205
GTM_minus_GM,NSE,17,03170000,0.017889389196249716
GTM_minus_GM,NSE,17,02038850,0.010670286334335755
GTM_minus_GM,NSE,17,03241500,0.028228855988482904
GTM_minus_GM,NSE,17,02064000,0.031627338006356864
GTM_minus_GM,NSE,17,02096846,0.0024207616681952704
GTM_minus_GM,NSE,17,02055100,0.019569828451055593
GTM_minus_GM,NSE,17,04213075,-0.0049309901185220495
GTM_minus_GM,NSE,17,01333000,0.026744032726830458
GTM_minus_GM,NSE,17,01552500,-0.04631643884813119
GTM_minus_GM,NSE,17,04115265,0.013746756096757351
GTM_minus_GM,NSE,17,03500000,0.019194306602032585
GTM_minus_GM,NSE,17,01544500,-0.13902938191859582
GTM_minus_GM,NSE,17,02149000,0.014258566715691812
GTM_minus_GM,NSE,17,01552000,-0.01725525949564477
GTM_minus_GM,NSE,17,03159540,-0.0028618224537974024
GTM_minus_GM,NSE,17,01414500,-0.0389419324209902
GTM_minus_GM,NSE,17,01542810,-0.00813844026962518
GTM_minus_GM,NSE,17,01667500,-0.022741466893085316
GTM_minus_GM,NSE,11,03456500,0.01526705100876935
GTM_minus_GM,NSE,11,03182500,0.009870254734372752
GTM_minus_GM,NSE,11,01539000,-0.007725853366328916
GTM_minus_GM,NSE,11,01350000,-0.03302391952721595
GTM_minus_GM,NSE,11,03238500,-0.013712033440561822
GTM_minus_GM,NSE,11,01030500,-0.0008155288006590489
GTM_minus_GM,NSE,11,01365000,-0.03781359205542478
GTM_minus_GM,NSE,11,03460000,0.016904808299111673
GTM_minus_GM,NSE,11,02046000,-0.07745095837044758
GTM_minus_GM,NSE,11,03028000,-0.009744273491415933
GTM_minus_GM,NSE,11,01350080,-0.12336473167132467
GTM_minus_GM,NSE,11,01484100,-0.05751636358589718
GTM_minus_GM,NSE,11,02015700,0.01410023405043348
GTM_minus_GM,NSE,11,04224775,-0.050932996330177116
GTM_minus_GM,NSE,11,01466500,-0.26755525563364957
GTM_minus_GM,NSE,11,02016000,0.01824805178233202
GTM_minus_GM,NSE,11,01134500,0.046002813491700434
GTM_minus_GM,NSE,11,01518862,0.010466450238226122
GTM_minus_GM,NSE,11,01545600,-0.05992799615812905
GTM_minus_GM,NSE,11,04197100,-0.014664046178937351
GTM_minus_GM,NSE,11,01549500,-0.03542626926362358
GTM_minus_GM,NSE,11,02140991,0.08364474276675316
GTM_minus_GM,NSE,11,03049000,0.014582626808002486
GTM_minus_GM,NSE,11,02111500,0.012012436210013355
GTM_minus_GM,NSE,11,03450000,0.028793318203644613
GTM_minus_GM,NSE,11,04122200,0.07652379948808274
GTM_minus_GM,NSE,11,02053800,0.0886603213609165
GTM_minus_GM,NSE,11,04196800,-0.015556487061295865
GTM_minus_GM,NSE,11,02017500,0.004063954312222506
GTM_minus_GM,NSE,11,03165000,-0.030544810527363464
GTM_minus_GM,NSE,11,01543000,-0.0009221091854909602
GTM_minus_GM,NSE,11,01491000,-0.004892048627824885
GTM_minus_GM,NSE,11,02051500,0.005264371657523026
GTM_minus_GM,NSE,11,02070000,-0.02039332360159707
GTM_minus_GM,NSE,11,01415000,-0.05516857499778971
GTM_minus_GM,NSE,11,03011800,-0.046238374893639245
GTM_minus_GM,NSE,11,02014000,0.05226923968715835
GTM_minus_GM,NSE,11,02028500,-0.05628967621432135
GTM_minus_GM,NSE,11,02056900,0.0040999302515429825
GTM_minus_GM,NSE,11,01516500,-0.11014647074986039
GTM_minus_GM,NSE,11,03213700,-0.0032953076434378836
GTM_minus_GM,NSE,11,01547700,-0.04749742134291779
GTM_minus_GM,NSE,11,01485500,0.011487268530191108
GTM_minus_GM,NSE,11,01632900,0.005045010180916298
GTM_minus_GM,NSE,11,02027000,-0.0013079827261949228
GTM_minus_GM,NSE,11,01078000,0.0023493168365833483
GTM_minus_GM,NSE,11,03049800,0.024649752816070847
GTM_minus_GM,NSE,11,01606500,0.0074677892920758104
GTM_minus_GM,NSE,11,02065500,-0.02700589880288906
GTM_minus_GM,NSE,11,03164000,0.08728640301584534
GTM_minus_GM,NSE,11,02137727,0.058071562054370585
GTM_minus_GM,NSE,11,03498500,-0.01792871660221962
GTM_minus_GM,NSE,11,02069700,-0.015628818700653246
GTM_minus_GM,NSE,11,03463300,0.0036933634106883773
GTM_minus_GM,NSE,11,03173000,0.04780171883076689
GTM_minus_GM,NSE,11,01532000,-0.05789316479439588
GTM_minus_GM,NSE,11,03186500,-0.016190641601619093
GTM_minus_GM,NSE,11,03488000,0.07070714748858808
GTM_minus_GM,NSE,11,01557500,-0.08706373121078292
GTM_minus_GM,NSE,11,01658500,-0.016406766358451064
GTM_minus_GM,NSE,11,01596500,0.003819647489329059
GTM_minus_GM,NSE,11,01644000,-0.03613580748885703
GTM_minus_GM,NSE,11,04213000,0.0027683359264485397
GTM_minus_GM,NSE,11,01487000,-0.0380568776636947
GTM_minus_GM,NSE,11,01669000,-0.06861091598441182
GTM_minus_GM,NSE,11,01142500,0.06454793119269842
GTM_minus_GM,NSE,11,04105700,0.2089535219794587
GTM_minus_GM,NSE,11,01413500,-0.052907082850813136
GTM_minus_GM,NSE,11,01613050,0.026684610952171006
GTM_minus_GM,NSE,11,03076600,0.04265618463553844
GTM_minus_GM,NSE,11,01423000,-0.0767193648492327
GTM_minus_GM,NSE,11,01411300,0.40227951026754116
GTM_minus_GM,NSE,11,01139800,0.13435060011075228
GTM_minus_GM,NSE,11,01605500,0.02693463600493118
GTM_minus_GM,NSE,11,03066000,0.004750351119872542
GTM_minus_GM,NSE,11,03069500,0.00215688763378008
GTM_minus_GM,NSE,11,03473000,0.05430050290941568
GTM_minus_GM,NSE,11,02081500,-0.012055925736835005
GTM_minus_GM,NSE,11,01634500,0.01935241941598631
GTM_minus_GM,NSE,11,01439500,-0.04384665339159577
GTM_minus_GM,NSE,11,03070500,0.004040215537208569
GTM_minus_GM,NSE,11,02143040,0.007576717295863844
GTM_minus_GM,NSE,11,01055000,0.03974239335916052
GTM_minus_GM,NSE,11,02112360,0.09361657851233307
GTM_minus_GM,NSE,11,01669520,-0.008742699715538649
GTM_minus_GM,NSE,11,03180500,-0.011643516289386757
GTM_minus_GM,NSE,11,01638480,-0.01058334817714135
GTM_minus_GM,NSE,11,02053200,0.06125033348682496
GTM_minus_GM,NSE,11,01169000,0.0015231326306193171
GTM_minus_GM,NSE,11,01350140,-0.061076966228783336
GTM_minus_GM,NSE,11,01591400,-0.03183185066885563
GTM_minus_GM,NSE,11,01586610,-0.03854127601333035
GTM_minus_GM,NSE,11,01434025,-0.021615508927918192
GTM_minus_GM,NSE,11,03439000,0.004327830009995592
GTM_minus_GM,NSE,11,02178400,0.012712469228176593
GTM_minus_GM,NSE,11,01664000,0.02514102416712749
GTM_minus_GM,NSE,11,03015500,-0.0160481026944036
GTM_minus_GM,NSE,11,04296000,0.054835536898346304
GTM_minus_GM,NSE,11,02112120,0.0908828243407207
GTM_minus_GM,NSE,11,02082950,-0.02224097745366982
GTM_minus_GM,NSE,11,01639500,-0.02169774619282616
GTM_minus_GM,NSE,11,01047000,0.0362491420089448
GTM_minus_GM,NSE,11,02074500,0.011449686591787689
GTM_minus_GM,NSE,11,01054200,0.056181706807485465
GTM_minus_GM,NSE,11,02177000,0.06128006334296632
GTM_minus_GM,NSE,11,03500240,0.04990988568028065
GTM_minus_GM,NSE,11,04233000,-0.06701589117140216
GTM_minus_GM,NSE,11,03237280,-0.0023448165254514874
GTM_minus_GM,NSE,11,01548500,0.00785372423326769
GTM_minus_GM,NSE,11,02125000,0.026603016387403033
GTM_minus_GM,NSE,11,03479000,0.08219812258011205
GTM_minus_GM,NSE,11,02118500,0.009138667735269057
GTM_minus_GM,NSE,11,01139000,0.029938709920395268
GTM_minus_GM,NSE,11,01187300,-0.014066682217104609
GTM_minus_GM,NSE,11,03504000,0.01944191259053696
GTM_minus_GM,NSE,11,02011400,0.018471130489481458
GTM_minus_GM,NSE,11,01568000,-0.01892279221322435
GTM_minus_GM,NSE,11,01543500,-0.018525756238637836
GTM_minus_GM,NSE,11,01031500,0.03307487593375735
GTM_minus_GM,NSE,11,01567500,-0.05389954872203084
GTM_minus_GM,NSE,11,02027500,0.006383513081576697
GTM_minus_GM,NSE,11,03010655,-0.037179415594834175
GTM_minus_GM,NSE,11,04216418,-0.0068180277001052
GTM_minus_GM,NSE,11,02152100,0.014657489228997678
GTM_minus_GM,NSE,11,01510000,-0.05027198607981298
GTM_minus_GM,NSE,11,03026500,-0.028321827256830523
GTM_minus_GM,NSE,11,02128000,0.0395227018336165
GTM_minus_GM,NSE,11,04256000,-0.014291207915245407
GTM_minus_GM,NSE,11,01620500,-0.0015302935140276697
GTM_minus_GM,NSE,11,03455500,-0.03213158173925623
GTM_minus_GM,NSE,11,01451800,-0.008987993215191503
GTM_minus_GM,NSE,11,04185000,0.023647705901240434
GTM_minus_GM,NSE,11,02111180,0.08375307502372265
GTM_minus_GM,NSE,11,01594950,0.019129101946706917
GTM_minus_GM,NSE,11,01580000,-0.045835491440115006
GTM_minus_GM,NSE,11,03050000,-0.007315737803683442
GTM_minus_GM,NSE,11,01632000,0.03400660963505209
GTM_minus_GM,NSE,11,04221000,-0.026444019960154108
GTM_minus_GM,NSE,11,03021350,0.014300676568930193
GTM_minus_GM,NSE,11,01583500,-0.025431671718527893
GTM_minus_GM,NSE,11,02059500,-0.007300756974758071
GTM_minus_GM,NSE,11,01666500,-0.00515148604478366
GTM_minus_GM,NSE,11,03187500,-0.017615515624189837
GTM_minus_GM,NSE,11,01181000,0.00020851489179474214
GTM_minus_GM,NSE,11,01440400,-0.009767382962629023
GTM_minus_GM,NSE,11,01435000,-0.0363422645674909
GTM_minus_GM,NSE,11,01144000,0.03944100485783131
GTM_minus_GM,NSE,11,02011460,0.016476069784841396
GTM_minus_GM,NSE,11,02143000,0.04339752601750535
GTM_minus_GM,NSE,11,03140000,-0.019319444096380534
GTM_minus_GM,NSE,11,01440000,-0.050294635871134474
GTM_minus_GM,NSE,11,01550000,-0.04305824115386414
GTM_minus_GM,NSE,11,02077200,0.022323418563361064
GTM_minus_GM,NSE,11,03237500,-0.02281920551792538
GTM_minus_GM,NSE,11,02018000,0.011503460212952898
GTM_minus_GM,NSE,11,02013000,-0.005930222099258975
GTM_minus_GM,NSE,11,03161000,0.06422496805834521
GTM_minus_GM,NSE,11,04197170,-0.004796613535820948
GTM_minus_GM,NSE,11,03471500,0.08026863845171384
GTM_minus_GM,NSE,11,01137500,0.02657535598725136
GTM_minus_GM,NSE,11,01052500,-0.010544354280211055
GTM_minus_GM,NSE,11,02051000,-0.015166748673699382
GTM_minus_GM,NSE,11,01057000,0.010488347796662523
GTM_minus_GM,NSE,11,03144000,-0.014575483345420803
GTM_minus_GM,NSE,11,03078000,0.03460628782679909
GTM_minus_GM,NSE,11,03170000,0.02779543115296157
GTM_minus_GM,NSE,11,02038850,-0.0008930999654492844
GTM_minus_GM,NSE,11,03241500,-0.010246015241480944
GTM_minus_GM,NSE,11,02064000,0.035530327936884154
GTM_minus_GM,NSE,11,02096846,0.017059854483877812
GTM_minus_GM,NSE,11,02055100,0.009954555676858656
GTM_minus_GM,NSE,11,04213075,0.0493068099659546
GTM_minus_GM,NSE,11,01333000,-0.019988217493703164
GTM_minus_GM,NSE,11,01552500,-0.01694235008376288
GTM_minus_GM,NSE,11,04115265,0.008955099297684455
GTM_minus_GM,NSE,11,03500000,0.07751358963711708
GTM_minus_GM,NSE,11,01544500,-0.041899922489424424
GTM_minus_GM,NSE,11,02149000,0.06914122418258783
GTM_minus_GM,NSE,11,01552000,-0.03656466729065566
GTM_minus_GM,NSE,11,03159540,0.020232633304771097
GTM_minus_GM,NSE,11,01414500,-0.05837952903954913
GTM_minus_GM,NSE,11,01542810,-0.028640408217621927
GTM_minus_GM,NSE,11,01667500,0.015699679221124585
GTM_minus_GM,NSE,13,03456500,0.008833472782651453
GTM_minus_GM,NSE,13,03182500,-0.024011019939747857
GTM_minus_GM,NSE,13,01539000,-0.028741123238687494
GTM_minus_GM,NSE,13,01350000,-0.026910921099554064
GTM_minus_GM,NSE,13,03238500,-0.02597778409413931
GTM_minus_GM,NSE,13,01030500,-0.008705232557089215
GTM_minus_GM,NSE,13,01365000,-0.02199619201002867
GTM_minus_GM,NSE,13,03460000,-0.019344791979097553
GTM_minus_GM,NSE,13,02046000,-0.0036538489690887133
GTM_minus_GM,NSE,13,03028000,-0.02968010771141527
GTM_minus_GM,NSE,13,01350080,-0.04303217948050375
GTM_minus_GM,NSE,13,01484100,0.030914632288337573
GTM_minus_GM,NSE,13,02015700,-0.008283956448348673
GTM_minus_GM,NSE,13,04224775,-0.006312404848562436
GTM_minus_GM,NSE,13,01466500,-0.280472409625351
GTM_minus_GM,NSE,13,02016000,-0.016583353292139114
GTM_minus_GM,NSE,13,01134500,-0.019696587841005808
GTM_minus_GM,NSE,13,01518862,-0.003574279222049226
GTM_minus_GM,NSE,13,01545600,0.014137371451656167
GTM_minus_GM,NSE,13,04197100,-0.0025472677231206386
GTM_minus_GM,NSE,13,01549500,0.006111254587919501
GTM_minus_GM,NSE,13,02140991,-0.015796089772646904
GTM_minus_GM,NSE,13,03049000,-0.007493024887639255
GTM_minus_GM,NSE,13,02111500,-0.08592481845282662
GTM_minus_GM,NSE,13,03450000,0.05881772215852732
GTM_minus_GM,NSE,13,04122200,-0.03540122992911254
GTM_minus_GM,NSE,13,02053800,-0.004344210422555728
GTM_minus_GM,NSE,13,04196800,-0.008955882442093999
GTM_minus_GM,NSE,13,02017500,-0.05884519502766705
GTM_minus_GM,NSE,13,03165000,-0.04702597151269006
GTM_minus_GM,NSE,13,01543000,-0.035937386955315676
GTM_minus_GM,NSE,13,01491000,-0.0096088855166504
GTM_minus_GM,NSE,13,02051500,-0.014575378070353251
GTM_minus_GM,NSE,13,02070000,-0.043719108435494314
GTM_minus_GM,NSE,13,01415000,-0.005953611208791343
GTM_minus_GM,NSE,13,03011800,-0.03789058589256877
GTM_minus_GM,NSE,13,02014000,-0.0342700763497259
GTM_minus_GM,NSE,13,02028500,-0.021311385099225588
GTM_minus_GM,NSE,13,02056900,-0.0593978446136032
GTM_minus_GM,NSE,13,01516500,0.012820963164598354
GTM_minus_GM,NSE,13,03213700,0.03536034569422919
GTM_minus_GM,NSE,13,01547700,-0.04762929176629582
GTM_minus_GM,NSE,13,01485500,-0.007684583695138469
GTM_minus_GM,NSE,13,01632900,-0.1335201094379761
GTM_minus_GM,NSE,13,02027000,0.0016641622502620024
GTM_minus_GM,NSE,13,01078000,-0.012183969069169631
GTM_minus_GM,NSE,13,03049800,-0.03344797454878157
GTM_minus_GM,NSE,13,01606500,-0.036773850046637135
GTM_minus_GM,NSE,13,02065500,-0.0630932574883033
GTM_minus_GM,NSE,13,03164000,-0.011415240939988691
GTM_minus_GM,NSE,13,02137727,-0.0468603258876199
GTM_minus_GM,NSE,13,03498500,-0.027449730221839053
GTM_minus_GM,NSE,13,02069700,-0.10187783832118469
GTM_minus_GM,NSE,13,03463300,-0.006859842252153081
GTM_minus_GM,NSE,13,03173000,-0.07491162187212008
GTM_minus_GM,NSE,13,01532000,0.0035198574959640627
GTM_minus_GM,NSE,13,03186500,-0.02248120218844729
GTM_minus_GM,NSE,13,03488000,-0.006640919283057212
GTM_minus_GM,NSE,13,01557500,-0.05213640224061611
GTM_minus_GM,NSE,13,01658500,-0.022235873380338167
GTM_minus_GM,NSE,13,01596500,-0.017474980631487558
GTM_minus_GM,NSE,13,01644000,-0.05994463775758563
GTM_minus_GM,NSE,13,04213000,-0.002464398448288496
GTM_minus_GM,NSE,13,01487000,-0.024186559097944316
GTM_minus_GM,NSE,13,01669000,0.023921355764009444
GTM_minus_GM,NSE,13,01142500,0.018195484599063727
GTM_minus_GM,NSE,13,04105700,0.15985227342107233
GTM_minus_GM,NSE,13,01413500,-0.028935487251822156
GTM_minus_GM,NSE,13,01613050,0.005690081683450088
GTM_minus_GM,NSE,13,03076600,-0.0029495324915107535
GTM_minus_GM,NSE,13,01423000,-0.012045078214723781
GTM_minus_GM,NSE,13,01411300,-0.1127653614729438
GTM_minus_GM,NSE,13,01139800,0.0822527851877346
GTM_minus_GM,NSE,13,01605500,-0.031166397048136618
GTM_minus_GM,NSE,13,03066000,-0.016100503926753884
GTM_minus_GM,NSE,13,03069500,-0.025224554406604427
GTM_minus_GM,NSE,13,03473000,-0.016076476823994268
GTM_minus_GM,NSE,13,02081500,-0.01791296562706146
GTM_minus_GM,NSE,13,01634500,-0.011807958932256835
GTM_minus_GM,NSE,13,01439500,0.0065132360531335864
GTM_minus_GM,NSE,13,03070500,-0.0024107389001987167
GTM_minus_GM,NSE,13,02143040,-0.02995885236054896
GTM_minus_GM,NSE,13,01055000,0.011713357470623298
GTM_minus_GM,NSE,13,02112360,-0.07723705429795169
GTM_minus_GM,NSE,13,01669520,0.005539233489191497
GTM_minus_GM,NSE,13,03180500,-0.015632999854960472
GTM_minus_GM,NSE,13,01638480,-0.005720742282106284
GTM_minus_GM,NSE,13,02053200,0.0008964710777301654
GTM_minus_GM,NSE,13,01169000,-0.023960519996772955
GTM_minus_GM,NSE,13,01350140,-0.012836571877906988
GTM_minus_GM,NSE,13,01591400,-0.03744125626298567
GTM_minus_GM,NSE,13,01586610,-0.015578779888697158
GTM_minus_GM,NSE,13,01434025,-0.03021811576526645
GTM_minus_GM,NSE,13,03439000,-0.015818898851040375
GTM_minus_GM,NSE,13,02178400,-0.016026789155756616
GTM_minus_GM,NSE,13,01664000,-0.029574515890485653
GTM_minus_GM,NSE,13,03015500,-0.017269633246872695
GTM_minus_GM,NSE,13,04296000,-0.005288915499712221
GTM_minus_GM,NSE,13,02112120,-0.09174287436077133
GTM_minus_GM,NSE,13,02082950,0.09919578679790053
GTM_minus_GM,NSE,13,01639500,-0.01205990746936103
GTM_minus_GM,NSE,13,01047000,-0.004300683765751101
GTM_minus_GM,NSE,13,02074500,0.003374516790816018
GTM_minus_GM,NSE,13,01054200,0.011997504949398996
GTM_minus_GM,NSE,13,02177000,-0.04279077418890076
GTM_minus_GM,NSE,13,03500240,-0.031138404321592428
GTM_minus_GM,NSE,13,04233000,-0.023099966136021166
GTM_minus_GM,NSE,13,03237280,-0.01737880472437814
GTM_minus_GM,NSE,13,01548500,-0.013348006560324754
GTM_minus_GM,NSE,13,02125000,-0.022307145022970043
GTM_minus_GM,NSE,13,03479000,0.01158161188829998
GTM_minus_GM,NSE,13,02118500,0.001013333060882582
GTM_minus_GM,NSE,13,01139000,0.009247531338624215
GTM_minus_GM,NSE,13,01187300,-0.030012686351602702
GTM_minus_GM,NSE,13,03504000,-0.019116066441673185
GTM_minus_GM,NSE,13,02011400,-0.01869276392792596
GTM_minus_GM,NSE,13,01568000,-0.03805004920028132
GTM_minus_GM,NSE,13,01543500,-0.031543489390603474
GTM_minus_GM,NSE,13,01031500,-0.0049264548559617705
GTM_minus_GM,NSE,13,01567500,-0.029779141174172796
GTM_minus_GM,NSE,13,02027500,0.0160707369349794
GTM_minus_GM,NSE,13,03010655,-0.023279114077055296
GTM_minus_GM,NSE,13,04216418,-0.027863609208179096
GTM_minus_GM,NSE,13,02152100,-0.034680869656840696
GTM_minus_GM,NSE,13,01510000,-0.02014705993516608
GTM_minus_GM,NSE,13,03026500,-0.02634188621437028
GTM_minus_GM,NSE,13,02128000,0.014758237324690726
GTM_minus_GM,NSE,13,04256000,-0.007837002995108588
GTM_minus_GM,NSE,13,01620500,-0.02460103083218612
GTM_minus_GM,NSE,13,03455500,-0.01440562276821078
GTM_minus_GM,NSE,13,01451800,-0.00792580592551273
GTM_minus_GM,NSE,13,04185000,0.11176640152902428
GTM_minus_GM,NSE,13,02111180,-0.06052686935788287
GTM_minus_GM,NSE,13,01594950,0.008308630551922547
GTM_minus_GM,NSE,13,01580000,-0.0364221134570164
GTM_minus_GM,NSE,13,03050000,-0.006179479061224402
GTM_minus_GM,NSE,13,01632000,-0.030727746963346014
GTM_minus_GM,NSE,13,04221000,-0.0012564440807153465
GTM_minus_GM,NSE,13,03021350,-0.01563964187514033
GTM_minus_GM,NSE,13,01583500,-0.073023886016926
GTM_minus_GM,NSE,13,02059500,-0.08067148554246584
GTM_minus_GM,NSE,13,01666500,0.002698953580817065
GTM_minus_GM,NSE,13,03187500,-0.02461401622108872
GTM_minus_GM,NSE,13,01181000,-0.023720976866059895
GTM_minus_GM,NSE,13,01440400,-0.0005379654960067093
GTM_minus_GM,NSE,13,01435000,-0.018999660268844254
GTM_minus_GM,NSE,13,01144000,0.01666785086524436
GTM_minus_GM,NSE,13,02011460,-0.03518527575982988
GTM_minus_GM,NSE,13,02143000,-0.02510825291911223
GTM_minus_GM,NSE,13,03140000,-0.00016049034014786745
GTM_minus_GM,NSE,13,01440000,-0.0016349252084328914
GTM_minus_GM,NSE,13,01550000,0.03703519533318811
GTM_minus_GM,NSE,13,02077200,0.01468159674594327
GTM_minus_GM,NSE,13,03237500,-0.018369956987249192
GTM_minus_GM,NSE,13,02018000,-0.040623188115090136
GTM_minus_GM,NSE,13,02013000,-0.03355769267670239
GTM_minus_GM,NSE,13,03161000,-0.02213137266139542
GTM_minus_GM,NSE,13,04197170,-0.023468779059612754
GTM_minus_GM,NSE,13,03471500,-0.12284111008902909
GTM_minus_GM,NSE,13,01137500,0.013428569130017776
GTM_minus_GM,NSE,13,01052500,0.017003903563522882
GTM_minus_GM,NSE,13,02051000,-0.007420013698721251
GTM_minus_GM,NSE,13,01057000,-0.01116848609551424
GTM_minus_GM,NSE,13,03144000,-0.009432177389138263
GTM_minus_GM,NSE,13,03078000,0.00908111898634667
GTM_minus_GM,NSE,13,03170000,0.0029531201057009238
GTM_minus_GM,NSE,13,02038850,-0.029697497785796778
GTM_minus_GM,NSE,13,03241500,-0.03336974989474806
GTM_minus_GM,NSE,13,02064000,-0.04599188931044851
GTM_minus_GM,NSE,13,02096846,-0.03734250692537422
GTM_minus_GM,NSE,13,02055100,-0.03759765489123312
GTM_minus_GM,NSE,13,04213075,-0.06588042900255875
GTM_minus_GM,NSE,13,01333000,0.011490652465878659
GTM_minus_GM,NSE,13,01552500,-0.009831595651899172
GTM_minus_GM,NSE,13,04115265,-0.0028133959647540507
GTM_minus_GM,NSE,13,03500000,-0.03730281316217221
GTM_minus_GM,NSE,13,01544500,-0.005429829991860258
GTM_minus_GM,NSE,13,02149000,-0.07267772598099997
GTM_minus_GM,NSE,13,01552000,-0.014710486879032536
GTM_minus_GM,NSE,13,03159540,-0.003900835679186865
GTM_minus_GM,NSE,13,01414500,-0.010342653690663672
GTM_minus_GM,NSE,13,01542810,-0.025187312843123477
GTM_minus_GM,NSE,13,01667500,-0.006419978526928105
GTM_minus_GM,KGE,17,03456500,-0.14751670188137278
GTM_minus_GM,KGE,17,03182500,0.27856199435453133
GTM_minus_GM,KGE,17,01539000,0.026265992330019472
GTM_minus_GM,KGE,17,01350000,0.015180334652999394
GTM_minus_GM,KGE,17,03238500,-0.40369457519133123
GTM_minus_GM,KGE,17,01030500,-0.049424869528331694
GTM_minus_GM,KGE,17,01365000,0.009117099209121848
GTM_minus_GM,KGE,17,03460000,-1.936244036571015
GTM_minus_GM,KGE,17,02046000,-0.11663260423852251
GTM_minus_GM,KGE,17,03028000,0.2836518534478545
GTM_minus_GM,KGE,17,01350080,-0.9664988857386478
GTM_minus_GM,KGE,17,01484100,-0.0052304220904663135
GTM_minus_GM,KGE,17,02015700,0.3419333534763018
GTM_minus_GM,KGE,17,04224775,0.16587272376807816
GTM_minus_GM,KGE,17,01466500,0.08132908903249247
GTM_minus_GM,KGE,17,02016000,-0.04507010395143385
GTM_minus_GM,KGE,17,01134500,0.050460836503866346
GTM_minus_GM,KGE,17,01518862,-0.4114863557744507
GTM_minus_GM,KGE,17,01545600,-0.14613833616120997
GTM_minus_GM,KGE,17,04197100,-0.46912010033645657
GTM_minus_GM,KGE,17,01549500,-0.3333182047738903
GTM_minus_GM,KGE,17,02140991,-0.11617238184260215
GTM_minus_GM,KGE,17,03049000,-0.04576331033298342
GTM_minus_GM,KGE,17,02111500,0.0625221234277028
GTM_minus_GM,KGE,17,03450000,3.866805269365649
GTM_minus_GM,KGE,17,04122200,0.08652870653841771
GTM_minus_GM,KGE,17,02053800,-0.08242310107501738
GTM_minus_GM,KGE,17,04196800,-0.23221622280564902
GTM_minus_GM,KGE,17,02017500,0.03326264521639466
GTM_minus_GM,KGE,17,03165000,0.4050082037205536
GTM_minus_GM,KGE,17,01543000,0.5382216472247506
GTM_minus_GM,KGE,17,01491000,0.008552370354815486
GTM_minus_GM,KGE,17,02051500,0.002787501960254679
GTM_minus_GM,KGE,17,02070000,0.031150650179948225
GTM_minus_GM,KGE,17,01415000,0.07975888510322826
GTM_minus_GM,KGE,17,03011800,0.17388383758527837
GTM_minus_GM,KGE,17,02014000,0.07060330248746505
GTM_minus_GM,KGE,17,02028500,0.11588003430816296
GTM_minus_GM,KGE,17,02056900,0.034907812439347374
GTM_minus_GM,KGE,17,01516500,-0.16856804652270563
GTM_minus_GM,KGE,17,03213700,0.012408190026142574
GTM_minus_GM,KGE,17,01547700,-0.06757579836103311
GTM_minus_GM,KGE,17,01485500,0.012690100764652934
GTM_minus_GM,KGE,17,01632900,-0.012940160433879577
GTM_minus_GM,KGE,17,02027000,0.11992884296354545
GTM_minus_GM,KGE,17,01078000,-0.0022126478606496747
GTM_minus_GM,KGE,17,03049800,0.19117896068636275
GTM_minus_GM,KGE,17,01606500,0.03230029560230019
GTM_minus_GM,KGE,17,02065500,0.057804088351777416
GTM_minus_GM,KGE,17,03164000,0.15015282887305026
GTM_minus_GM,KGE,17,02137727,0.44255656969310875
GTM_minus_GM,KGE,17,03498500,0.05729511009090493
GTM_minus_GM,KGE,17,02069700,-0.0035584016258289886
GTM_minus_GM,KGE,17,03463300,-0.007467276889753571
GTM_minus_GM,KGE,17,03173000,-0.0708755567527708
GTM_minus_GM,KGE,17,01532000,-0.18361425228864026
GTM_minus_GM,KGE,17,03186500,0.16148274226602544
GTM_minus_GM,KGE,17,03488000,-0.05941904887803218
GTM_minus_GM,KGE,17,01557500,0.17926021822650706
GTM_minus_GM,KGE,17,01658500,-0.00655980569903758
GTM_minus_GM,KGE,17,01596500,0.4899743900932998
GTM_minus_GM,KGE,17,01644000,0.00490896319305123
GTM_minus_GM,KGE,17,04213000,0.10752807834204481
GTM_minus_GM,KGE,17,01487000,-0.02476772244961034
GTM_minus_GM,KGE,17,01669000,0.0027116237274678046
GTM_minus_GM,KGE,17,01142500,0.10360179549724613
GTM_minus_GM,KGE,17,04105700,-0.07569218567272018
GTM_minus_GM,KGE,17,01413500,-0.10135349017728801
GTM_minus_GM,KGE,17,01613050,-0.15319808428780468
GTM_minus_GM,KGE,17,03076600,0.3229620014382073
GTM_minus_GM,KGE,17,01423000,0.0390850151994212
GTM_minus_GM,KGE,17,01411300,0.29723761022762163
GTM_minus_GM,KGE,17,01139800,0.008351116204155407
GTM_minus_GM,KGE,17,01605500,0.162354799040748
GTM_minus_GM,KGE,17,03066000,0.21395429583127612
GTM_minus_GM,KGE,17,03069500,0.08646288969562588
GTM_minus_GM,KGE,17,03473000,-2.477765192498982e-05
GTM_minus_GM,KGE,17,02081500,0.04366433050542873
GTM_minus_GM,KGE,17,01634500,-0.020189447696197793
GTM_minus_GM,KGE,17,01439500,-0.08750277540112761
GTM_minus_GM,KGE,17,03070500,-0.04173367562152286
GTM_minus_GM,KGE,17,02143040,0.0956398443243639
GTM_minus_GM,KGE,17,01055000,0.018759173753897018
GTM_minus_GM,KGE,17,02112360,0.1941801030918331
GTM_minus_GM,KGE,17,01669520,0.01987103570274551
GTM_minus_GM,KGE,17,03180500,0.30260390381653557
GTM_minus_GM,KGE,17,01638480,0.03946473146523721
GTM_minus_GM,KGE,17,02053200,0.017693538906467188
GTM_minus_GM,KGE,17,01169000,-0.07531310562864624
GTM_minus_GM,KGE,17,01350140,-0.29802211773206755
GTM_minus_GM,KGE,17,01591400,7.446908142827446e-05
GTM_minus_GM,KGE,17,01586610,0.04170572220547375
GTM_minus_GM,KGE,17,01434025,0.04070502362752715
GTM_minus_GM,KGE,17,03439000,0.026043148728371213
GTM_minus_GM,KGE,17,02178400,0.04314926293884025
GTM_minus_GM,KGE,17,01664000,-0.004202231369734966
GTM_minus_GM,KGE,17,03015500,0.02337870255229557
GTM_minus_GM,KGE,17,04296000,0.012530099355304247
GTM_minus_GM,KGE,17,02112120,0.014447116162755957
GTM_minus_GM,KGE,17,02082950,0.03770254316671129
GTM_minus_GM,KGE,17,01639500,0.017001317770205193
GTM_minus_GM,KGE,17,01047000,0.026068222598221502
GTM_minus_GM,KGE,17,02074500,0.036911549958658196
GTM_minus_GM,KGE,17,01054200,0.018558157131242314
GTM_minus_GM,KGE,17,02177000,0.19074792008921393
GTM_minus_GM,KGE,17,03500240,-0.32118783577294385
GTM_minus_GM,KGE,17,04233000,-0.00950038113299656
GTM_minus_GM,KGE,17,03237280,0.11013328588004567
GTM_minus_GM,KGE,17,01548500,-0.05000242967426205
GTM_minus_GM,KGE,17,02125000,0.05800971733304028
GTM_minus_GM,KGE,17,03479000,-0.11571969727075537
GTM_minus_GM,KGE,17,02118500,0.0501850728704073
GTM_minus_GM,KGE,17,01139000,0.13030480324608962
GTM_minus_GM,KGE,17,01187300,0.027240641566341317
GTM_minus_GM,KGE,17,03504000,-0.011057485393219046
GTM_minus_GM,KGE,17,02011400,0.09799626029759767
GTM_minus_GM,KGE,17,01568000,-0.04258772123577159
GTM_minus_GM,KGE,17,01543500,0.8476153638841595
GTM_minus_GM,KGE,17,01031500,-0.05113560696653896
GTM_minus_GM,KGE,17,01567500,-0.05779697614464474
GTM_minus_GM,KGE,17,02027500,0.4063003070449068
GTM_minus_GM,KGE,17,03010655,0.016257424657000197
GTM_minus_GM,KGE,17,04216418,9.66742331260851
GTM_minus_GM,KGE,17,02152100,0.05567846148278466
GTM_minus_GM,KGE,17,01510000,0.1385757057514888
GTM_minus_GM,KGE,17,03026500,1.0932121694965284
GTM_minus_GM,KGE,17,02128000,-0.023878518423941952
GTM_minus_GM,KGE,17,04256000,-0.040758660805038205
GTM_minus_GM,KGE,17,01620500,-0.06160118153377703
GTM_minus_GM,KGE,17,03455500,-0.08439402489079095
GTM_minus_GM,KGE,17,01451800,0.4346983806126571
GTM_minus_GM,KGE,17,04185000,0.2251624323406799
GTM_minus_GM,KGE,17,02111180,-0.07961412724867267
GTM_minus_GM,KGE,17,01594950,-0.645877430700869
GTM_minus_GM,KGE,17,01580000,-0.16069165927541995
GTM_minus_GM,KGE,17,03050000,0.7776329050444417
GTM_minus_GM,KGE,17,01632000,0.05369848619334783
GTM_minus_GM,KGE,17,04221000,-0.01834595319813559
GTM_minus_GM,KGE,17,03021350,0.0940729307636059
GTM_minus_GM,KGE,17,01583500,0.013359710260886004
GTM_minus_GM,KGE,17,02059500,0.02915555525836533
GTM_minus_GM,KGE,17,01666500,0.01569501263778028
GTM_minus_GM,KGE,17,03187500,0.19762167639725337
GTM_minus_GM,KGE,17,01181000,-0.151809024837402
GTM_minus_GM,KGE,17,01440400,-0.09595909788096113
GTM_minus_GM,KGE,17,01435000,0.027752328677965288
GTM_minus_GM,KGE,17,01144000,-0.007692697591953901
GTM_minus_GM,KGE,17,02011460,0.2864605738962688
GTM_minus_GM,KGE,17,02143000,0.1448544699405515
GTM_minus_GM,KGE,17,03140000,0.016646984159542577
GTM_minus_GM,KGE,17,01440000,-0.022670165436023515
GTM_minus_GM,KGE,17,01550000,-0.7905916468876253
GTM_minus_GM,KGE,17,02077200,0.02419308763054795
GTM_minus_GM,KGE,17,03237500,-0.06869287272008562
GTM_minus_GM,KGE,17,02018000,0.004725467652693771
GTM_minus_GM,KGE,17,02013000,0.011432056308550043
GTM_minus_GM,KGE,17,03161000,6.422590562489798
GTM_minus_GM,KGE,17,04197170,-0.005559597070080136
GTM_minus_GM,KGE,17,03471500,-0.011681801862593044
GTM_minus_GM,KGE,17,01137500,0.06080351766324332
GTM_minus_GM,KGE,17,01052500,0.07184823011529895
GTM_minus_GM,KGE,17,02051000,0.04482514057722742
GTM_minus_GM,KGE,17,01057000,-0.052564415146602705
GTM_minus_GM,KGE,17,03144000,-0.0011192854228834204
GTM_minus_GM,KGE,17,03078000,0.2067457783184118
GTM_minus_GM,KGE,17,03170000,0.009592935192441199
GTM_minus_GM,KGE,17,02038850,0.015694246539286527
GTM_minus_GM,KGE,17,03241500,0.1989760820892038
GTM_minus_GM,KGE,17,02064000,0.04906706176713316
GTM_minus_GM,KGE,17,02096846,-0.002282791407373197
GTM_minus_GM,KGE,17,02055100,0.09453218389971951
GTM_minus_GM,KGE,17,04213075,-0.9472415267763015
GTM_minus_GM,KGE,17,01333000,-0.01372133581741497
GTM_minus_GM,KGE,17,01552500,-0.25417862928806223
GTM_minus_GM,KGE,17,04115265,0.03217171922428674
GTM_minus_GM,KGE,17,03500000,0.27579407986040994
GTM_minus_GM,KGE,17,01544500,-1.8016562748405258
GTM_minus_GM,KGE,17,02149000,0.2066045318011248
GTM_minus_GM,KGE,17,01552000,-0.013538369740445866
GTM_minus_GM,KGE,17,03159540,0.0005645555522757473
GTM_minus_GM,KGE,17,01414500,-0.11037575135219457
GTM_minus_GM,KGE,17,01542810,-4.602294916549168
GTM_minus_GM,KGE,17,01667500,-0.04415713667466126
GTM_minus_GM,KGE,11,03456500,-0.06267836842479513
GTM_minus_GM,KGE,11,03182500,-0.09651538749048305
GTM_minus_GM,KGE,11,01539000,0.1691376393690015
GTM_minus_GM,KGE,11,01350000,0.004132636544013968
GTM_minus_GM,KGE,11,03238500,-0.0021879807764427772
GTM_minus_GM,KGE,11,01030500,-0.17264320870788952
GTM_minus_GM,KGE,11,01365000,0.053121596723600284
GTM_minus_GM,KGE,11,03460000,-1.307086496502242
GTM_minus_GM,KGE,11,02046000,-0.05029638916691814
GTM_minus_GM,KGE,11,03028000,0.07049984251078178
GTM_minus_GM,KGE,11,01350080,-1.1223446717504646
GTM_minus_GM,KGE,11,01484100,-0.05118468852963487
GTM_minus_GM,KGE,11,02015700,-0.02315307703335312
GTM_minus_GM,KGE,11,04224775,0.036870193082920055
GTM_minus_GM,KGE,11,01466500,-0.08599514277452702
GTM_minus_GM,KGE,11,02016000,0.059912783124046354
GTM_minus_GM,KGE,11,01134500,0.07763711835251952
GTM_minus_GM,KGE,11,01518862,0.008487974968174217
GTM_minus_GM,KGE,11,01545600,-0.06024783603976813
GTM_minus_GM,KGE,11,04197100,0.05953745851323511
GTM_minus_GM,KGE,11,01549500,-0.14164978828868702
GTM_minus_GM,KGE,11,02140991,0.4876487059412449
GTM_minus_GM,KGE,11,03049000,-0.12285502385199953
GTM_minus_GM,KGE,11,02111500,0.11316012965672384
GTM_minus_GM,KGE,11,03450000,0.515302259512453
GTM_minus_GM,KGE,11,04122200,0.019407160958598624
GTM_minus_GM,KGE,11,02053800,0.08085454547884252
GTM_minus_GM,KGE,11,04196800,-0.2257106710184107
GTM_minus_GM,KGE,11,02017500,0.009677677137467366
GTM_minus_GM,KGE,11,03165000,0.0968251560667398
GTM_minus_GM,KGE,11,01543000,0.36119476033564735
GTM_minus_GM,KGE,11,01491000,0.043552337454511814
GTM_minus_GM,KGE,11,02051500,-0.054709186439802604
GTM_minus_GM,KGE,11,02070000,-0.0339424773469712
GTM_minus_GM,KGE,11,01415000,-0.03947232375022558
GTM_minus_GM,KGE,11,03011800,-0.19907204753348884
GTM_minus_GM,KGE,11,02014000,0.04401602608165267
GTM_minus_GM,KGE,11,02028500,-0.09137673816304737
GTM_minus_GM,KGE,11,02056900,-0.04419411576384158
GTM_minus_GM,KGE,11,01516500,-0.024573601550421986
GTM_minus_GM,KGE,11,03213700,0.03974312955024151
GTM_minus_GM,KGE,11,01547700,-0.08045713970031654
GTM_minus_GM,KGE,11,01485500,0.13122794992488873
GTM_minus_GM,KGE,11,01632900,0.005765688310960693
GTM_minus_GM,KGE,11,02027000,-0.0025270423992129754
GTM_minus_GM,KGE,11,01078000,0.005970495819640265
GTM_minus_GM,KGE,11,03049800,-0.3038766997641713
GTM_minus_GM,KGE,11,01606500,0.06494948070871975
GTM_minus_GM,KGE,11,02065500,-0.02217891532324201
GTM_minus_GM,KGE,11,03164000,0.35516772257391815
GTM_minus_GM,KGE,11,02137727,0.5793765538323199
GTM_minus_GM,KGE,11,03498500,0.146041070228769
GTM_minus_GM,KGE,11,02069700,0.042131374564536306
GTM_minus_GM,KGE,11,03463300,0.014876325868727891
GTM_minus_GM,KGE,11,03173000,0.05725086923866107
GTM_minus_GM,KGE,11,01532000,0.045858157133665145
GTM_minus_GM,KGE,11,03186500,0.04314012696677039
GTM_minus_GM,KGE,11,03488000,0.09920525805796343
GTM_minus_GM,KGE,11,01557500,-0.6252009934368399
GTM_minus_GM,KGE,11,01658500,-0.02111638050951503
GTM_minus_GM,KGE,11,01596500,-0.4765135004598853
GTM_minus_GM,KGE,11,01644000,-0.00159484157898937
GTM_minus_GM,KGE,11,04213000,0.1989515815807995
GTM_minus_GM,KGE,11,01487000,-0.013099417710234484
GTM_minus_GM,KGE,11,01669000,0.0009623932170108596
GTM_minus_GM,KGE,11,01142500,0.07242593422451271
GTM_minus_GM,KGE,11,04105700,0.1123289403842963
GTM_minus_GM,KGE,11,01413500,-0.12724055079520646
GTM_minus_GM,KGE,11,01613050,0.02686929540130789
GTM_minus_GM,KGE,11,03076600,0.05851532710934704
GTM_minus_GM,KGE,11,01423000,-0.009229782229496664
GTM_minus_GM,KGE,11,01411300,0.12854164380669586
GTM_minus_GM,KGE,11,01139800,0.21666852843277373
GTM_minus_GM,KGE,11,01605500,-0.04364573983989717
GTM_minus_GM,KGE,11,03066000,0.01748422940819183
GTM_minus_GM,KGE,11,03069500,0.04451592505966817
GTM_minus_GM,KGE,11,03473000,0.15169037952375974
GTM_minus_GM,KGE,11,02081500,0.02138823507739196
GTM_minus_GM,KGE,11,01634500,0.07069779379964158
GTM_minus_GM,KGE,11,01439500,0.06687395069742907
GTM_minus_GM,KGE,11,03070500,-0.02685550407898052
GTM_minus_GM,KGE,11,02143040,0.34136087681906413
GTM_minus_GM,KGE,11,01055000,0.153105631589167
GTM_minus_GM,KGE,11,02112360,0.19004685804653465
GTM_minus_GM,KGE,11,01669520,-0.004473967196024997
GTM_minus_GM,KGE,11,03180500,-0.10324137378469844
GTM_minus_GM,KGE,11,01638480,0.020437810838615844
GTM_minus_GM,KGE,11,02053200,-0.019717334084464966
GTM_minus_GM,KGE,11,01169000,0.11183917480230732
GTM_minus_GM,KGE,11,01350140,-0.11811738159524565
GTM_minus_GM,KGE,11,01591400,-0.01255764947659399
GTM_minus_GM,KGE,11,01586610,-0.026682681568787614
GTM_minus_GM,KGE,11,01434025,-0.0011975848150646007
GTM_minus_GM,KGE,11,03439000,0.0520420740778591
GTM_minus_GM,KGE,11,02178400,0.015838298721512656
GTM_minus_GM,KGE,11,01664000,0.032495480432029766
GTM_minus_GM,KGE,11,03015500,0.10875792517017324
GTM_minus_GM,KGE,11,04296000,0.01431774752158177
GTM_minus_GM,KGE,11,02112120,0.11860247304659421
GTM_minus_GM,KGE,11,02082950,-0.009322077218483549
GTM_minus_GM,KGE,11,01639500,0.005636497134317464
GTM_minus_GM,KGE,11,01047000,0.14670706778229692
GTM_minus_GM,KGE,11,02074500,-0.020637724066203678
GTM_minus_GM,KGE,11,01054200,0.09270945470102254
GTM_minus_GM,KGE,11,02177000,0.16601416197935204
GTM_minus_GM,KGE,11,03500240,-0.0243072610727193
GTM_minus_GM,KGE,11,04233000,-0.14780466256703462
GTM_minus_GM,KGE,11,03237280,0.020909159089801177
GTM_minus_GM,KGE,11,01548500,-0.1649459114206827
GTM_minus_GM,KGE,11,02125000,0.0971761555306293
GTM_minus_GM,KGE,11,03479000,0.3037506080694843
GTM_minus_GM,KGE,11,02118500,0.04870056502853226
GTM_minus_GM,KGE,11,01139000,-0.09698632412017116
GTM_minus_GM,KGE,11,01187300,0.01883442374516675
GTM_minus_GM,KGE,11,03504000,-0.01991037445099142
GTM_minus_GM,KGE,11,02011400,-0.010599907028569167
GTM_minus_GM,KGE,11,01568000,0.013541785679980323
GTM_minus_GM,KGE,11,01543500,-4.244127101100001
GTM_minus_GM,KGE,11,01031500,0.04213826895082062
GTM_minus_GM,KGE,11,01567500,0.0012096417305883511
GTM_minus_GM,KGE,11,02027500,0.02802894730474348
GTM_minus_GM,KGE,11,03010655,0.37486040257800557
GTM_minus_GM,KGE,11,04216418,-5.409843821711995
GTM_minus_GM,KGE,11,02152100,0.0470550753129485
GTM_minus_GM,KGE,11,01510000,-0.06998844301927376
GTM_minus_GM,KGE,11,03026500,-0.4488927833599603
GTM_minus_GM,KGE,11,02128000,0.04116532048727917
GTM_minus_GM,KGE,11,04256000,-0.0016012565403240586
GTM_minus_GM,KGE,11,01620500,0.0575463567265071
GTM_minus_GM,KGE,11,03455500,-0.1133005853775052
GTM_minus_GM,KGE,11,01451800,0.10465928343678454
GTM_minus_GM,KGE,11,04185000,0.1094921576293939
GTM_minus_GM,KGE,11,02111180,0.163106486917048
GTM_minus_GM,KGE,11,01594950,0.1100303264293927
GTM_minus_GM,KGE,11,01580000,0.03371228498659329
GTM_minus_GM,KGE,11,03050000,-0.22233668126127848
GTM_minus_GM,KGE,11,01632000,0.05235852545907638
GTM_minus_GM,KGE,11,04221000,-0.25944330216791944
GTM_minus_GM,KGE,11,03021350,0.1505483835842898
GTM_minus_GM,KGE,11,01583500,-0.002763659463533741
GTM_minus_GM,KGE,11,02059500,0.0030198383279427254
GTM_minus_GM,KGE,11,01666500,0.022146984189608032
GTM_minus_GM,KGE,11,03187500,0.06110521375975442
GTM_minus_GM,KGE,11,01181000,0.08777990430213156
GTM_minus_GM,KGE,11,01440400,0.08113201608954723
GTM_minus_GM,KGE,11,01435000,0.05565011136403397
GTM_minus_GM,KGE,11,01144000,0.07313727576776685
GTM_minus_GM,KGE,11,02011460,-0.12029951408038031
GTM_minus_GM,KGE,11,02143000,0.17414753976379094
GTM_minus_GM,KGE,11,03140000,-0.07036821409631089
GTM_minus_GM,KGE,11,01440000,0.055224741958414536
GTM_minus_GM,KGE,11,01550000,-2.5921318453079176
GTM_minus_GM,KGE,11,02077200,-0.019710795348556687
GTM_minus_GM,KGE,11,03237500,-0.029886096268318507
GTM_minus_GM,KGE,11,02018000,0.01573851127940895
GTM_minus_GM,KGE,11,02013000,0.0034710488552121
GTM_minus_GM,KGE,11,03161000,8.949429249754171
GTM_minus_GM,KGE,11,04197170,-0.054043474954523996
GTM_minus_GM,KGE,11,03471500,0.10204862538750237
GTM_minus_GM,KGE,11,01137500,0.14780134095467778
GTM_minus_GM,KGE,11,01052500,0.14582456135438682
GTM_minus_GM,KGE,11,02051000,-0.010560706092613614
GTM_minus_GM,KGE,11,01057000,0.0550350400338151
GTM_minus_GM,KGE,11,03144000,-0.11161624098687306
GTM_minus_GM,KGE,11,03078000,0.1386277886502939
GTM_minus_GM,KGE,11,03170000,0.0761941326187785
GTM_minus_GM,KGE,11,02038850,-0.018734293710094718
GTM_minus_GM,KGE,11,03241500,-0.09330423714843661
GTM_minus_GM,KGE,11,02064000,0.039920852183647604
GTM_minus_GM,KGE,11,02096846,0.00846846322287298
GTM_minus_GM,KGE,11,02055100,0.0023813523248982227
GTM_minus_GM,KGE,11,04213075,1.0939784503014667
GTM_minus_GM,KGE,11,01333000,0.14284264408141512
GTM_minus_GM,KGE,11,01552500,0.0706272863621975
GTM_minus_GM,KGE,11,04115265,0.009383823612657105
GTM_minus_GM,KGE,11,03500000,0.2226302422591655
GTM_minus_GM,KGE,11,01544500,-0.35077964609786927
GTM_minus_GM,KGE,11,02149000,0.23892716361677868
GTM_minus_GM,KGE,11,01552000,-0.3288390454684714
GTM_minus_GM,KGE,11,03159540,-0.06904202928736436
GTM_minus_GM,KGE,11,01414500,-0.06656851319922985
GTM_minus_GM,KGE,11,01542810,3.0408801642272802
GTM_minus_GM,KGE,11,01667500,0.037853346016648026
GTM_minus_GM,KGE,13,03456500,-0.1274290940613111
GTM_minus_GM,KGE,13,03182500,-0.6300036161257143
GTM_minus_GM,KGE,13,01539000,-0.08673807884186335
GTM_minus_GM,KGE,13,01350000,-0.019213347059259478
GTM_minus_GM,KGE,13,03238500,0.21705261256299013
GTM_minus_GM,KGE,13,01030500,-0.34143877562796177
GTM_minus_GM,KGE,13,01365000,-0.006346501371760849
GTM_minus_GM,KGE,13,03460000,-2.374919129072186
GTM_minus_GM,KGE,13,02046000,-0.013767776360507966
GTM_minus_GM,KGE,13,03028000,-0.08140540329016654
GTM_minus_GM,KGE,13,01350080,-0.5357274367866407
GTM_minus_GM,KGE,13,01484100,0.018048113568051694
GTM_minus_GM,KGE,13,02015700,-0.07190806649243331
GTM_minus_GM,KGE,13,04224775,-0.09388367283678756
GTM_minus_GM,KGE,13,01466500,-0.09047588642831605
GTM_minus_GM,KGE,13,02016000,-0.049749982234627455
GTM_minus_GM,KGE,13,01134500,-0.06893637070193659
GTM_minus_GM,KGE,13,01518862,0.02844172038238857
GTM_minus_GM,KGE,13,01545600,-0.015311849363352614
GTM_minus_GM,KGE,13,04197100,-0.23764380530106433
GTM_minus_GM,KGE,13,01549500,0.2512106932609972
GTM_minus_GM,KGE,13,02140991,-0.30277928320767156
GTM_minus_GM,KGE,13,03049000,-0.09603691469617015
GTM_minus_GM,KGE,13,02111500,-0.17340613686339323
GTM_minus_GM,KGE,13,03450000,1.3396535193970778
GTM_minus_GM,KGE,13,04122200,-0.009754342242977332
GTM_minus_GM,KGE,13,02053800,-0.02599665693909281
GTM_minus_GM,KGE,13,04196800,-0.28184106330669245
GTM_minus_GM,KGE,13,02017500,-0.073293317155809
GTM_minus_GM,KGE,13,03165000,0.08825862372729132
GTM_minus_GM,KGE,13,01543000,-1.1698781318982663
GTM_minus_GM,KGE,13,01491000,0.012467308593182791
GTM_minus_GM,KGE,13,02051500,-0.024869535255938824
GTM_minus_GM,KGE,13,02070000,-0.03417052788516661
GTM_minus_GM,KGE,13,01415000,0.014643450848333295
GTM_minus_GM,KGE,13,03011800,-0.03212317916192109
GTM_minus_GM,KGE,13,02014000,-0.04990277115969266
GTM_minus_GM,KGE,13,02028500,0.016418367935335687
GTM_minus_GM,KGE,13,02056900,-0.07234053522697859
GTM_minus_GM,KGE,13,01516500,0.006089541684935251
GTM_minus_GM,KGE,13,03213700,-0.038898460228474985
GTM_minus_GM,KGE,13,01547700,-0.053304891260177234
GTM_minus_GM,KGE,13,01485500,0.004190658103134126
GTM_minus_GM,KGE,13,01632900,-0.05386105092706217
GTM_minus_GM,KGE,13,02027000,0.01812277581060895
GTM_minus_GM,KGE,13,01078000,-0.09497121827180266
GTM_minus_GM,KGE,13,03049800,0.10865749318041529
GTM_minus_GM,KGE,13,01606500,-0.04059621212445319
GTM_minus_GM,KGE,13,02065500,-0.0674898565560762
GTM_minus_GM,KGE,13,03164000,-0.07217886856280564
GTM_minus_GM,KGE,13,02137727,-0.18443964818844472
GTM_minus_GM,KGE,13,03498500,-0.05749753878483865
GTM_minus_GM,KGE,13,02069700,-0.1454790477404333
GTM_minus_GM,KGE,13,03463300,-0.06611247840404166
GTM_minus_GM,KGE,13,03173000,-0.04857144291426507
GTM_minus_GM,KGE,13,01532000,0.2653209743949748
GTM_minus_GM,KGE,13,03186500,0.03254388988050527
GTM_minus_GM,KGE,13,03488000,-0.034059752464590476
GTM_minus_GM,KGE,13,01557500,-0.0020559814531063703
GTM_minus_GM,KGE,13,01658500,-0.039915370741990364
GTM_minus_GM,KGE,13,01596500,-0.09893042639974892
GTM_minus_GM,KGE,13,01644000,0.0038325294140441057
GTM_minus_GM,KGE,13,04213000,-0.051785181310094575
GTM_minus_GM,KGE,13,01487000,-0.028045240655146575
GTM_minus_GM,KGE,13,01669000,0.011312462538227375
GTM_minus_GM,KGE,13,01142500,0.06028679104091639
GTM_minus_GM,KGE,13,04105700,0.10054716222060933
GTM_minus_GM,KGE,13,01413500,0.035269098424790424
GTM_minus_GM,KGE,13,01613050,-0.02697917486400081
GTM_minus_GM,KGE,13,03076600,-0.2876630720813902
GTM_minus_GM,KGE,13,01423000,-0.07478559518434946
GTM_minus_GM,KGE,13,01411300,-0.008966532027251062
GTM_minus_GM,KGE,13,01139800,0.03177386099852564
GTM_minus_GM,KGE,13,01605500,-0.004581786177486835
GTM_minus_GM,KGE,13,03066000,-0.014454376748872177
GTM_minus_GM,KGE,13,03069500,-0.1146367312330161
GTM_minus_GM,KGE,13,03473000,-0.049653343163665764
GTM_minus_GM,KGE,13,02081500,0.014874814208871268
GTM_minus_GM,KGE,13,01634500,-0.01572248154302791
GTM_minus_GM,KGE,13,01439500,-0.0007965692470984775
GTM_minus_GM,KGE,13,03070500,-0.07402039530256821
GTM_minus_GM,KGE,13,02143040,-0.2965728772322628
GTM_minus_GM,KGE,13,01055000,-0.038491958458079845
GTM_minus_GM,KGE,13,02112360,-0.257537425292215
GTM_minus_GM,KGE,13,01669520,0.008292294585612758
GTM_minus_GM,KGE,13,03180500,0.02481689496655637
GTM_minus_GM,KGE,13,01638480,-0.02632199558025894
GTM_minus_GM,KGE,13,02053200,0.04134127544746691
GTM_minus_GM,KGE,13,01169000,-0.09181114633156395
GTM_minus_GM,KGE,13,01350140,0.12603627788811522
GTM_minus_GM,KGE,13,01591400,-0.03204257962878898
GTM_minus_GM,KGE,13,01586610,-0.06116109186952157
GTM_minus_GM,KGE,13,01434025,0.001226419986254279
GTM_minus_GM,KGE,13,03439000,-0.09618851465013878
GTM_minus_GM,KGE,13,02178400,-0.07375400474038551
GTM_minus_GM,KGE,13,01664000,-0.06409873231739738
GTM_minus_GM,KGE,13,03015500,-0.2207777586440095
GTM_minus_GM,KGE,13,04296000,-0.07642756334160483
GTM_minus_GM,KGE,13,02112120,-0.1352597430706718
GTM_minus_GM,KGE,13,02082950,0.06541366642125668
GTM_minus_GM,KGE,13,01639500,0.02802432828990553
GTM_minus_GM,KGE,13,01047000,-0.04085137627436164
GTM_minus_GM,KGE,13,02074500,-0.005351309057129328
GTM_minus_GM,KGE,13,01054200,-0.029476760254525947
GTM_minus_GM,KGE,13,02177000,-0.05133228539160506
GTM_minus_GM,KGE,13,03500240,-0.5232568484981461
GTM_minus_GM,KGE,13,04233000,0.11565931437636912
GTM_minus_GM,KGE,13,03237280,0.016775460109979212
GTM_minus_GM,KGE,13,01548500,0.3281589324388535
GTM_minus_GM,KGE,13,02125000,-0.07746737283961869
GTM_minus_GM,KGE,13,03479000,-0.058918099819876835
GTM_minus_GM,KGE,13,02118500,-0.048833675900195495
GTM_minus_GM,KGE,13,01139000,0.01792539615105293
GTM_minus_GM,KGE,13,01187300,-0.023507138507377734
GTM_minus_GM,KGE,13,03504000,-0.03298548540085067
GTM_minus_GM,KGE,13,02011400,-0.03569624536575222
GTM_minus_GM,KGE,13,01568000,0.004784714423370917
GTM_minus_GM,KGE,13,01543500,-4.808023598404651
GTM_minus_GM,KGE,13,01031500,-0.07131860908637044
GTM_minus_GM,KGE,13,01567500,-0.047483131366486186
GTM_minus_GM,KGE,13,02027500,-0.27347171807228265
GTM_minus_GM,KGE,13,03010655,-0.030367751025425105
GTM_minus_GM,KGE,13,04216418,-2.204076458366366
GTM_minus_GM,KGE,13,02152100,-0.11990669999066972
GTM_minus_GM,KGE,13,01510000,0.12853168056993924
GTM_minus_GM,KGE,13,03026500,0.18774776520076597
GTM_minus_GM,KGE,13,02128000,0.0032471819057893203
GTM_minus_GM,KGE,13,04256000,-0.017693271012890643
GTM_minus_GM,KGE,13,01620500,-0.1454617633299542
GTM_minus_GM,KGE,13,03455500,-0.06147975085039248
GTM_minus_GM,KGE,13,01451800,-0.0657971300824487
GTM_minus_GM,KGE,13,04185000,0.15438498893871344
GTM_minus_GM,KGE,13,02111180,-0.24182735608278794
GTM_minus_GM,KGE,13,01594950,-0.3675715156592977
GTM_minus_GM,KGE,13,01580000,-0.00812665570498139
GTM_minus_GM,KGE,13,03050000,-0.07274115516891788
GTM_minus_GM,KGE,13,01632000,-0.043012166940282315
GTM_minus_GM,KGE,13,04221000,-0.03311390731675401
GTM_minus_GM,KGE,13,03021350,-0.060801602917038955
GTM_minus_GM,KGE,13,01583500,-0.03498669429835055
GTM_minus_GM,KGE,13,02059500,-0.049345450064072094
GTM_minus_GM,KGE,13,01666500,-0.07802360217731552
GTM_minus_GM,KGE,13,03187500,-0.028237862660057567
GTM_minus_GM,KGE,13,01181000,-0.05517734776459249
GTM_minus_GM,KGE,13,01440400,-0.010752571916758158
GTM_minus_GM,KGE,13,01435000,-0.01769727895933304
GTM_minus_GM,KGE,13,01144000,-0.0597762096403367
GTM_minus_GM,KGE,13,02011460,-0.05805862793171124
GTM_minus_GM,KGE,13,02143000,-0.13287419481363028
GTM_minus_GM,KGE,13,03140000,-0.025745938512756084
GTM_minus_GM,KGE,13,01440000,-0.016671813618803766
GTM_minus_GM,KGE,13,01550000,2.7746756408702886
GTM_minus_GM,KGE,13,02077200,-0.014169255420183546
GTM_minus_GM,KGE,13,03237500,0.09937431728852741
GTM_minus_GM,KGE,13,02018000,-0.05999956632237102
GTM_minus_GM,KGE,13,02013000,-0.06129203906410008
GTM_minus_GM,KGE,13,03161000,-7.922184845092243
GTM_minus_GM,KGE,13,04197170,-0.03058950584977216
GTM_minus_GM,KGE,13,03471500,-0.09094075336796781
GTM_minus_GM,KGE,13,01137500,0.0015087900660097908
GTM_minus_GM,KGE,13,01052500,0.011404663406515247
GTM_minus_GM,KGE,13,02051000,-0.005816891628256271
GTM_minus_GM,KGE,13,01057000,-0.1282632849883315
GTM_minus_GM,KGE,13,03144000,-0.05582685106479868
GTM_minus_GM,KGE,13,03078000,-0.13105461510299699
GTM_minus_GM,KGE,13,03170000,-0.045851946901904084
GTM_minus_GM,KGE,13,02038850,0.038502511117650684
GTM_minus_GM,KGE,13,03241500,0.032706185202130644
GTM_minus_GM,KGE,13,02064000,-0.048761846913296214
GTM_minus_GM,KGE,13,02096846,-0.024540375909010592
GTM_minus_GM,KGE,13,02055100,0.004211419954805784
GTM_minus_GM,KGE,13,04213075,0.7337947065478838
GTM_minus_GM,KGE,13,01333000,0.00859537376357511
GTM_minus_GM,KGE,13,01552500,-0.03157034736447084
GTM_minus_GM,KGE,13,04115265,-0.0027960675536276014
GTM_minus_GM,KGE,13,03500000,-0.05636562736607886
GTM_minus_GM,KGE,13,01544500,0.7150684219953174
GTM_minus_GM,KGE,13,02149000,-0.1983513811062897
GTM_minus_GM,KGE,13,01552000,1.6665688235631757
GTM_minus_GM,KGE,13,03159540,-0.01571714208087094
GTM_minus_GM,KGE,13,01414500,-0.009550459292244073
GTM_minus_GM,KGE,13,01542810,1.161408877520575
GTM_minus_GM,KGE,13,01667500,-0.015968179488675682
GTM_minus_GM,logNSE,17,03456500,0.005946192889245805
GTM_minus_GM,logNSE,17,01539000,-0.015204051803385132
GTM_minus_GM,logNSE,17,01350000,0.025923956957526473
GTM_minus_GM,logNSE,17,01030500,-0.0074655128009250005
GTM_minus_GM,logNSE,17,01365000,0.03303106265581812
GTM_minus_GM,logNSE,17,03460000,0.05409202430881921
GTM_minus_GM,logNSE,17,03028000,-0.002168014416418673
GTM_minus_GM,logNSE,17,01350080,-0.02167995588503857
GTM_minus_GM,logNSE,17,01134500,0.008371821767808818
GTM_minus_GM,logNSE,17,01543000,0.03184745562836
GTM_minus_GM,logNSE,17,01415000,0.04563171855483139
GTM_minus_GM,logNSE,17,03011800,0.014440363549923396
GTM_minus_GM,logNSE,17,01078000,0.013119207692863233
GTM_minus_GM,logNSE,17,03463300,0.03280457412530613
GTM_minus_GM,logNSE,17,03186500,0.04803119702048542
GTM_minus_GM,logNSE,17,04213000,0.0809852055980046
GTM_minus_GM,logNSE,17,01142500,-0.005786117863575191
GTM_minus_GM,logNSE,17,01413500,0.0488976233011974
GTM_minus_GM,logNSE,17,03076600,-0.056453361720740114
GTM_minus_GM,logNSE,17,01423000,0.07026451811315082
GTM_minus_GM,logNSE,17,01139800,0.04018464008194178
GTM_minus_GM,logNSE,17,03066000,0.007440297336061774
GTM_minus_GM,logNSE,17,03069500,0.011569142085282591
GTM_minus_GM,logNSE,17,01439500,-0.04783242569156432
GTM_minus_GM,logNSE,17,03070500,0.011510776407633427
GTM_minus_GM,logNSE,17,01055000,0.011294138518403662
GTM_minus_GM,logNSE,17,03180500,0.02345839805840355
GTM_minus_GM,logNSE,17,01169000,-0.03611557073564242
GTM_minus_GM,logNSE,17,01350140,-0.0647014578519226
GTM_minus_GM,logNSE,17,01434025,0.050494498479311645
GTM_minus_GM,logNSE,17,03439000,0.1070283088008428
GTM_minus_GM,logNSE,17,02178400,0.09094479552799384
GTM_minus_GM,logNSE,17,03015500,0.009090666719094087
GTM_minus_GM,logNSE,17,04296000,0.008157689064269724
GTM_minus_GM,logNSE,17,01047000,0.025356968415587988
GTM_minus_GM,logNSE,17,01054200,0.053341444715692576
GTM_minus_GM,logNSE,17,02177000,0.15790287736093078
GTM_minus_GM,logNSE,17,03500240,-0.02285880166483234
GTM_minus_GM,logNSE,17,01139000,-0.028369774421984295
GTM_minus_GM,logNSE,17,01187300,0.01670978155579317
GTM_minus_GM,logNSE,17,03504000,0.04066805968508691
GTM_minus_GM,logNSE,17,01543500,0.008174072939453936
GTM_minus_GM,logNSE,17,01031500,-0.005733130413191567
GTM_minus_GM,logNSE,17,01510000,-0.023189481541598167
GTM_minus_GM,logNSE,17,03026500,-0.013738186745298475
GTM_minus_GM,logNSE,17,04256000,0.04566320556118042
GTM_minus_GM,logNSE,17,03455500,-0.002570395827656169
GTM_minus_GM,logNSE,17,01451800,-0.038770930780859914
GTM_minus_GM,logNSE,17,01594950,-0.0059752810265607526
GTM_minus_GM,logNSE,17,03050000,0.03237287017907431
GTM_minus_GM,logNSE,17,03021350,-0.04861619517190641
GTM_minus_GM,logNSE,17,03187500,0.05220920974447607
GTM_minus_GM,logNSE,17,01181000,0.04535066627843909
GTM_minus_GM,logNSE,17,01440400,-0.0002139512043992653
GTM_minus_GM,logNSE,17,01435000,0.015243442765548565
GTM_minus_GM,logNSE,17,01144000,-0.015933904012380484
GTM_minus_GM,logNSE,17,01440000,-0.03954817280959144
GTM_minus_GM,logNSE,17,01137500,0.03937051743191344
GTM_minus_GM,logNSE,17,01052500,-0.04707550275637451
GTM_minus_GM,logNSE,17,01057000,-0.0022196534670071433
GTM_minus_GM,logNSE,17,03078000,-0.08554096395590904
GTM_minus_GM,logNSE,17,04213075,0.26739339379978033
GTM_minus_GM,logNSE,17,01333000,0.011740290253204333
GTM_minus_GM,logNSE,17,01552500,-0.05209039055715281
GTM_minus_GM,logNSE,17,03500000,0.040608856872154875
GTM_minus_GM,logNSE,17,01552000,0.05517961795327131
GTM_minus_GM,logNSE,17,01414500,0.00599700705637829
GTM_minus_GM,logNSE,11,03456500,-0.054461929966390876
GTM_minus_GM,logNSE,11,01539000,-0.005346610775239791
GTM_minus_GM,logNSE,11,01350000,-0.0013783394968955864
GTM_minus_GM,logNSE,11,01030500,0.04698013527966716
GTM_minus_GM,logNSE,11,01365000,-0.02085736227368884
GTM_minus_GM,logNSE,11,03460000,0.020883973414780543
GTM_minus_GM,logNSE,11,03028000,-0.0059795917998654025
GTM_minus_GM,logNSE,11,01350080,-0.10129774344172593
GTM_minus_GM,logNSE,11,01134500,0.01887458332816927
GTM_minus_GM,logNSE,11,01543000,0.0013618260759219458
GTM_minus_GM,logNSE,11,01415000,-0.05745640345618763
GTM_minus_GM,logNSE,11,03011800,-0.07834138031766735
GTM_minus_GM,logNSE,11,01078000,0.033910580034976934
GTM_minus_GM,logNSE,11,03463300,-0.01549556527748197
GTM_minus_GM,logNSE,11,03186500,-0.03044511951490092
GTM_minus_GM,logNSE,11,04213000,-0.009800400737196235
GTM_minus_GM,logNSE,11,01142500,0.004531283337408487
GTM_minus_GM,logNSE,11,01413500,-0.02461364872506322
GTM_minus_GM,logNSE,11,03076600,-0.029841024778220815
GTM_minus_GM,logNSE,11,01423000,-0.04136431755217307
GTM_minus_GM,logNSE,11,01139800,0.06869345760014234
GTM_minus_GM,logNSE,11,03066000,0.00997179313354879
GTM_minus_GM,logNSE,11,03069500,-0.026305089008364035
GTM_minus_GM,logNSE,11,01439500,-0.011287350287365494
GTM_minus_GM,logNSE,11,03070500,-0.02092958670831957
GTM_minus_GM,logNSE,11,01055000,-0.023087896535941566
GTM_minus_GM,logNSE,11,03180500,0.009590926318606807
GTM_minus_GM,logNSE,11,01169000,-0.04611415305152766
GTM_minus_GM,logNSE,11,01350140,-0.0883627873052919
GTM_minus_GM,logNSE,11,01434025,0.029398122705467822
GTM_minus_GM,logNSE,11,03439000,0.14038597300784972
GTM_minus_GM,logNSE,11,02178400,0.0022747199916829386
GTM_minus_GM,logNSE,11,03015500,0.051775487170474865
GTM_minus_GM,logNSE,11,04296000,-0.014916081389162672
GTM_minus_GM,logNSE,11,01047000,0.0011924032938774864
GTM_minus_GM,logNSE,11,01054200,0.027811679615950324
GTM_minus_GM,logNSE,11,02177000,0.1790441853774658
GTM_minus_GM,logNSE,11,03500240,-0.0039810856811220985
GTM_minus_GM,logNSE,11,01139000,-0.0014185417079225493
GTM_minus_GM,logNSE,11,01187300,-0.023614294516525525
GTM_minus_GM,logNSE,11,03504000,0.04047062185200123
GTM_minus_GM,logNSE,11,01543500,0.009887204371988756
GTM_minus_GM,logNSE,11,01031500,-0.04641228967932498
GTM_minus_GM,logNSE,11,01510000,-0.061988150605151615
GTM_minus_GM,logNSE,11,03026500,0.030647823097249227
GTM_minus_GM,logNSE,11,04256000,0.0024246756886472376
GTM_minus_GM,logNSE,11,03455500,-0.07605467103118091
GTM_minus_GM,logNSE,11,01451800,-0.02587032193950667
GTM_minus_GM,logNSE,11,01594950,0.043985629017502026
GTM_minus_GM,logNSE,11,03050000,0.00110039813718521
GTM_minus_GM,logNSE,11,03021350,0.009166766023085082
GTM_minus_GM,logNSE,11,03187500,-0.015515241822987469
GTM_minus_GM,logNSE,11,01181000,-0.021505472636091483
GTM_minus_GM,logNSE,11,01440400,-0.013654590173286296
GTM_minus_GM,logNSE,11,01435000,0.04330289712833235
GTM_minus_GM,logNSE,11,01144000,-0.01006318199921652
GTM_minus_GM,logNSE,11,01440000,-0.02195418809547489
GTM_minus_GM,logNSE,11,01137500,0.06457986991966302
GTM_minus_GM,logNSE,11,01052500,-0.005537091570530617
GTM_minus_GM,logNSE,11,01057000,0.03000708632810789
GTM_minus_GM,logNSE,11,03078000,-0.06950089682839689
GTM_minus_GM,logNSE,11,04213075,-0.15506151601854112
GTM_minus_GM,logNSE,11,01333000,-0.024525628016882406
GTM_minus_GM,logNSE,11,01552500,-0.01438093310834665
GTM_minus_GM,logNSE,11,03500000,0.11773492913332761
GTM_minus_GM,logNSE,11,01552000,-0.006560236819663223
GTM_minus_GM,logNSE,11,01414500,0.027713239436605863
GTM_minus_GM,logNSE,13,03456500,-0.03599223488271441
GTM_minus_GM,logNSE,13,01539000,-0.02267005330507499
GTM_minus_GM,logNSE,13,01350000,-0.03536004927162828
GTM_minus_GM,logNSE,13,01030500,-0.022208091497202043
GTM_minus_GM,logNSE,13,01365000,-0.04343303682103161
GTM_minus_GM,logNSE,13,03460000,-0.02251755831324831
GTM_minus_GM,logNSE,13,03028000,-0.012992773666473223
GTM_minus_GM,logNSE,13,01350080,-0.006472268040196849
GTM_minus_GM,logNSE,13,01134500,0.001990598008482447
GTM_minus_GM,logNSE,13,01543000,-0.030540288782732294
GTM_minus_GM,logNSE,13,01415000,0.011505257101133592
GTM_minus_GM,logNSE,13,03011800,0.0169533079165044
GTM_minus_GM,logNSE,13,01078000,0.023596545903132538
GTM_minus_GM,logNSE,13,03463300,-0.034327778887392024
GTM_minus_GM,logNSE,13,03186500,-0.003624522053726764
GTM_minus_GM,logNSE,13,04213000,-0.0014032119392628495
GTM_minus_GM,logNSE,13,01142500,0.09158072342371348
GTM_minus_GM,logNSE,13,01413500,-0.028771372266720885
GTM_minus_GM,logNSE,13,03076600,-0.02757165934428818
GTM_minus_GM,logNSE,13,01423000,-0.033696392070822645
GTM_minus_GM,logNSE,13,01139800,0.036879942242672215
GTM_minus_GM,logNSE,13,03066000,-0.006630122184563714
GTM_minus_GM,logNSE,13,03069500,-0.018025190364660215
GTM_minus_GM,logNSE,13,01439500,-0.017122884130353677
GTM_minus_GM,logNSE,13,03070500,0.006774641911058921
GTM_minus_GM,logNSE,13,01055000,-0.008490337812476212
GTM_minus_GM,logNSE,13,03180500,0.012497245773934296
GTM_minus_GM,logNSE,13,01169000,-0.004214979087434068
GTM_minus_GM,logNSE,13,01350140,0.014977103972172445
GTM_minus_GM,logNSE,13,01434025,-0.03253171427081203
GTM_minus_GM,logNSE,13,03439000,-0.1328848057110501
GTM_minus_GM,logNSE,13,02178400,-0.05082523017951346
GTM_minus_GM,logNSE,13,03015500,-0.007999540470145172
GTM_minus_GM,logNSE,13,04296000,0.021386437441207606
GTM_minus_GM,logNSE,13,01047000,-0.003576638529400933
GTM_minus_GM,logNSE,13,01054200,0.04813335877595304
GTM_minus_GM,logNSE,13,02177000,-0.07251960297823323
GTM_minus_GM,logNSE,13,03500240,-0.06001763472608701
GTM_minus_GM,logNSE,13,01139000,0.03207861442168203
GTM_minus_GM,logNSE,13,01187300,-0.02268910694715165
GTM_minus_GM,logNSE,13,03504000,-0.05594820014891588
GTM_minus_GM,logNSE,13,01543500,0.005432145624218898
GTM_minus_GM,logNSE,13,01031500,0.003198827829619444
GTM_minus_GM,logNSE,13,01510000,0.021331936492577475
GTM_minus_GM,logNSE,13,03026500,0.010135950358633128
GTM_minus_GM,logNSE,13,04256000,0.03846420824690433
GTM_minus_GM,logNSE,13,03455500,-0.04614474563380622
GTM_minus_GM,logNSE,13,01451800,-0.0037418469632325424
GTM_minus_GM,logNSE,13,01594950,0.030892929845816708
GTM_minus_GM,logNSE,13,03050000,0.009813045592575564
GTM_minus_GM,logNSE,13,03021350,0.04199174114862847
GTM_minus_GM,logNSE,13,03187500,-0.011303903881625832
GTM_minus_GM,logNSE,13,01181000,-0.020299343832996586
GTM_minus_GM,logNSE,13,01440400,-0.017454788301149105
GTM_minus_GM,logNSE,13,01435000,-0.003661548192723907
GTM_minus_GM,logNSE,13,01144000,0.038127860052623475
GTM_minus_GM,logNSE,13,01440000,-0.005238767580709958
GTM_minus_GM,logNSE,13,01137500,-0.02117592787777889
GTM_minus_GM,logNSE,13,01052500,-0.016657498552653638
GTM_minus_GM,logNSE,13,01057000,0.02037700915481988
GTM_minus_GM,logNSE,13,03078000,-0.007608355095745534
GTM_minus_GM,logNSE,13,04213075,-0.0876409084939509
GTM_minus_GM,logNSE,13,01333000,0.031474148068006524
GTM_minus_GM,logNSE,13,01552500,-0.0024822252374681053
GTM_minus_GM,logNSE,13,03500000,-0.04342604015011986
GTM_minus_GM,logNSE,13,01552000,0.00799319743112914
GTM_minus_GM,logNSE,13,01414500,-0.02143844356434177
GTM_minus_G,NSE,17,03456500,-0.012293127416601601
GTM_minus_G,NSE,17,03182500,0.019327393133634074
GTM_minus_G,NSE,17,01539000,0.025882233973528734
GTM_minus_G,NSE,17,01350000,0.05702105674113467
GTM_minus_G,NSE,17,03238500,-0.0242361468680371
GTM_minus_G,NSE,17,01030500,0.008040061502560203
GTM_minus_G,NSE,17,01365000,0.06748821942842986
GTM_minus_G,NSE,17,03460000,-0.32307054875373487
GTM_minus_G,NSE,17,02046000,-0.05245857460483283
GTM_minus_G,NSE,17,03028000,-0.02987954716124308
GTM_minus_G,NSE,17,01350080,-0.054646442655321814
GTM_minus_G,NSE,17,01484100,0.07013897123422419
GTM_minus_G,NSE,17,02015700,0.00030050594948227705
GTM_minus_G,NSE,17,04224775,-0.0435144022773063
GTM_minus_G,NSE,17,01466500,-0.45193222590115667
GTM_minus_G,NSE,17,02016000,0.06861375770801403
GTM_minus_G,NSE,17,01134500,0.005837550467372554
GTM_minus_G,NSE,17,01518862,-0.10136171484930745
GTM_minus_G,NSE,17,01545600,-0.04695561245136648
GTM_minus_G,NSE,17,04197100,-0.050188757136772844
GTM_minus_G,NSE,17,01549500,-0.047497063045673804
GTM_minus_G,NSE,17,02140991,-0.021688426151570406
GTM_minus_G,NSE,17,03049000,0.0020653444399737486
GTM_minus_G,NSE,17,02111500,0.0774909891404586
GTM_minus_G,NSE,17,03450000,-0.05610808972582504
GTM_minus_G,NSE,17,04122200,-0.17548809160175471
GTM_minus_G,NSE,17,02053800,-0.14816644427422554
GTM_minus_G,NSE,17,04196800,0.003350940476210207
GTM_minus_G,NSE,17,02017500,-0.030691428956832745
GTM_minus_G,NSE,17,03165000,-0.07015564493227966
GTM_minus_G,NSE,17,01543000,0.032948380422747614
GTM_minus_G,NSE,17,01491000,0.01110664037547937
GTM_minus_G,NSE,17,02051500,-0.006031213167043803
GTM_minus_G,NSE,17,02070000,0.0369706978754164
GTM_minus_G,NSE,17,01415000,0.028520621127284596
GTM_minus_G,NSE,17,03011800,-0.00880676331268071
GTM_minus_G,NSE,17,02014000,-0.027884390466547115
GTM_minus_G,NSE,17,02028500,-0.09784753950828184
GTM_minus_G,NSE,17,02056900,0.034706363246231886
GTM_minus_G,NSE,17,01516500,0.028212569008536192
GTM_minus_G,NSE,17,03213700,0.045195045721849514
GTM_minus_G,NSE,17,01547700,-0.01913227727723643
GTM_minus_G,NSE,17,01485500,0.003830457321103209
GTM_minus_G,NSE,17,01632900,-0.26637041178846266
GTM_minus_G,NSE,17,02027000,-0.029665903211213207
GTM_minus_G,NSE,17,01078000,-0.013144440099476573
GTM_minus_G,NSE,17,03049800,-0.051566068219639494
GTM_minus_G,NSE,17,01606500,0.0003058342101315281
GTM_minus_G,NSE,17,02065500,0.14158376793082217
GTM_minus_G,NSE,17,03164000,0.12438289254239177
GTM_minus_G,NSE,17,02137727,0.009492722359789485
GTM_minus_G,NSE,17,03498500,0.010401749200346533
GTM_minus_G,NSE,17,02069700,0.17187456444363802
GTM_minus_G,NSE,17,03463300,0.02030573284776438
GTM_minus_G,NSE,17,03173000,-0.18805353730639462
GTM_minus_G,NSE,17,01532000,-0.0036044346253572
GTM_minus_G,NSE,17,03186500,0.05212784192679376
GTM_minus_G,NSE,17,03488000,-0.1644319113790118
GTM_minus_G,NSE,17,01557500,-0.030645091459683194
GTM_minus_G,NSE,17,01658500,0.032749129810941024
GTM_minus_G,NSE,17,01596500,-0.01607673706105417
GTM_minus_G,NSE,17,01644000,-0.026391303775301855
GTM_minus_G,NSE,17,04213000,0.05270600461475139
GTM_minus_G,NSE,17,01487000,-0.050034328578343445
GTM_minus_G,NSE,17,01669000,-0.11722878359888933
GTM_minus_G,NSE,17,01142500,0.0924289935473489
GTM_minus_G,NSE,17,04105700,0.30734649314629037
GTM_minus_G,NSE,17,01413500,-0.017304562042911198
GTM_minus_G,NSE,17,01613050,-0.07285453596452873
GTM_minus_G,NSE,17,03076600,0.001600847099491265
GTM_minus_G,NSE,17,01423000,0.0766428014440027
GTM_minus_G,NSE,17,01411300,0.6213828095180092
GTM_minus_G,NSE,17,01139800,-0.13206576237744594
GTM_minus_G,NSE,17,01605500,-0.03197717771953723
GTM_minus_G,NSE,17,03066000,0.0083127105123314
GTM_minus_G,NSE,17,03069500,0.04561977448521204
GTM_minus_G,NSE,17,03473000,-0.04785747422943931
GTM_minus_G,NSE,17,02081500,0.0680991908738795
GTM_minus_G,NSE,17,01634500,-0.07089407456170571
GTM_minus_G,NSE,17,01439500,0.09090178843893915
GTM_minus_G,NSE,17,03070500,0.02422027206197208
GTM_minus_G,NSE,17,02143040,-0.007808655269492593
GTM_minus_G,NSE,17,01055000,-0.011122735632839942
GTM_minus_G,NSE,17,02112360,0.1716328346093422
GTM_minus_G,NSE,17,01669520,0.062506375041958
GTM_minus_G,NSE,17,03180500,-0.007684163833538871
GTM_minus_G,NSE,17,01638480,0.03994049244410891
GTM_minus_G,NSE,17,02053200,0.14425427685707382
GTM_minus_G,NSE,17,01169000,0.0503854562839422
GTM_minus_G,NSE,17,01350140,-0.08392617570571126
GTM_minus_G,NSE,17,01591400,-0.019216072752369695
GTM_minus_G,NSE,17,01586610,0.005766171340142123
GTM_minus_G,NSE,17,01434025,-0.04168871700953014
GTM_minus_G,NSE,17,03439000,-0.041304378585618196
GTM_minus_G,NSE,17,02178400,-0.0008176284131699019
GTM_minus_G,NSE,17,01664000,0.05174980686113961
GTM_minus_G,NSE,17,03015500,0.013303260740063494
GTM_minus_G,NSE,17,04296000,-0.03885068591893304
GTM_minus_G,NSE,17,02112120,0.13171589604332734
GTM_minus_G,NSE,17,02082950,0.14545558065050934
GTM_minus_G,NSE,17,01639500,0.05554711313042093
GTM_minus_G,NSE,17,01047000,0.046103465552572276
GTM_minus_G,NSE,17,02074500,-0.02941121238171429
GTM_minus_G,NSE,17,01054200,0.05024258587923991
GTM_minus_G,NSE,17,02177000,0.10667249878356833
GTM_minus_G,NSE,17,03500240,-0.08323780333003095
GTM_minus_G,NSE,17,04233000,0.013774452682943084
GTM_minus_G,NSE,17,03237280,-0.021854226368380747
GTM_minus_G,NSE,17,01548500,0.001482255628591611
GTM_minus_G,NSE,17,02125000,-0.002277390945861879
GTM_minus_G,NSE,17,03479000,-0.08837162246842822
GTM_minus_G,NSE,17,02118500,0.01871996612403093
GTM_minus_G,NSE,17,01139000,-0.008127803530374789
GTM_minus_G,NSE,17,01187300,0.02774855235008744
GTM_minus_G,NSE,17,03504000,-0.07274621622120181
GTM_minus_G,NSE,17,02011400,-0.09728889736881396
GTM_minus_G,NSE,17,01568000,0.0064750263480432
GTM_minus_G,NSE,17,01543500,0.004009326677607006
GTM_minus_G,NSE,17,01031500,0.017741667524735494
GTM_minus_G,NSE,17,01567500,-0.05149282196585059
GTM_minus_G,NSE,17,02027500,0.00699607591559448
GTM_minus_G,NSE,17,03010655,-0.01456645377742849
GTM_minus_G,NSE,17,04216418,-0.04140232475812711
GTM_minus_G,NSE,17,02152100,0.020452774442318522
GTM_minus_G,NSE,17,01510000,0.033923522955302876
GTM_minus_G,NSE,17,03026500,-0.08029230433290668
GTM_minus_G,NSE,17,02128000,0.04800929330434667
GTM_minus_G,NSE,17,04256000,-0.040905812096701855
GTM_minus_G,NSE,17,01620500,-0.07726852962030029
GTM_minus_G,NSE,17,03455500,-0.022466580038424167
GTM_minus_G,NSE,17,01451800,0.012734480463418962
GTM_minus_G,NSE,17,04185000,-0.14862487578250028
GTM_minus_G,NSE,17,02111180,0.01360452885043073
GTM_minus_G,NSE,17,01594950,-0.003642309537592703
GTM_minus_G,NSE,17,01580000,-0.032763623621795857
GTM_minus_G,NSE,17,03050000,0.029012598395467437
GTM_minus_G,NSE,17,01632000,0.016829732217674587
GTM_minus_G,NSE,17,04221000,-0.009975536306595867
GTM_minus_G,NSE,17,03021350,0.007592834324206321
GTM_minus_G,NSE,17,01583500,0.02684134908572755
GTM_minus_G,NSE,17,02059500,-0.026828827994876847
GTM_minus_G,NSE,17,01666500,0.17206384917295459
GTM_minus_G,NSE,17,03187500,-0.00650181338112743
GTM_minus_G,NSE,17,01181000,0.06853637873756013
GTM_minus_G,NSE,17,01440400,0.1143138564273447
GTM_minus_G,NSE,17,01435000,0.046209043012455764
GTM_minus_G,NSE,17,01144000,0.001855211631952458
GTM_minus_G,NSE,17,02011460,-0.09336722369475392
GTM_minus_G,NSE,17,02143000,0.016886867017782636
GTM_minus_G,NSE,17,03140000,-0.03186513303544547
GTM_minus_G,NSE,17,01440000,0.07382624801293858
GTM_minus_G,NSE,17,01550000,-0.04412594307304207
GTM_minus_G,NSE,17,02077200,-0.04476655049404954
GTM_minus_G,NSE,17,03237500,-0.02974934022222908
GTM_minus_G,NSE,17,02018000,-0.07576964737939962
GTM_minus_G,NSE,17,02013000,-0.045711485884388225
GTM_minus_G,NSE,17,03161000,0.11684662477572583
GTM_minus_G,NSE,17,04197170,-0.07144534040816763
GTM_minus_G,NSE,17,03471500,-0.2977322078552005
GTM_minus_G,NSE,17,01137500,0.0056794383967981865
GTM_minus_G,NSE,17,01052500,0.05801678305469715
GTM_minus_G,NSE,17,02051000,-0.03985577794627637
GTM_minus_G,NSE,17,01057000,0.00898698806786713
GTM_minus_G,NSE,17,03144000,-0.04913217848982021
GTM_minus_G,NSE,17,03078000,-0.0036583784322500312
GTM_minus_G,NSE,17,03170000,-0.10074736112801541
GTM_minus_G,NSE,17,02038850,-0.05384450951228359
GTM_minus_G,NSE,17,03241500,-0.020243703252177725
GTM_minus_G,NSE,17,02064000,-0.0166128726657766
GTM_minus_G,NSE,17,02096846,-0.0866962088930211
GTM_minus_G,NSE,17,02055100,0.03156602290905253
GTM_minus_G,NSE,17,04213075,0.008246142244779597
GTM_minus_G,NSE,17,01333000,0.047974748097003195
GTM_minus_G,NSE,17,01552500,-0.021934595562339343
GTM_minus_G,NSE,17,04115265,0.09502323973951954
GTM_minus_G,NSE,17,03500000,0.08286433127023385
GTM_minus_G,NSE,17,01544500,-0.15768454870867754
GTM_minus_G,NSE,17,02149000,0.022303650062541314
GTM_minus_G,NSE,17,01552000,-0.03655361832387172
GTM_minus_G,NSE,17,03159540,-0.00757730617723662
GTM_minus_G,NSE,17,01414500,-0.08869676244731228
GTM_minus_G,NSE,17,01542810,-0.05939950486258683
GTM_minus_G,NSE,17,01667500,0.09986554153369187
GTM_minus_G,NSE,11,03456500,-0.00868117905690824
GTM_minus_G,NSE,11,03182500,-0.00020534144396155973
GTM_minus_G,NSE,11,01539000,0.0013789078543460231
GTM_minus_G,NSE,11,01350000,0.00548762857094931
GTM_minus_G,NSE,11,03238500,-0.00927360949367384
GTM_minus_G,NSE,11,01030500,0.08025200151488532
GTM_minus_G,NSE,11,01365000,0.01357295399344527
GTM_minus_G,NSE,11,03460000,-0.22576886869196766
GTM_minus_G,NSE,11,02046000,0.007773544845051994
GTM_minus_G,NSE,11,03028000,-0.00542259937742906
GTM_minus_G,NSE,11,01350080,-0.1503246410045539
GTM_minus_G,NSE,11,01484100,-0.13309980522792075
GTM_minus_G,NSE,11,02015700,-0.016547831440913985
GTM_minus_G,NSE,11,04224775,-0.0705128284015768
GTM_minus_G,NSE,11,01466500,-0.6205281193278734
GTM_minus_G,NSE,11,02016000,0.0223671278081794
GTM_minus_G,NSE,11,01134500,0.06309570860650571
GTM_minus_G,NSE,11,01518862,-0.009639410827342765
GTM_minus_G,NSE,11,01545600,-0.08821946076313758
GTM_minus_G,NSE,11,04197100,0.01641021134834819
GTM_minus_G,NSE,11,01549500,-0.03101881971079401
GTM_minus_G,NSE,11,02140991,0.0564582461152896
GTM_minus_G,NSE,11,03049000,0.0006359651871716832
GTM_minus_G,NSE,11,02111500,-0.029167872862952304
GTM_minus_G,NSE,11,03450000,-0.05718535989830842
GTM_minus_G,NSE,11,04122200,-0.13981684131498018
GTM_minus_G,NSE,11,02053800,-0.07647203107380085
GTM_minus_G,NSE,11,04196800,0.009577218594084669
GTM_minus_G,NSE,11,02017500,0.04077146649221053
GTM_minus_G,NSE,11,03165000,-0.08992957441057048
GTM_minus_G,NSE,11,01543000,0.012858342793388933
GTM_minus_G,NSE,11,01491000,0.01459017737424928
GTM_minus_G,NSE,11,02051500,0.0269306474736537
GTM_minus_G,NSE,11,02070000,-0.04755760502748496
GTM_minus_G,NSE,11,01415000,-0.02424972912045109
GTM_minus_G,NSE,11,03011800,-0.07770880508799705
GTM_minus_G,NSE,11,02014000,0.027235652703923696
GTM_minus_G,NSE,11,02028500,-0.04829563052400265
GTM_minus_G,NSE,11,02056900,0.020793127119527854
GTM_minus_G,NSE,11,01516500,-0.09769232874040412
GTM_minus_G,NSE,11,03213700,-0.08545128680768266
GTM_minus_G,NSE,11,01547700,-0.05059200165956046
GTM_minus_G,NSE,11,01485500,0.050491468467483425
GTM_minus_G,NSE,11,01632900,-0.10222410176517227
GTM_minus_G,NSE,11,02027000,-0.009377445214951097
GTM_minus_G,NSE,11,01078000,0.0048360723323130905
GTM_minus_G,NSE,11,03049800,-0.04020538163133869
GTM_minus_G,NSE,11,01606500,-0.033750040740073484
GTM_minus_G,NSE,11,02065500,0.0176560037899135
GTM_minus_G,NSE,11,03164000,0.08121141964782586
GTM_minus_G,NSE,11,02137727,0.01586000567830348
GTM_minus_G,NSE,11,03498500,-0.07116494780567717
GTM_minus_G,NSE,11,02069700,-0.011378565928884643
GTM_minus_G,NSE,11,03463300,0.022508962846999547
GTM_minus_G,NSE,11,03173000,0.00010561080915216792
GTM_minus_G,NSE,11,01532000,-0.03421225497706759
GTM_minus_G,NSE,11,03186500,0.0019380793891076165
GTM_minus_G,NSE,11,03488000,-0.08481445596689396
GTM_minus_G,NSE,11,01557500,-0.13098797996115719
GTM_minus_G,NSE,11,01658500,-0.030543152473767265
GTM_minus_G,NSE,11,01596500,-0.08725421059486971
GTM_minus_G,NSE,11,01644000,-0.050030286057903495
GTM_minus_G,NSE,11,04213000,0.013884076371318388
GTM_minus_G,NSE,11,01487000,-0.12797888466285845
GTM_minus_G,NSE,11,01669000,-0.2028577595157003
GTM_minus_G,NSE,11,01142500,0.06909274917652741
GTM_minus_G,NSE,11,04105700,0.42980547516189904
GTM_minus_G,NSE,11,01413500,-0.06400942210861982
GTM_minus_G,NSE,11,01613050,-0.0698857128361079
GTM_minus_G,NSE,11,03076600,-0.003116210480111903
GTM_minus_G,NSE,11,01423000,-0.040425546646964294
GTM_minus_G,NSE,11,01411300,0.33688399667265556
GTM_minus_G,NSE,11,01139800,-0.023887864054037866
GTM_minus_G,NSE,11,01605500,-0.011670876468315106
GTM_minus_G,NSE,11,03066000,-0.022295686019775274
GTM_minus_G,NSE,11,03069500,0.01753239111150784
GTM_minus_G,NSE,11,03473000,-0.06425895188119035
GTM_minus_G,NSE,11,02081500,0.056934548494315784
GTM_minus_G,NSE,11,01634500,-0.03409709120599591
GTM_minus_G,NSE,11,01439500,0.0012531805379502048
GTM_minus_G,NSE,11,03070500,0.011552842376317818
GTM_minus_G,NSE,11,02143040,-0.03233248350823048
GTM_minus_G,NSE,11,01055000,0.023923009933822348
GTM_minus_G,NSE,11,02112360,0.014870978558266135
GTM_minus_G,NSE,11,01669520,0.01558672950736173
GTM_minus_G,NSE,11,03180500,-0.04846939005680051
GTM_minus_G,NSE,11,01638480,-0.0037978660126068986
GTM_minus_G,NSE,11,02053200,0.017735531360347112
GTM_minus_G,NSE,11,01169000,0.04372998489455826
GTM_minus_G,NSE,11,01350140,-0.13901238897578083
GTM_minus_G,NSE,11,01591400,-0.07076353989211825
GTM_minus_G,NSE,11,01586610,-0.10166182475593433
GTM_minus_G,NSE,11,01434025,-0.06299719489166966
GTM_minus_G,NSE,11,03439000,-0.07691308421920029
GTM_minus_G,NSE,11,02178400,-0.012160905426165769
GTM_minus_G,NSE,11,01664000,0.041297751593501575
GTM_minus_G,NSE,11,03015500,-0.005076390487615212
GTM_minus_G,NSE,11,04296000,0.03318818059262574
GTM_minus_G,NSE,11,02112120,0.023964422619418668
GTM_minus_G,NSE,11,02082950,-0.029305049355243695
GTM_minus_G,NSE,11,01639500,-0.01145496720566197
GTM_minus_G,NSE,11,01047000,0.0787425181814968
GTM_minus_G,NSE,11,02074500,-0.04174476993919107
GTM_minus_G,NSE,11,01054200,0.05897854673439118
GTM_minus_G,NSE,11,02177000,0.09001804410131398
GTM_minus_G,NSE,11,03500240,-0.03677640921350189
GTM_minus_G,NSE,11,04233000,-0.07354620167947234
GTM_minus_G,NSE,11,03237280,-0.00832342725529256
GTM_minus_G,NSE,11,01548500,0.0024151247383094043
GTM_minus_G,NSE,11,02125000,-0.031778035664098425
GTM_minus_G,NSE,11,03479000,0.029583379380689667
GTM_minus_G,NSE,11,02118500,-0.017196180473281863
GTM_minus_G,NSE,11,01139000,0.023522276903049755
GTM_minus_G,NSE,11,01187300,0.0051993651357339354
GTM_minus_G,NSE,11,03504000,-0.03511744928702343
GTM_minus_G,NSE,11,02011400,-0.07140699246732629
GTM_minus_G,NSE,11,01568000,0.002488850994361913
GTM_minus_G,NSE,11,01543500,-0.0024023292671557783
GTM_minus_G,NSE,11,01031500,0.046396021371126306
GTM_minus_G,NSE,11,01567500,-0.06771243184649078
GTM_minus_G,NSE,11,02027500,-0.0033343468622901717
GTM_minus_G,NSE,11,03010655,-0.06575427653297006
GTM_minus_G,NSE,11,04216418,-0.06476917342562916
GTM_minus_G,NSE,11,02152100,0.0016223366976216846
GTM_minus_G,NSE,11,01510000,-0.02051228063113164
GTM_minus_G,NSE,11,03026500,-0.06220944139800311
GTM_minus_G,NSE,11,02128000,-0.09395226758831299
GTM_minus_G,NSE,11,04256000,-0.010253445015683482
GTM_minus_G,NSE,11,01620500,-0.0374318271216082
GTM_minus_G,NSE,11,03455500,-0.041622704506903196
GTM_minus_G,NSE,11,01451800,0.02741339164948553
GTM_minus_G,NSE,11,04185000,-0.1264496266865308
GTM_minus_G,NSE,11,02111180,-0.056743711536067165
GTM_minus_G,NSE,11,01594950,-0.0006117764296853512
GTM_minus_G,NSE,11,01580000,-0.11374354869189351
GTM_minus_G,NSE,11,03050000,-0.009402917497483121
GTM_minus_G,NSE,11,01632000,0.044177550038146274
GTM_minus_G,NSE,11,04221000,-0.05606461260511442
GTM_minus_G,NSE,11,03021350,-0.005748228224474072
GTM_minus_G,NSE,11,01583500,-0.10084914546851542
GTM_minus_G,NSE,11,02059500,0.037565768972590896
GTM_minus_G,NSE,11,01666500,0.10635476205562344
GTM_minus_G,NSE,11,03187500,-0.07043291747461722
GTM_minus_G,NSE,11,01181000,0.06694204375581037
GTM_minus_G,NSE,11,01440400,0.0907184906729599
GTM_minus_G,NSE,11,01435000,0.015292973456740855
GTM_minus_G,NSE,11,01144000,0.04939439270892387
GTM_minus_G,NSE,11,02011460,-0.12822702245495177
GTM_minus_G,NSE,11,02143000,-0.07895695670793301
GTM_minus_G,NSE,11,03140000,-0.031448702891584523
GTM_minus_G,NSE,11,01440000,0.024471827135859048
GTM_minus_G,NSE,11,01550000,-0.053923853517605314
GTM_minus_G,NSE,11,02077200,-0.021018717519535768
GTM_minus_G,NSE,11,03237500,-0.010710986636822462
GTM_minus_G,NSE,11,02018000,-0.06622581563372876
GTM_minus_G,NSE,11,02013000,-0.04348971681762448
GTM_minus_G,NSE,11,03161000,0.05926341004513502
GTM_minus_G,NSE,11,04197170,-0.05719048280653083
GTM_minus_G,NSE,11,03471500,-0.24733289154805072
GTM_minus_G,NSE,11,01137500,-0.012629097982892246
GTM_minus_G,NSE,11,01052500,-0.001699986298279943
GTM_minus_G,NSE,11,02051000,-0.0018325382026216364
GTM_minus_G,NSE,11,01057000,0.02632303445442774
GTM_minus_G,NSE,11,03144000,-0.05303459028003532
GTM_minus_G,NSE,11,03078000,-0.040105996591738635
GTM_minus_G,NSE,11,03170000,-0.1498744619474366
GTM_minus_G,NSE,11,02038850,-0.03156785906367654
GTM_minus_G,NSE,11,03241500,-0.006619828077544465
GTM_minus_G,NSE,11,02064000,-0.017051470429935378
GTM_minus_G,NSE,11,02096846,-0.12307395378275854
GTM_minus_G,NSE,11,02055100,0.0037899417700468785
GTM_minus_G,NSE,11,04213075,-0.00038087135554087936
GTM_minus_G,NSE,11,01333000,0.032554051137677176
GTM_minus_G,NSE,11,01552500,-0.013129131700954089
GTM_minus_G,NSE,11,04115265,0.0224077774459287
GTM_minus_G,NSE,11,03500000,0.031762475562954195
GTM_minus_G,NSE,11,01544500,-0.04124579403335615
GTM_minus_G,NSE,11,02149000,-0.009546796989329032
GTM_minus_G,NSE,11,01552000,-0.05402479069593524
GTM_minus_G,NSE,11,03159540,0.034707857755423954
GTM_minus_G,NSE,11,01414500,-0.08407807679391
GTM_minus_G,NSE,11,01542810,-0.08151244893795007
GTM_minus_G,NSE,11,01667500,0.06699025526310542
GTM_minus_G,NSE,13,03456500,0.047746079696233124
GTM_minus_G,NSE,13,03182500,-0.01822920893469193
GTM_minus_G,NSE,13,01539000,-1.738560439756842e-05
GTM_minus_G,NSE,13,01350000,0.033819069581207395
GTM_minus_G,NSE,13,03238500,-0.02146324615969253
GTM_minus_G,NSE,13,01030500,-0.027785011617980526
GTM_minus_G,NSE,13,01365000,0.046338635475742906
GTM_minus_G,NSE,13,03460000,-0.22751582889916855
GTM_minus_G,NSE,13,02046000,-0.02930866380215491
GTM_minus_G,NSE,13,03028000,0.022313103757378605
GTM_minus_G,NSE,13,01350080,-0.0524845139148028
GTM_minus_G,NSE,13,01484100,-0.02224289812921798
GTM_minus_G,NSE,13,02015700,-0.021057103868737603
GTM_minus_G,NSE,13,04224775,-0.038907539691038995
GTM_minus_G,NSE,13,01466500,-0.5875866661641154
GTM_minus_G,NSE,13,02016000,-0.02362975069951656
GTM_minus_G,NSE,13,01134500,-0.01114806991885764
GTM_minus_G,NSE,13,01518862,-0.005919591153182968
GTM_minus_G,NSE,13,01545600,-0.006761597214827164
GTM_minus_G,NSE,13,04197100,0.00020653053910835162
GTM_minus_G,NSE,13,01549500,-0.011263254257686373
GTM_minus_G,NSE,13,02140991,-0.0015457005233701082
GTM_minus_G,NSE,13,03049000,-0.012157526485571113
GTM_minus_G,NSE,13,02111500,-0.02361247790504828
GTM_minus_G,NSE,13,03450000,0.009428596624840746
GTM_minus_G,NSE,13,04122200,-0.23710217691411473
GTM_minus_G,NSE,13,02053800,-0.08123595665954286
GTM_minus_G,NSE,13,04196800,-0.013499806669300285
GTM_minus_G,NSE,13,02017500,-0.025982901256381252
GTM_minus_G,NSE,13,03165000,-0.11983788935607154
GTM_minus_G,NSE,13,01543000,0.008783835676465679
GTM_minus_G,NSE,13,01491000,0.004757293161322673
GTM_minus_G,NSE,13,02051500,-0.12064572650865935
GTM_minus_G,NSE,13,02070000,-0.05287747894665695
GTM_minus_G,NSE,13,01415000,0.016609345168562717
GTM_minus_G,NSE,13,03011800,0.01567729591634659
GTM_minus_G,NSE,13,02014000,-0.03822026743767026
GTM_minus_G,NSE,13,02028500,0.0010459663570348
GTM_minus_G,NSE,13,02056900,-0.028541867713983038
GTM_minus_G,NSE,13,01516500,0.027833053761294635
GTM_minus_G,NSE,13,03213700,-0.015884434184881724
GTM_minus_G,NSE,13,01547700,-0.014627084749651575
GTM_minus_G,NSE,13,01485500,-0.05104010810515369
GTM_minus_G,NSE,13,01632900,-0.27411511616971074
GTM_minus_G,NSE,13,02027000,-0.007180470218125068
GTM_minus_G,NSE,13,01078000,0.005608107713302335
GTM_minus_G,NSE,13,03049800,-0.048314219222496346
GTM_minus_G,NSE,13,01606500,0.0011562674825571495
GTM_minus_G,NSE,13,02065500,0.12881477277119524
GTM_minus_G,NSE,13,03164000,0.02580754258974194
GTM_minus_G,NSE,13,02137727,-0.003874261517267996
GTM_minus_G,NSE,13,03498500,-0.035430824127938854
GTM_minus_G,NSE,13,02069700,-0.04194289789558736
GTM_minus_G,NSE,13,03463300,0.02425659246074563
GTM_minus_G,NSE,13,03173000,-0.07640232697858484
GTM_minus_G,NSE,13,01532000,0.033188817851860786
GTM_minus_G,NSE,13,03186500,0.008668127751948806
GTM_minus_G,NSE,13,03488000,-0.12577337997120464
GTM_minus_G,NSE,13,01557500,-0.05610810399966781
GTM_minus_G,NSE,13,01658500,-0.03760458305699743
GTM_minus_G,NSE,13,01596500,-0.045237273731648875
GTM_minus_G,NSE,13,01644000,-0.059066611069724884
GTM_minus_G,NSE,13,04213000,-0.016065066638000558
GTM_minus_G,NSE,13,01487000,-0.03998555761827838
GTM_minus_G,NSE,13,01669000,-0.15507074228355266
GTM_minus_G,NSE,13,01142500,0.05828274995700822
GTM_minus_G,NSE,13,04105700,0.5058299255275397
GTM_minus_G,NSE,13,01413500,-0.027514213211953242
GTM_minus_G,NSE,13,01613050,-0.06596964717631193
GTM_minus_G,NSE,13,03076600,0.008540394826799025
GTM_minus_G,NSE,13,01423000,0.0664243636638483
GTM_minus_G,NSE,13,01411300,0.1307914710839977
GTM_minus_G,NSE,13,01139800,-0.05578836559996725
GTM_minus_G,NSE,13,01605500,-0.008656740618238512
GTM_minus_G,NSE,13,03066000,-0.002891360019631195
GTM_minus_G,NSE,13,03069500,0.00016264223828943436
GTM_minus_G,NSE,13,03473000,-0.08739137136194175
GTM_minus_G,NSE,13,02081500,0.06912157543860953
GTM_minus_G,NSE,13,01634500,-0.03810061171603574
GTM_minus_G,NSE,13,01439500,0.043707946656937335
GTM_minus_G,NSE,13,03070500,0.02245504160505951
GTM_minus_G,NSE,13,02143040,-0.07449492632053534
GTM_minus_G,NSE,13,01055000,-7.168492285658523e-06
GTM_minus_G,NSE,13,02112360,-0.0284762332689944
GTM_minus_G,NSE,13,01669520,-0.08977918097105186
GTM_minus_G,NSE,13,03180500,-0.011808445697965797
GTM_minus_G,NSE,13,01638480,0.04366418067334743
GTM_minus_G,NSE,13,02053200,0.01928555120475217
GTM_minus_G,NSE,13,01169000,0.018307723781630147
GTM_minus_G,NSE,13,01350140,-0.028770641056368396
GTM_minus_G,NSE,13,01591400,-0.057222772664414334
GTM_minus_G,NSE,13,01586610,-0.011067704200556583
GTM_minus_G,NSE,13,01434025,-0.06756194916421943
GTM_minus_G,NSE,13,03439000,-0.04034207346798857
GTM_minus_G,NSE,13,02178400,-0.022423894031354696
GTM_minus_G,NSE,13,01664000,-0.015380356716367616
GTM_minus_G,NSE,13,03015500,-0.00943047478456227
GTM_minus_G,NSE,13,04296000,0.07864243190420406
GTM_minus_G,NSE,13,02112120,-0.06369087470971124
GTM_minus_G,NSE,13,02082950,0.013612122364386026
GTM_minus_G,NSE,13,01639500,0.0314098435402943
GTM_minus_G,NSE,13,01047000,0.04072246708171767
GTM_minus_G,NSE,13,02074500,-0.05250550195567605
GTM_minus_G,NSE,13,01054200,0.0015356493230906931
GTM_minus_G,NSE,13,02177000,0.059230295601749416
GTM_minus_G,NSE,13,03500240,-0.03017812777597395
GTM_minus_G,NSE,13,04233000,0.011469735528121694
GTM_minus_G,NSE,13,03237280,-0.03794483632872803
GTM_minus_G,NSE,13,01548500,0.00724115102303835
GTM_minus_G,NSE,13,02125000,-0.04341331863338238
GTM_minus_G,NSE,13,03479000,-0.014173498847183219
GTM_minus_G,NSE,13,02118500,-0.005608425444647347
GTM_minus_G,NSE,13,01139000,0.03603396547557902
GTM_minus_G,NSE,13,01187300,0.020319445484385246
GTM_minus_G,NSE,13,03504000,-0.03927515273137172
GTM_minus_G,NSE,13,02011400,-0.0919922649166881
GTM_minus_G,NSE,13,01568000,0.00624689167230319
GTM_minus_G,NSE,13,01543500,0.008102603631905514
GTM_minus_G,NSE,13,01031500,0.03212673962472368
GTM_minus_G,NSE,13,01567500,-0.04732950890185883
GTM_minus_G,NSE,13,02027500,0.007799720359013329
GTM_minus_G,NSE,13,03010655,-0.055009940391101075
GTM_minus_G,NSE,13,04216418,-0.038305070452496204
GTM_minus_G,NSE,13,02152100,-0.05786823156255516
GTM_minus_G,NSE,13,01510000,-0.00374136454842966
GTM_minus_G,NSE,13,03026500,-0.01481381691334338
GTM_minus_G,NSE,13,02128000,-0.051037467122658664
GTM_minus_G,NSE,13,04256000,-0.016296385600005125
GTM_minus_G,NSE,13,01620500,-0.03282331080459433
GTM_minus_G,NSE,13,03455500,-0.028828152543790342
GTM_minus_G,NSE,13,01451800,0.03180882652130068
GTM_minus_G,NSE,13,04185000,0.043813525167478384
GTM_minus_G,NSE,13,02111180,-0.10168270075759667
GTM_minus_G,NSE,13,01594950,0.03483288303561893
GTM_minus_G,NSE,13,01580000,-0.06521463405329775
GTM_minus_G,NSE,13,03050000,0.0048032801701745065
GTM_minus_G,NSE,13,01632000,0.022022342848244558
GTM_minus_G,NSE,13,04221000,-0.03264835784647224
GTM_minus_G,NSE,13,03021350,-0.012998663855609216
GTM_minus_G,NSE,13,01583500,-0.06353412812144021
GTM_minus_G,NSE,13,02059500,0.0037597583781950883
GTM_minus_G,NSE,13,01666500,0.07496476057689883
GTM_minus_G,NSE,13,03187500,-0.06229300835994922
GTM_minus_G,NSE,13,01181000,0.04618581694133217
GTM_minus_G,NSE,13,01440400,0.08515586561098543
GTM_minus_G,NSE,13,01435000,0.04089986317749594
GTM_minus_G,NSE,13,01144000,0.02066633583999844
GTM_minus_G,NSE,13,02011460,-0.11821305439042296
GTM_minus_G,NSE,13,02143000,-0.06465201812048393
GTM_minus_G,NSE,13,03140000,-0.03150897291846777
GTM_minus_G,NSE,13,01440000,0.07221581409351863
GTM_minus_G,NSE,13,01550000,0.014207286916241402
GTM_minus_G,NSE,13,02077200,-0.04598681126876181
GTM_minus_G,NSE,13,03237500,-0.013385988942193006
GTM_minus_G,NSE,13,02018000,-0.09390442860378367
GTM_minus_G,NSE,13,02013000,-0.04038769211123672
GTM_minus_G,NSE,13,03161000,0.06718694175062401
GTM_minus_G,NSE,13,04197170,-0.0754063251983711
GTM_minus_G,NSE,13,03471500,-0.3626624862466654
GTM_minus_G,NSE,13,01137500,-0.020698190313485076
GTM_minus_G,NSE,13,01052500,0.048407488223375705
GTM_minus_G,NSE,13,02051000,-0.042878778937358475
GTM_minus_G,NSE,13,01057000,0.020371908963400798
GTM_minus_G,NSE,13,03144000,-0.051912020333638176
GTM_minus_G,NSE,13,03078000,-0.004562158273377692
GTM_minus_G,NSE,13,03170000,-0.13690242694507482
GTM_minus_G,NSE,13,02038850,-0.04882118944096503
GTM_minus_G,NSE,13,03241500,-0.057220611574537394
GTM_minus_G,NSE,13,02064000,-0.06488484016484453
GTM_minus_G,NSE,13,02096846,-0.13438716809616602
GTM_minus_G,NSE,13,02055100,-0.016269878544458605
GTM_minus_G,NSE,13,04213075,-0.07626543974377487
GTM_minus_G,NSE,13,01333000,0.05422676439807428
GTM_minus_G,NSE,13,01552500,0.019020772574447675
GTM_minus_G,NSE,13,04115265,0.005066522605872814
GTM_minus_G,NSE,13,03500000,0.05492119274358176
GTM_minus_G,NSE,13,01544500,-0.015216214753774104
GTM_minus_G,NSE,13,02149000,-0.04711832357409651
GTM_minus_G,NSE,13,01552000,-0.013405721903863355
GTM_minus_G,NSE,13,03159540,-0.020233539175242177
GTM_minus_G,NSE,13,01414500,-0.0505718661565846
GTM_minus_G,NSE,13,01542810,-0.04899360611500536
GTM_minus_G,NSE,13,01667500,0.024452355389682046
GTM_minus_G,KGE,17,03456500,0.19027895696866604
GTM_minus_G,KGE,17,03182500,-0.4513740332930597
GTM_minus_G,KGE,17,01539000,0.0876258685298903
GTM_minus_G,KGE,17,01350000,0.08508074637298513
GTM_minus_G,KGE,17,03238500,-0.11654684218840661
GTM_minus_G,KGE,17,01030500,0.050518703332466997
GTM_minus_G,KGE,17,01365000,0.09364906664118167
GTM_minus_G,KGE,17,03460000,-2.2865750500404007
GTM_minus_G,KGE,17,02046000,-0.12421999344926982
GTM_minus_G,KGE,17,03028000,0.015403740664153176
GTM_minus_G,KGE,17,01350080,0.6062485939891715
GTM_minus_G,KGE,17,01484100,0.10361602684020133
GTM_minus_G,KGE,17,02015700,0.02681292593093554
GTM_minus_G,KGE,17,04224775,0.102275656657273
GTM_minus_G,KGE,17,01466500,-0.16665805508248588
GTM_minus_G,KGE,17,02016000,-0.03188439925243547
GTM_minus_G,KGE,17,01134500,0.05739923627789878
GTM_minus_G,KGE,17,01518862,-0.21637407569459344
GTM_minus_G,KGE,17,01545600,-0.02891418532850265
GTM_minus_G,KGE,17,04197100,-0.4960968517332939
GTM_minus_G,KGE,17,01549500,0.022698940536133527
GTM_minus_G,KGE,17,02140991,0.49334134795084195
GTM_minus_G,KGE,17,03049000,0.632235669414448
GTM_minus_G,KGE,17,02111500,0.31493150659877656
GTM_minus_G,KGE,17,03450000,0.6778018092407896
GTM_minus_G,KGE,17,04122200,-0.02945303724549231
GTM_minus_G,KGE,17,02053800,0.03378258724652339
GTM_minus_G,KGE,17,04196800,-0.25010176443264087
GTM_minus_G,KGE,17,02017500,0.11217020061245664
GTM_minus_G,KGE,17,03165000,0.8460915180233699
GTM_minus_G,KGE,17,01543000,-0.23000648764602472
GTM_minus_G,KGE,17,01491000,0.1362291955782181
GTM_minus_G,KGE,17,02051500,0.036070899224713404
GTM_minus_G,KGE,17,02070000,0.12999517978665476
GTM_minus_G,KGE,17,01415000,0.08790868780422056
GTM_minus_G,KGE,17,03011800,0.13820475249112496
GTM_minus_G,KGE,17,02014000,0.11004572605487406
GTM_minus_G,KGE,17,02028500,-0.051504072832256
GTM_minus_G,KGE,17,02056900,0.17527774385229855
GTM_minus_G,KGE,17,01516500,-0.09546592563818757
GTM_minus_G,KGE,17,03213700,0.12444396832264493
GTM_minus_G,KGE,17,01547700,0.015704499044438824
GTM_minus_G,KGE,17,01485500,0.04840822066071526
GTM_minus_G,KGE,17,01632900,0.10838273461691506
GTM_minus_G,KGE,17,02027000,-0.2235825456720747
GTM_minus_G,KGE,17,01078000,-0.21445267966164827
GTM_minus_G,KGE,17,03049800,-0.5757541502765045
GTM_minus_G,KGE,17,01606500,0.13706405252987208
GTM_minus_G,KGE,17,02065500,0.19881339126529418
GTM_minus_G,KGE,17,03164000,0.4137748819444754
GTM_minus_G,KGE,17,02137727,1.0586713168835846
GTM_minus_G,KGE,17,03498500,0.25770613259345665
GTM_minus_G,KGE,17,02069700,0.30720689599675155
GTM_minus_G,KGE,17,03463300,-0.0017659177518719593
GTM_minus_G,KGE,17,03173000,-0.018900627343128806
GTM_minus_G,KGE,17,01532000,-0.17734426049155838
GTM_minus_G,KGE,17,03186500,0.2284426267251266
GTM_minus_G,KGE,17,03488000,-0.07733792436608045
GTM_minus_G,KGE,17,01557500,-0.21437574925270686
GTM_minus_G,KGE,17,01658500,0.019033845382376957
GTM_minus_G,KGE,17,01596500,-0.558359103934586
GTM_minus_G,KGE,17,01644000,0.17717688620707905
GTM_minus_G,KGE,17,04213000,0.41707810149183877
GTM_minus_G,KGE,17,01487000,0.00905430822155795
GTM_minus_G,KGE,17,01669000,0.14062419497386114
GTM_minus_G,KGE,17,01142500,0.009817541515571238
GTM_minus_G,KGE,17,04105700,0.10288931464275974
GTM_minus_G,KGE,17,01413500,0.07992939005196531
GTM_minus_G,KGE,17,01613050,0.0280399630708128
GTM_minus_G,KGE,17,03076600,-0.06899623746000039
GTM_minus_G,KGE,17,01423000,0.08692526364515574
GTM_minus_G,KGE,17,01411300,0.3328263709842284
GTM_minus_G,KGE,17,01139800,-0.11815430299300567
GTM_minus_G,KGE,17,01605500,0.0998079228412565
GTM_minus_G,KGE,17,03066000,0.10154646888133112
GTM_minus_G,KGE,17,03069500,0.07065895523932908
GTM_minus_G,KGE,17,03473000,0.12112414334932464
GTM_minus_G,KGE,17,02081500,0.08813657653015028
GTM_minus_G,KGE,17,01634500,0.11629148658337496
GTM_minus_G,KGE,17,01439500,-0.028173604882148706
GTM_minus_G,KGE,17,03070500,0.1757612814836711
GTM_minus_G,KGE,17,02143040,0.3105604936009141
GTM_minus_G,KGE,17,01055000,-0.098311046144822
GTM_minus_G,KGE,17,02112360,0.5681444589050112
GTM_minus_G,KGE,17,01669520,0.13889281459005975
GTM_minus_G,KGE,17,03180500,0.010363896384733118
GTM_minus_G,KGE,17,01638480,0.15170507706134984
GTM_minus_G,KGE,17,02053200,0.1407304860360794
GTM_minus_G,KGE,17,01169000,0.04445927783017212
GTM_minus_G,KGE,17,01350140,-0.22678255695942162
GTM_minus_G,KGE,17,01591400,0.16900910051751183
GTM_minus_G,KGE,17,01586610,0.31299428838607957
GTM_minus_G,KGE,17,01434025,-0.030163895862011514
GTM_minus_G,KGE,17,03439000,0.03835397516155903
GTM_minus_G,KGE,17,02178400,0.04931850990252462
GTM_minus_G,KGE,17,01664000,0.134544638220216
GTM_minus_G,KGE,17,03015500,0.05886437690313395
GTM_minus_G,KGE,17,04296000,-0.044589543734043335
GTM_minus_G,KGE,17,02112120,0.24723725748890701
GTM_minus_G,KGE,17,02082950,0.06816644143156725
GTM_minus_G,KGE,17,01639500,0.2873459053212283
GTM_minus_G,KGE,17,01047000,0.043204803068045416
GTM_minus_G,KGE,17,02074500,0.05612873327830059
GTM_minus_G,KGE,17,01054200,0.0941929031199693
GTM_minus_G,KGE,17,02177000,0.2575194096777127
GTM_minus_G,KGE,17,03500240,-0.060731289391432686
GTM_minus_G,KGE,17,04233000,-0.1467480471834115
GTM_minus_G,KGE,17,03237280,-0.06951956014769056
GTM_minus_G,KGE,17,01548500,0.5015422006768042
GTM_minus_G,KGE,17,02125000,0.13566479820895605
GTM_minus_G,KGE,17,03479000,0.2736212939018351
GTM_minus_G,KGE,17,02118500,0.196348841076306
GTM_minus_G,KGE,17,01139000,0.2784744122045344
GTM_minus_G,KGE,17,01187300,0.07532186287705178
GTM_minus_G,KGE,17,03504000,-0.047063827097737265
GTM_minus_G,KGE,17,02011400,0.03693570787541045
GTM_minus_G,KGE,17,01568000,0.22259554205909826
GTM_minus_G,KGE,17,01543500,2.5006067164993504
GTM_minus_G,KGE,17,01031500,0.07816950952260204
GTM_minus_G,KGE,17,01567500,0.011726223880710651
GTM_minus_G,KGE,17,02027500,0.18305980865696136
GTM_minus_G,KGE,17,03010655,0.38996859321532285
GTM_minus_G,KGE,17,04216418,-10.50775874019183
GTM_minus_G,KGE,17,02152100,0.20607274033241318
GTM_minus_G,KGE,17,01510000,0.08563954247461147
GTM_minus_G,KGE,17,03026500,0.3568325827276406
GTM_minus_G,KGE,17,02128000,0.09440470735912188
GTM_minus_G,KGE,17,04256000,-0.03642845258023664
GTM_minus_G,KGE,17,01620500,-0.10264556943602565
GTM_minus_G,KGE,17,03455500,0.11594025227468507
GTM_minus_G,KGE,17,01451800,0.6522429073897162
GTM_minus_G,KGE,17,04185000,0.13922846193264227
GTM_minus_G,KGE,17,02111180,0.3414293041499543
GTM_minus_G,KGE,17,01594950,-0.624248816873906
GTM_minus_G,KGE,17,01580000,0.43564296687007764
GTM_minus_G,KGE,17,03050000,0.09216136100059358
GTM_minus_G,KGE,17,01632000,0.15979453422571266
GTM_minus_G,KGE,17,04221000,0.15655427175539516
GTM_minus_G,KGE,17,03021350,0.08257896481051763
GTM_minus_G,KGE,17,01583500,0.29925014651857973
GTM_minus_G,KGE,17,02059500,0.016723932463426627
GTM_minus_G,KGE,17,01666500,0.23475325957732374
GTM_minus_G,KGE,17,03187500,0.18683539370416224
GTM_minus_G,KGE,17,01181000,-0.020438108933456434
GTM_minus_G,KGE,17,01440400,0.0777696333661202
GTM_minus_G,KGE,17,01435000,0.130615850242774
GTM_minus_G,KGE,17,01144000,-0.14829079540815981
GTM_minus_G,KGE,17,02011460,0.09595045374790234
GTM_minus_G,KGE,17,02143000,0.3094538255378694
GTM_minus_G,KGE,17,03140000,0.0025140499797949856
GTM_minus_G,KGE,17,01440000,0.08699719777975012
GTM_minus_G,KGE,17,01550000,0.48374698911489666
GTM_minus_G,KGE,17,02077200,0.04632256315194183
GTM_minus_G,KGE,17,03237500,0.08675809601513362
GTM_minus_G,KGE,17,02018000,0.08642212418199535
GTM_minus_G,KGE,17,02013000,0.10204690148399065
GTM_minus_G,KGE,17,03161000,17.227615018522076
GTM_minus_G,KGE,17,04197170,0.13590549571989818
GTM_minus_G,KGE,17,03471500,0.027802085734050186
GTM_minus_G,KGE,17,01137500,0.03907122291838194
GTM_minus_G,KGE,17,01052500,0.07471491291473886
GTM_minus_G,KGE,17,02051000,-0.03268360134631898
GTM_minus_G,KGE,17,01057000,-0.03633232109447937
GTM_minus_G,KGE,17,03144000,0.009893006658446168
GTM_minus_G,KGE,17,03078000,-0.014610991659383177
GTM_minus_G,KGE,17,03170000,0.13998522402941826
GTM_minus_G,KGE,17,02038850,0.04638863927173609
GTM_minus_G,KGE,17,03241500,-0.11092967448745306
GTM_minus_G,KGE,17,02064000,0.15161306396010543
GTM_minus_G,KGE,17,02096846,0.023474538699863934
GTM_minus_G,KGE,17,02055100,0.17492580719455886
GTM_minus_G,KGE,17,04213075,1.0606943966922362
GTM_minus_G,KGE,17,01333000,-0.018443904261139066
GTM_minus_G,KGE,17,01552500,-0.19296871130840787
GTM_minus_G,KGE,17,04115265,0.07657898836479893
GTM_minus_G,KGE,17,03500000,0.3783255953673792
GTM_minus_G,KGE,17,01544500,-1.1596462668629985
GTM_minus_G,KGE,17,02149000,0.3297368882986572
GTM_minus_G,KGE,17,01552000,1.0356742906809533
GTM_minus_G,KGE,17,03159540,0.12673693651852602
GTM_minus_G,KGE,17,01414500,-0.06447968586342279
GTM_minus_G,KGE,17,01542810,-9.74688805693309
GTM_minus_G,KGE,17,01667500,0.058007356520911824
GTM_minus_G,KGE,11,03456500,-0.3794495679030455
GTM_minus_G,KGE,11,03182500,0.2911986600483014
GTM_minus_G,KGE,11,01539000,0.3106475572982388
GTM_minus_G,KGE,11,01350000,0.052794306805997726
GTM_minus_G,KGE,11,03238500,-0.02480401213104899
GTM_minus_G,KGE,11,01030500,0.0872806115157353
GTM_minus_G,KGE,11,01365000,0.1188784383973871
GTM_minus_G,KGE,11,03460000,-5.237838801482146
GTM_minus_G,KGE,11,02046000,0.014063441149227196
GTM_minus_G,KGE,11,03028000,0.08376644453545012
GTM_minus_G,KGE,11,01350080,-0.9512329770749011
GTM_minus_G,KGE,11,01484100,-0.020542840360174286
GTM_minus_G,KGE,11,02015700,0.08737574447956087
GTM_minus_G,KGE,11,04224775,-0.04227512655580401
GTM_minus_G,KGE,11,01466500,-0.198265516333892
GTM_minus_G,KGE,11,02016000,0.1418703314579146
GTM_minus_G,KGE,11,01134500,0.12570567940052513
GTM_minus_G,KGE,11,01518862,-0.013973334075593424
GTM_minus_G,KGE,11,01545600,0.12719137551028736
GTM_minus_G,KGE,11,04197100,0.6141452010216477
GTM_minus_G,KGE,11,01549500,0.33013780320560415
GTM_minus_G,KGE,11,02140991,-0.42339427257063067
GTM_minus_G,KGE,11,03049000,-0.061061270082636177
GTM_minus_G,KGE,11,02111500,-0.1432255687214936
GTM_minus_G,KGE,11,03450000,0.6444247660980515
GTM_minus_G,KGE,11,04122200,-0.05808166860890507
GTM_minus_G,KGE,11,02053800,0.02089394725232141
GTM_minus_G,KGE,11,04196800,-0.010650542294585508
GTM_minus_G,KGE,11,02017500,0.08680660508516302
GTM_minus_G,KGE,11,03165000,-0.035960061726901804
GTM_minus_G,KGE,11,01543000,-0.04446114410644997
GTM_minus_G,KGE,11,01491000,0.09536630005387758
GTM_minus_G,KGE,11,02051500,0.07062195572130148
GTM_minus_G,KGE,11,02070000,0.0034957951063059323
GTM_minus_G,KGE,11,01415000,-0.05625289208309092
GTM_minus_G,KGE,11,03011800,-0.2503510882214104
GTM_minus_G,KGE,11,02014000,0.07129544250485864
GTM_minus_G,KGE,11,02028500,-0.05090946517337269
GTM_minus_G,KGE,11,02056900,0.07611685469882812
GTM_minus_G,KGE,11,01516500,-0.03311893535891841
GTM_minus_G,KGE,11,03213700,-0.07747787444336063
GTM_minus_G,KGE,11,01547700,-0.034643722789396425
GTM_minus_G,KGE,11,01485500,0.10869568739657087
GTM_minus_G,KGE,11,01632900,0.08814375636685745
GTM_minus_G,KGE,11,02027000,0.005627997340634794
GTM_minus_G,KGE,11,01078000,-0.03100452500728823
GTM_minus_G,KGE,11,03049800,-0.343403928823915
GTM_minus_G,KGE,11,01606500,0.04572108639387873
GTM_minus_G,KGE,11,02065500,0.07897920970399042
GTM_minus_G,KGE,11,03164000,-0.05174105908632021
GTM_minus_G,KGE,11,02137727,-0.7573875865097712
GTM_minus_G,KGE,11,03498500,-0.4280844901985972
GTM_minus_G,KGE,11,02069700,-0.02242203134604226
GTM_minus_G,KGE,11,03463300,-0.06732064058767262
GTM_minus_G,KGE,11,03173000,0.09360720513814713
GTM_minus_G,KGE,11,01532000,0.014876367010915548
GTM_minus_G,KGE,11,03186500,0.04854238165632663
GTM_minus_G,KGE,11,03488000,-0.09122822581994039
GTM_minus_G,KGE,11,01557500,-0.711177510725457
GTM_minus_G,KGE,11,01658500,-0.007786812634987927
GTM_minus_G,KGE,11,01596500,-0.44629325056648717
GTM_minus_G,KGE,11,01644000,-0.029723784875478332
GTM_minus_G,KGE,11,04213000,0.22841932317842428
GTM_minus_G,KGE,11,01487000,-0.039909744849305206
GTM_minus_G,KGE,11,01669000,-0.008511161537284373
GTM_minus_G,KGE,11,01142500,0.12385068528698495
GTM_minus_G,KGE,11,04105700,0.1538197785231452
GTM_minus_G,KGE,11,01413500,-0.14440010100770295
GTM_minus_G,KGE,11,01613050,-0.023763335848883127
GTM_minus_G,KGE,11,03076600,0.20415138841084923
GTM_minus_G,KGE,11,01423000,0.13472341503195373
GTM_minus_G,KGE,11,01411300,0.0992017410913274
GTM_minus_G,KGE,11,01139800,0.166252791402133
GTM_minus_G,KGE,11,01605500,0.09681370978414794
GTM_minus_G,KGE,11,03066000,-0.014504307339227362
GTM_minus_G,KGE,11,03069500,0.04228625271991604
GTM_minus_G,KGE,11,03473000,-0.07659784228562017
GTM_minus_G,KGE,11,02081500,0.08772419300436263
GTM_minus_G,KGE,11,01634500,0.04359083611931147
GTM_minus_G,KGE,11,01439500,0.17750436490873656
GTM_minus_G,KGE,11,03070500,-0.05414022230581228
GTM_minus_G,KGE,11,02143040,-0.5341091238106113
GTM_minus_G,KGE,11,01055000,0.043842873356250256
GTM_minus_G,KGE,11,02112360,-0.12457709609355583
GTM_minus_G,KGE,11,01669520,0.023439285646387642
GTM_minus_G,KGE,11,03180500,-0.24936889979081667
GTM_minus_G,KGE,11,01638480,0.043097958161361305
GTM_minus_G,KGE,11,02053200,0.05339560734813187
GTM_minus_G,KGE,11,01169000,0.18434929158459967
GTM_minus_G,KGE,11,01350140,-0.16436601389987504
GTM_minus_G,KGE,11,01591400,0.031076713229088115
GTM_minus_G,KGE,11,01586610,-0.031362346288406395
GTM_minus_G,KGE,11,01434025,-0.06745363230137635
GTM_minus_G,KGE,11,03439000,-0.2074824260080287
GTM_minus_G,KGE,11,02178400,-0.19481615259091856
GTM_minus_G,KGE,11,01664000,0.01741346555899015
GTM_minus_G,KGE,11,03015500,0.06179448030980894
GTM_minus_G,KGE,11,04296000,0.15073654746749243
GTM_minus_G,KGE,11,02112120,-0.054979779510923366
GTM_minus_G,KGE,11,02082950,0.002211296406888996
GTM_minus_G,KGE,11,01639500,0.03312877134062475
GTM_minus_G,KGE,11,01047000,0.15223473674164634
GTM_minus_G,KGE,11,02074500,-0.009684982436275469
GTM_minus_G,KGE,11,01054200,0.06093462800099814
GTM_minus_G,KGE,11,02177000,-0.2289254283534461
GTM_minus_G,KGE,11,03500240,-0.9524200158983973
GTM_minus_G,KGE,11,04233000,-0.2666052760442341
GTM_minus_G,KGE,11,03237280,0.1998029618094065
GTM_minus_G,KGE,11,01548500,-0.1101166102475244
GTM_minus_G,KGE,11,02125000,0.028406219453871673
GTM_minus_G,KGE,11,03479000,-0.3493264818400268
GTM_minus_G,KGE,11,02118500,0.015105816539878858
GTM_minus_G,KGE,11,01139000,-0.04203560402018458
GTM_minus_G,KGE,11,01187300,0.14701128293329047
GTM_minus_G,KGE,11,03504000,-0.11758724243898633
GTM_minus_G,KGE,11,02011400,0.03304907839465265
GTM_minus_G,KGE,11,01568000,0.01814119883541032
GTM_minus_G,KGE,11,01543500,-5.549096036036999
GTM_minus_G,KGE,11,01031500,0.09627209557147276
GTM_minus_G,KGE,11,01567500,0.07763161384561779
GTM_minus_G,KGE,11,02027500,-0.02146955162299813
GTM_minus_G,KGE,11,03010655,0.538739379389997
GTM_minus_G,KGE,11,04216418,-10.940866438656574
GTM_minus_G,KGE,11,02152100,-0.020860976850131663
GTM_minus_G,KGE,11,01510000,-0.08358758471458538
GTM_minus_G,KGE,11,03026500,-0.465519255130882
GTM_minus_G,KGE,11,02128000,-0.045204051855430305
GTM_minus_G,KGE,11,04256000,0.04215310609340128
GTM_minus_G,KGE,11,01620500,0.1996501513645833
GTM_minus_G,KGE,11,03455500,0.02110927378678107
GTM_minus_G,KGE,11,01451800,0.07380769251109232
GTM_minus_G,KGE,11,04185000,0.10583901374226468
GTM_minus_G,KGE,11,02111180,-0.30148102649682273
GTM_minus_G,KGE,11,01594950,0.4725659811063462
GTM_minus_G,KGE,11,01580000,-0.028039447729029443
GTM_minus_G,KGE,11,03050000,-0.43841246534780653
GTM_minus_G,KGE,11,01632000,0.12112917681874891
GTM_minus_G,KGE,11,04221000,0.09791362715564267
GTM_minus_G,KGE,11,03021350,0.0544596427959495
GTM_minus_G,KGE,11,01583500,0.011157837384480063
GTM_minus_G,KGE,11,02059500,0.0518635416528187
GTM_minus_G,KGE,11,01666500,0.08625549027474477
GTM_minus_G,KGE,11,03187500,0.023570925480338345
GTM_minus_G,KGE,11,01181000,0.2889826022241101
GTM_minus_G,KGE,11,01440400,0.3015984043086556
GTM_minus_G,KGE,11,01435000,0.10694170452418716
GTM_minus_G,KGE,11,01144000,0.05444382154370142
GTM_minus_G,KGE,11,02011460,-0.12837495767430251
GTM_minus_G,KGE,11,02143000,-0.15899870785053405
GTM_minus_G,KGE,11,03140000,0.07368865222289034
GTM_minus_G,KGE,11,01440000,0.26916363514383623
GTM_minus_G,KGE,11,01550000,-0.2833813566664718
GTM_minus_G,KGE,11,02077200,-0.04996551653548087
GTM_minus_G,KGE,11,03237500,0.07534469913065689
GTM_minus_G,KGE,11,02018000,0.0008544738139850683
GTM_minus_G,KGE,11,02013000,-0.026049405425715322
GTM_minus_G,KGE,11,03161000,-9.22598825368279
GTM_minus_G,KGE,11,04197170,0.22689277298937272
GTM_minus_G,KGE,11,03471500,-0.16346890912878087
GTM_minus_G,KGE,11,01137500,0.0372594394854453
GTM_minus_G,KGE,11,01052500,0.04967336619209117
GTM_minus_G,KGE,11,02051000,0.0009885456891509659
GTM_minus_G,KGE,11,01057000,0.06457320494633945
GTM_minus_G,KGE,11,03144000,0.24673501196839587
GTM_minus_G,KGE,11,03078000,0.10047146371769011
GTM_minus_G,KGE,11,03170000,-0.013422888284903012
GTM_minus_G,KGE,11,02038850,0.018264235033592424
GTM_minus_G,KGE,11,03241500,0.36568115871817086
GTM_minus_G,KGE,11,02064000,0.04142676608956586
GTM_minus_G,KGE,11,02096846,-0.032131949349158084
GTM_minus_G,KGE,11,02055100,0.1655672625618072
GTM_minus_G,KGE,11,04213075,-1.1693479917875589
GTM_minus_G,KGE,11,01333000,0.18097419527979763
GTM_minus_G,KGE,11,01552500,0.017879213551494577
GTM_minus_G,KGE,11,04115265,0.12242606446913629
GTM_minus_G,KGE,11,03500000,-0.5082990289015675
GTM_minus_G,KGE,11,01544500,-0.4904260165749905
GTM_minus_G,KGE,11,02149000,-0.19136777568592744
GTM_minus_G,KGE,11,01552000,0.5502578173631093
GTM_minus_G,KGE,11,03159540,0.03848954980832264
GTM_minus_G,KGE,11,01414500,-0.08225371041778196
GTM_minus_G,KGE,11,01542810,5.496436578207527
GTM_minus_G,KGE,11,01667500,0.024388845285550853
GTM_minus_G,KGE,13,03456500,0.20429315903990675
GTM_minus_G,KGE,13,03182500,-0.2116707192548527
GTM_minus_G,KGE,13,01539000,0.13596928319244383
GTM_minus_G,KGE,13,01350000,0.06998943781109412
GTM_minus_G,KGE,13,03238500,-0.1295741015130879
GTM_minus_G,KGE,13,01030500,-0.3316554052969015
GTM_minus_G,KGE,13,01365000,0.14451666488992576
GTM_minus_G,KGE,13,03460000,-3.4959181792639007
GTM_minus_G,KGE,13,02046000,-0.0334193404886437
GTM_minus_G,KGE,13,03028000,0.17396335207763947
GTM_minus_G,KGE,13,01350080,-0.8974710431110893
GTM_minus_G,KGE,13,01484100,-0.07545202277186092
GTM_minus_G,KGE,13,02015700,0.07547673771604957
GTM_minus_G,KGE,13,04224775,0.0697586188896877
GTM_minus_G,KGE,13,01466500,-0.22134475802413245
GTM_minus_G,KGE,13,02016000,-0.012033919069320831
GTM_minus_G,KGE,13,01134500,0.09880343834291039
GTM_minus_G,KGE,13,01518862,-0.02523815565380716
GTM_minus_G,KGE,13,01545600,-0.2849458036694804
GTM_minus_G,KGE,13,04197100,0.07179541119673549
GTM_minus_G,KGE,13,01549500,-0.39207298335463425
GTM_minus_G,KGE,13,02140991,-0.08728008099950224
GTM_minus_G,KGE,13,03049000,0.007751619038097068
GTM_minus_G,KGE,13,02111500,-0.10700016045480165
GTM_minus_G,KGE,13,03450000,2.3019244700569335
GTM_minus_G,KGE,13,04122200,-0.1149498537603969
GTM_minus_G,KGE,13,02053800,-0.0758653133560715
GTM_minus_G,KGE,13,04196800,0.17516300848023247
GTM_minus_G,KGE,13,02017500,-0.0022821067826646058
GTM_minus_G,KGE,13,03165000,0.018958815831015774
GTM_minus_G,KGE,13,01543000,-0.4413236921964907
GTM_minus_G,KGE,13,01491000,-0.057631936133078376
GTM_minus_G,KGE,13,02051500,-0.04603023808411
GTM_minus_G,KGE,13,02070000,0.007718344835139446
GTM_minus_G,KGE,13,01415000,0.13304745887375802
GTM_minus_G,KGE,13,03011800,0.3978047017599855
GTM_minus_G,KGE,13,02014000,0.027823029506898522
GTM_minus_G,KGE,13,02028500,0.05217153222113391
GTM_minus_G,KGE,13,02056900,-0.005805449050166223
GTM_minus_G,KGE,13,01516500,-0.05090175417811216
GTM_minus_G,KGE,13,03213700,-0.0023417810624668522
GTM_minus_G,KGE,13,01547700,0.11725687419892872
GTM_minus_G,KGE,13,01485500,-0.07644820614701231
GTM_minus_G,KGE,13,01632900,0.04556292327792022
GTM_minus_G,KGE,13,02027000,0.024791619123420205
GTM_minus_G,KGE,13,01078000,0.11308849830260748
GTM_minus_G,KGE,13,03049800,0.26164462928166976
GTM_minus_G,KGE,13,01606500,0.03672039807843264
GTM_minus_G,KGE,13,02065500,0.062411809913344496
GTM_minus_G,KGE,13,03164000,0.05422380007640637
GTM_minus_G,KGE,13,02137727,0.058798370044018
GTM_minus_G,KGE,13,03498500,-0.032851694694736144
GTM_minus_G,KGE,13,02069700,-0.0671874422715405
GTM_minus_G,KGE,13,03463300,-0.03691502674739933
GTM_minus_G,KGE,13,03173000,-0.011021924334631228
GTM_minus_G,KGE,13,01532000,0.03127557354753485
GTM_minus_G,KGE,13,03186500,0.08306993711956334
GTM_minus_G,KGE,13,03488000,-0.07262703636397994
GTM_minus_G,KGE,13,01557500,1.0120329200027136
GTM_minus_G,KGE,13,01658500,-0.05319619830608935
GTM_minus_G,KGE,13,01596500,0.3556353562426773
GTM_minus_G,KGE,13,01644000,-0.026187680268093372
GTM_minus_G,KGE,13,04213000,0.002500495159146632
GTM_minus_G,KGE,13,01487000,-0.07247804263565127
GTM_minus_G,KGE,13,01669000,-0.003917328554350896
GTM_minus_G,KGE,13,01142500,0.22353082467500762
GTM_minus_G,KGE,13,04105700,0.16568924120173334
GTM_minus_G,KGE,13,01413500,0.014129837821429625
GTM_minus_G,KGE,13,01613050,-0.20381057547261594
GTM_minus_G,KGE,13,03076600,0.1022063430740755
GTM_minus_G,KGE,13,01423000,0.09212743176040161
GTM_minus_G,KGE,13,01411300,-0.013917444085831954
GTM_minus_G,KGE,13,01139800,0.03756751758894172
GTM_minus_G,KGE,13,01605500,0.15909682865772412
GTM_minus_G,KGE,13,03066000,0.03068383474981007
GTM_minus_G,KGE,13,03069500,-0.08911679549022034
GTM_minus_G,KGE,13,03473000,-0.006051321304056723
GTM_minus_G,KGE,13,02081500,0.025968065612937075
GTM_minus_G,KGE,13,01634500,-0.03563009285471541
GTM_minus_G,KGE,13,01439500,0.035375137356624675
GTM_minus_G,KGE,13,03070500,-0.06477289021857069
GTM_minus_G,KGE,13,02143040,-0.5458764700214016
GTM_minus_G,KGE,13,01055000,-0.03139756806798866
GTM_minus_G,KGE,13,02112360,-0.1700791678979443
GTM_minus_G,KGE,13,01669520,-0.017425728447458155
GTM_minus_G,KGE,13,03180500,0.07655466801118183
GTM_minus_G,KGE,13,01638480,-0.024543088696753257
GTM_minus_G,KGE,13,02053200,0.10616339073486314
GTM_minus_G,KGE,13,01169000,0.10566336425413603
GTM_minus_G,KGE,13,01350140,0.3529719808420355
GTM_minus_G,KGE,13,01591400,-0.019777731346342864
GTM_minus_G,KGE,13,01586610,-0.012821186734657153
GTM_minus_G,KGE,13,01434025,-0.07101595012516992
GTM_minus_G,KGE,13,03439000,-0.11709993360382487
GTM_minus_G,KGE,13,02178400,-0.08645285846734463
GTM_minus_G,KGE,13,01664000,-0.05886607880832706
GTM_minus_G,KGE,13,03015500,-0.1295061804583698
GTM_minus_G,KGE,13,04296000,0.24647097141835705
GTM_minus_G,KGE,13,02112120,-0.08574440732908761
GTM_minus_G,KGE,13,02082950,0.01578853604636743
GTM_minus_G,KGE,13,01639500,0.01205397951933107
GTM_minus_G,KGE,13,01047000,0.025018903357432953
GTM_minus_G,KGE,13,02074500,-0.02396241196783855
GTM_minus_G,KGE,13,01054200,0.03616008687651917
GTM_minus_G,KGE,13,02177000,-0.0019786384187381323
GTM_minus_G,KGE,13,03500240,-0.1749960065485212
GTM_minus_G,KGE,13,04233000,0.3963364658085018
GTM_minus_G,KGE,13,03237280,0.05049098539269603
GTM_minus_G,KGE,13,01548500,0.36991433345341007
GTM_minus_G,KGE,13,02125000,-0.03472410432716844
GTM_minus_G,KGE,13,03479000,0.1545080860855701
GTM_minus_G,KGE,13,02118500,-0.01476099957113819
GTM_minus_G,KGE,13,01139000,0.294139159233026
GTM_minus_G,KGE,13,01187300,0.1476229058225994
GTM_minus_G,KGE,13,03504000,-0.0469890305737628
GTM_minus_G,KGE,13,02011400,0.01958794372638384
GTM_minus_G,KGE,13,01568000,0.12439131060846509
GTM_minus_G,KGE,13,01543500,-6.346256151480633
GTM_minus_G,KGE,13,01031500,0.07040633309842526
GTM_minus_G,KGE,13,01567500,0.01847918088206635
GTM_minus_G,KGE,13,02027500,-0.11234496823556928
GTM_minus_G,KGE,13,03010655,1.1286620756953294
GTM_minus_G,KGE,13,04216418,0.7945570728755591
GTM_minus_G,KGE,13,02152100,-0.08850572360507125
GTM_minus_G,KGE,13,01510000,0.025855291360068033
GTM_minus_G,KGE,13,03026500,0.22794112176503423
GTM_minus_G,KGE,13,02128000,0.02963378347360779
GTM_minus_G,KGE,13,04256000,0.06985812079275411
GTM_minus_G,KGE,13,01620500,0.2543799458891184
GTM_minus_G,KGE,13,03455500,0.08418265250726331
GTM_minus_G,KGE,13,01451800,0.25089946987166345
GTM_minus_G,KGE,13,04185000,-0.01745228877403726
GTM_minus_G,KGE,13,02111180,-0.2078184492201669
GTM_minus_G,KGE,13,01594950,0.1632736178798524
GTM_minus_G,KGE,13,01580000,-0.22321304643539552
GTM_minus_G,KGE,13,03050000,0.0018592501611898182
GTM_minus_G,KGE,13,01632000,0.09006907773865636
GTM_minus_G,KGE,13,04221000,0.1270123080037493
GTM_minus_G,KGE,13,03021350,0.023026564977809527
GTM_minus_G,KGE,13,01583500,-0.05592802975220601
GTM_minus_G,KGE,13,02059500,0.012645832323407658
GTM_minus_G,KGE,13,01666500,-0.06293352124134666
GTM_minus_G,KGE,13,03187500,-0.001436995080270509
GTM_minus_G,KGE,13,01181000,0.13917696196229834
GTM_minus_G,KGE,13,01440400,0.21233350312321397
GTM_minus_G,KGE,13,01435000,0.11223138461016946
GTM_minus_G,KGE,13,01144000,0.006617855512031645
GTM_minus_G,KGE,13,02011460,0.24515562652830558
GTM_minus_G,KGE,13,02143000,-0.0857794744469853
GTM_minus_G,KGE,13,03140000,0.06524464168395905
GTM_minus_G,KGE,13,01440000,0.16950489759019116
GTM_minus_G,KGE,13,01550000,-0.6861737212440646
GTM_minus_G,KGE,13,02077200,-0.028976499419906876
GTM_minus_G,KGE,13,03237500,-0.04913735069554137
GTM_minus_G,KGE,13,02018000,-0.03629811331681676
GTM_minus_G,KGE,13,02013000,-0.02681050339759905
GTM_minus_G,KGE,13,03161000,-5.763108601099361
GTM_minus_G,KGE,13,04197170,-0.014673455963895465
GTM_minus_G,KGE,13,03471500,-0.101204146530258
GTM_minus_G,KGE,13,01137500,-0.046865974852291936
GTM_minus_G,KGE,13,01052500,0.027702590749887124
GTM_minus_G,KGE,13,02051000,-0.03308091903406385
GTM_minus_G,KGE,13,01057000,0.05231301759610629
GTM_minus_G,KGE,13,03144000,0.014065941768818147
GTM_minus_G,KGE,13,03078000,0.16016515281918964
GTM_minus_G,KGE,13,03170000,-0.01186078224733178
GTM_minus_G,KGE,13,02038850,0.027567947276786464
GTM_minus_G,KGE,13,03241500,-0.0012278818844735362
GTM_minus_G,KGE,13,02064000,-0.03419882373993843
GTM_minus_G,KGE,13,02096846,-0.02974700547359377
GTM_minus_G,KGE,13,02055100,0.12910578509933623
GTM_minus_G,KGE,13,04213075,1.6423609302107924
GTM_minus_G,KGE,13,01333000,0.16889559587755343
GTM_minus_G,KGE,13,01552500,0.1838555793815141
GTM_minus_G,KGE,13,04115265,0.07638025709875174
GTM_minus_G,KGE,13,03500000,0.033140496103499895
GTM_minus_G,KGE,13,01544500,0.05033504380343401
GTM_minus_G,KGE,13,02149000,-0.10144436305187288
GTM_minus_G,KGE,13,01552000,0.3339670291136069
GTM_minus_G,KGE,13,03159540,-0.024830416908256603
GTM_minus_G,KGE,13,01414500,-0.028370742704661556
GTM_minus_G,KGE,13,01542810,18.37997914327374
GTM_minus_G,KGE,13,01667500,-0.018172485893216406
GTM_minus_G,logNSE,17,03456500,0.07476728638532837
GTM_minus_G,logNSE,17,01539000,-0.041208629552089704
GTM_minus_G,logNSE,17,01350000,0.0171197950348837
GTM_minus_G,logNSE,17,01030500,0.03329536954210066
GTM_minus_G,logNSE,17,01365000,-0.019636804669781238
GTM_minus_G,logNSE,17,03460000,-0.03838644639622357
GTM_minus_G,logNSE,17,03028000,-0.006915844117220127
GTM_minus_G,logNSE,17,01350080,0.01943896042161586
GTM_minus_G,logNSE,17,01134500,-0.033228611839219435
GTM_minus_G,logNSE,17,01543000,-0.0018262922076315302
GTM_minus_G,logNSE,17,01415000,0.02564635194727749
GTM_minus_G,logNSE,17,03011800,0.009352141786123314
GTM_minus_G,logNSE,17,01078000,-0.0688003354584088
GTM_minus_G,logNSE,17,03463300,-0.10672219908181224
GTM_minus_G,logNSE,17,03186500,0.018265276996744628
GTM_minus_G,logNSE,17,04213000,0.10283496254682167
GTM_minus_G,logNSE,17,01142500,-0.023055262097277707
GTM_minus_G,logNSE,17,01413500,0.013922360874920492
GTM_minus_G,logNSE,17,03076600,-0.0457566736573054
GTM_minus_G,logNSE,17,01423000,0.026341942872052715
GTM_minus_G,logNSE,17,01139800,-0.1816751220869145
GTM_minus_G,logNSE,17,03066000,-0.04514622170030913
GTM_minus_G,logNSE,17,03069500,0.0035335339547718503
GTM_minus_G,logNSE,17,01439500,0.0023374145709578187
GTM_minus_G,logNSE,17,03070500,-0.0063144124338624374
GTM_minus_G,logNSE,17,01055000,-0.028983056939543284
GTM_minus_G,logNSE,17,03180500,-0.01937409743929197
GTM_minus_G,logNSE,17,01169000,-0.091679349600988
GTM_minus_G,logNSE,17,01350140,0.051476389331106986
GTM_minus_G,logNSE,17,01434025,-0.060497513500131106
GTM_minus_G,logNSE,17,03439000,0.09346499147279885
GTM_minus_G,logNSE,17,02178400,0.1075996747095106
GTM_minus_G,logNSE,17,03015500,-0.037663030264419084
GTM_minus_G,logNSE,17,04296000,-0.024885905332575065
GTM_minus_G,logNSE,17,01047000,0.025893928368954655
GTM_minus_G,logNSE,17,01054200,-0.040876858645402026
GTM_minus_G,logNSE,17,02177000,0.23315730208205487
GTM_minus_G,logNSE,17,03500240,-0.025220838051306815
GTM_minus_G,logNSE,17,01139000,0.005734640881923991
GTM_minus_G,logNSE,17,01187300,-0.029819414341389572
GTM_minus_G,logNSE,17,03504000,0.0007306750816787888
GTM_minus_G,logNSE,17,01543500,-0.030385768051027107
GTM_minus_G,logNSE,17,01031500,-0.04108609775386585
GTM_minus_G,logNSE,17,01510000,-0.05411476131586768
GTM_minus_G,logNSE,17,03026500,-0.0883195516034172
GTM_minus_G,logNSE,17,04256000,-0.02016186704220868
GTM_minus_G,logNSE,17,03455500,0.10139963774344474
GTM_minus_G,logNSE,17,01451800,-0.08924167002593808
GTM_minus_G,logNSE,17,01594950,-0.053251160054037294
GTM_minus_G,logNSE,17,03050000,0.06429021151542136
GTM_minus_G,logNSE,17,03021350,-0.06883972326806631
GTM_minus_G,logNSE,17,03187500,-0.027354061195641877
GTM_minus_G,logNSE,17,01181000,-0.013730393043641875
GTM_minus_G,logNSE,17,01440400,0.03682430785611723
GTM_minus_G,logNSE,17,01435000,-0.057850369399879975
GTM_minus_G,logNSE,17,01144000,0.011644173650589229
GTM_minus_G,logNSE,17,01440000,-0.02481256201139681
GTM_minus_G,logNSE,17,01137500,-0.08446265885253434
GTM_minus_G,logNSE,17,01052500,-0.02813778718058657
GTM_minus_G,logNSE,17,01057000,-0.07340130893560115
GTM_minus_G,logNSE,17,03078000,-0.048257036585703794
GTM_minus_G,logNSE,17,04213075,0.050130662650521796
GTM_minus_G,logNSE,17,01333000,-0.027347566369018028
GTM_minus_G,logNSE,17,01552500,-0.0829892905166153
GTM_minus_G,logNSE,17,03500000,0.061930769363970795
GTM_minus_G,logNSE,17,01552000,0.04280924785843365
GTM_minus_G,logNSE,17,01414500,-0.047989042909682866
GTM_minus_G,logNSE,11,03456500,-0.2528440264117787
GTM_minus_G,logNSE,11,01539000,-0.017934016409635545
GTM_minus_G,logNSE,11,01350000,0.014453863494338637
GTM_minus_G,logNSE,11,01030500,0.051696324223555634
GTM_minus_G,logNSE,11,01365000,-0.06587044151579968
GTM_minus_G,logNSE,11,03460000,-0.13666293392819917
GTM_minus_G,logNSE,11,03028000,0.019786274794090453
GTM_minus_G,logNSE,11,01350080,-0.048642173186540516
GTM_minus_G,logNSE,11,01134500,0.01760468864961151
GTM_minus_G,logNSE,11,01543000,-0.009764938653647137
GTM_minus_G,logNSE,11,01415000,-0.04177867325620599
GTM_minus_G,logNSE,11,03011800,-0.07664237851499056
GTM_minus_G,logNSE,11,01078000,0.042911324197905554
GTM_minus_G,logNSE,11,03463300,-0.20074868007901003
GTM_minus_G,logNSE,11,03186500,0.0026170044538675885
GTM_minus_G,logNSE,11,04213000,0.026366945432789612
GTM_minus_G,logNSE,11,01142500,0.0857321148049065
GTM_minus_G,logNSE,11,01413500,0.011808125906406564
GTM_minus_G,logNSE,11,03076600,-0.04822901234933252
GTM_minus_G,logNSE,11,01423000,0.03843791145068909
GTM_minus_G,logNSE,11,01139800,-0.06985077804609063
GTM_minus_G,logNSE,11,03066000,-0.0688437663808612
GTM_minus_G,logNSE,11,03069500,-0.052588169536591955
GTM_minus_G,logNSE,11,01439500,0.04989498182208196
GTM_minus_G,logNSE,11,03070500,-0.034157976641118415
GTM_minus_G,logNSE,11,01055000,-0.019514300780405502
GTM_minus_G,logNSE,11,03180500,-0.11378703578577165
GTM_minus_G,logNSE,11,01169000,0.040164669725920366
GTM_minus_G,logNSE,11,01350140,0.03023692502120312
GTM_minus_G,logNSE,11,01434025,0.0066752515223664766
GTM_minus_G,logNSE,11,03439000,-0.19724999883985428
GTM_minus_G,logNSE,11,02178400,-0.1723201915479562
GTM_minus_G,logNSE,11,03015500,0.016353483614002795
GTM_minus_G,logNSE,11,04296000,-0.014552056719799644
GTM_minus_G,logNSE,11,01047000,0.056341826309533216
GTM_minus_G,logNSE,11,01054200,0.01434430895608918
GTM_minus_G,logNSE,11,02177000,-0.18721698100069917
GTM_minus_G,logNSE,11,03500240,-0.16676687769938703
GTM_minus_G,logNSE,11,01139000,0.004237803010358809
GTM_minus_G,logNSE,11,01187300,-0.043786997591239385
GTM_minus_G,logNSE,11,03504000,-0.1229242985521618
GTM_minus_G,logNSE,11,01543500,-0.0038625097019715504
GTM_minus_G,logNSE,11,01031500,0.026271509229964685
GTM_minus_G,logNSE,11,01510000,-0.036353360871736906
GTM_minus_G,logNSE,11,03026500,-0.04139684967990698
GTM_minus_G,logNSE,11,04256000,0.013391708898970345
GTM_minus_G,logNSE,11,03455500,-0.0015156430107869934
GTM_minus_G,logNSE,11,01451800,-0.04647581607239315
GTM_minus_G,logNSE,11,01594950,-0.019127204266046194
GTM_minus_G,logNSE,11,03050000,-0.0045881651298644854
GTM_minus_G,logNSE,11,03021350,0.019260390806544292
GTM_minus_G,logNSE,11,03187500,-0.060844519083711135
GTM_minus_G,logNSE,11,01181000,0.06120539064014563
GTM_minus_G,logNSE,11,01440400,0.05032255069054936
GTM_minus_G,logNSE,11,01435000,0.056445201931461075
GTM_minus_G,logNSE,11,01144000,0.07078667250042958
GTM_minus_G,logNSE,11,01440000,-0.005172173978915784
GTM_minus_G,logNSE,11,01137500,0.0036224440329885033
GTM_minus_G,logNSE,11,01052500,-0.017406309172851908
GTM_minus_G,logNSE,11,01057000,0.017495898903196472
GTM_minus_G,logNSE,11,03078000,-0.04980852377174816
GTM_minus_G,logNSE,11,04213075,0.21334944368578457
GTM_minus_G,logNSE,11,01333000,0.08378432383411716
GTM_minus_G,logNSE,11,01552500,-0.010028892340550044
GTM_minus_G,logNSE,11,03500000,-0.19500134439982586
GTM_minus_G,logNSE,11,01552000,-0.0020369019705293034
GTM_minus_G,logNSE,11,01414500,0.009337253166771808
GTM_minus_G,logNSE,13,03456500,0.05649727554194883
GTM_minus_G,logNSE,13,01539000,-0.009844855600371405
GTM_minus_G,logNSE,13,01350000,0.027847042643816655
GTM_minus_G,logNSE,13,01030500,-0.029708450556082067
GTM_minus_G,logNSE,13,01365000,0.032031997885433094
GTM_minus_G,logNSE,13,03460000,-0.09860736662905212
GTM_minus_G,logNSE,13,03028000,0.013501371880661583
GTM_minus_G,logNSE,13,01350080,-0.014820178418885832
GTM_minus_G,logNSE,13,01134500,0.030583279690362897
GTM_minus_G,logNSE,13,01543000,-0.04412328792574449
GTM_minus_G,logNSE,13,01415000,-0.020272256996007654
GTM_minus_G,logNSE,13,03011800,0.03835376014632452
GTM_minus_G,logNSE,13,01078000,0.05558201721278233
GTM_minus_G,logNSE,13,03463300,-0.1488863612930883
GTM_minus_G,logNSE,13,03186500,-0.024874327078768577
GTM_minus_G,logNSE,13,04213000,0.0012500318532089327
GTM_minus_G,logNSE,13,01142500,0.10572285759095112
GTM_minus_G,logNSE,13,01413500,-0.011882052211435568
GTM_minus_G,logNSE,13,03076600,-0.060477952456523876
GTM_minus_G,logNSE,13,01423000,0.007810122282587484
GTM_minus_G,logNSE,13,01139800,-0.10456021165636609
GTM_minus_G,logNSE,13,03066000,-0.061795765577578265
GTM_minus_G,logNSE,13,03069500,-0.021536957461090966
GTM_minus_G,logNSE,13,01439500,0.08746554585606992
GTM_minus_G,logNSE,13,03070500,0.003808385563391359
GTM_minus_G,logNSE,13,01055000,-0.06275554192545829
GTM_minus_G,logNSE,13,03180500,-0.04240124771807641
GTM_minus_G,logNSE,13,01169000,0.02851384394210421
GTM_minus_G,logNSE,13,01350140,0.07896717620488114
GTM_minus_G,logNSE,13,01434025,-0.07848778219944008
GTM_minus_G,logNSE,13,03439000,-0.15398025084135503
GTM_minus_G,logNSE,13,02178400,-0.033122936736319386
GTM_minus_G,logNSE,13,03015500,-0.008919845705741891
GTM_minus_G,logNSE,13,04296000,0.023108026923513436
GTM_minus_G,logNSE,13,01047000,0.028148199210639158
GTM_minus_G,logNSE,13,01054200,-0.019795987356583056
GTM_minus_G,logNSE,13,02177000,-0.044236540157225224
GTM_minus_G,logNSE,13,03500240,-0.08726900676564742
GTM_minus_G,logNSE,13,01139000,0.039328790787213186
GTM_minus_G,logNSE,13,01187300,-0.10472296599027509
GTM_minus_G,logNSE,13,03504000,0.009331462418098457
GTM_minus_G,logNSE,13,01543500,-0.03252304093953651
GTM_minus_G,logNSE,13,01031500,0.03726007280403931
GTM_minus_G,logNSE,13,01510000,0.019195008339745856
GTM_minus_G,logNSE,13,03026500,-0.08219403909986023
GTM_minus_G,logNSE,13,04256000,0.013009742084571396
GTM_minus_G,logNSE,13,03455500,-0.03481927901600612
GTM_minus_G,logNSE,13,01451800,-0.0716065539944637
GTM_minus_G,logNSE,13,01594950,0.011979977848794232
GTM_minus_G,logNSE,13,03050000,-0.002599019345232101
GTM_minus_G,logNSE,13,03021350,-0.012696829678673027
GTM_minus_G,logNSE,13,03187500,-0.08739072009789361
GTM_minus_G,logNSE,13,01181000,0.03189723321883087
GTM_minus_G,logNSE,13,01440400,0.06183990090051905
GTM_minus_G,logNSE,13,01435000,0.06696507525030082
GTM_minus_G,logNSE,13,01144000,0.08674616521468381
GTM_minus_G,logNSE,13,01440000,0.08437937678075746
GTM_minus_G,logNSE,13,01137500,-0.1360736395513541
GTM_minus_G,logNSE,13,01052500,-0.009541092580137911
GTM_minus_G,logNSE,13,01057000,0.02748553074569693
GTM_minus_G,logNSE,13,03078000,-0.033397661367467024
GTM_minus_G,logNSE,13,04213075,-0.17051059971189864
GTM_minus_G,logNSE,13,01333000,0.06976712601021162
GTM_minus_G,logNSE,13,01552500,-0.009726902560913575
GTM_minus_G,logNSE,13,03500000,-0.060856124407401846
GTM_minus_G,logNSE,13,01552000,-0.0049210636655062645
GTM_minus_G,logNSE,13,01414500,-0.05070077534611406
interaction_TxM,NSE,17,03456500,-0.042616419237509806
interaction_TxM,NSE,17,03182500,-0.00691515211620175
interaction_TxM,NSE,17,01539000,0.01020238105120752
interaction_TxM,NSE,17,01350000,-0.004228328107396484
interaction_TxM,NSE,17,03238500,-0.031004681465172212
interaction_TxM,NSE,17,01030500,0.05215854366222983
interaction_TxM,NSE,17,01365000,-0.004318027661662893
interaction_TxM,NSE,17,03460000,-0.11245216242989464
interaction_TxM,NSE,17,02046000,-0.050147146726566616
interaction_TxM,NSE,17,03028000,0.032369044209448306
interaction_TxM,NSE,17,01350080,-0.08503863289827607
interaction_TxM,NSE,17,01484100,0.011230803878164664
interaction_TxM,NSE,17,02015700,-0.006010173504113481
interaction_TxM,NSE,17,04224775,-0.016733121371882653
interaction_TxM,NSE,17,01466500,0.23358956163323996
interaction_TxM,NSE,17,02016000,-0.05331887383853129
interaction_TxM,NSE,17,01134500,-0.008468021433361339
interaction_TxM,NSE,17,01518862,-0.09195768367989199
interaction_TxM,NSE,17,01545600,-0.08594307171851989
interaction_TxM,NSE,17,04197100,-0.017913317749514657
interaction_TxM,NSE,17,01549500,-0.09510902414165456
interaction_TxM,NSE,17,02140991,0.053579619625440666
interaction_TxM,NSE,17,03049000,-0.023873328859852383
interaction_TxM,NSE,17,02111500,0.005594418070428819
interaction_TxM,NSE,17,03450000,-0.028788813940437974
interaction_TxM,NSE,17,04122200,0.04635742434542356
interaction_TxM,NSE,17,02053800,-0.06412837544689198
interaction_TxM,NSE,17,04196800,0.026070625120225732
interaction_TxM,NSE,17,02017500,-0.036467142266672914
interaction_TxM,NSE,17,03165000,0.019588618128202673
interaction_TxM,NSE,17,01543000,0.03894946924847087
interaction_TxM,NSE,17,01491000,-0.0029884870080565396
interaction_TxM,NSE,17,02051500,-0.013606756274053722
interaction_TxM,NSE,17,02070000,-0.059282296701963166
interaction_TxM,NSE,17,01415000,0.02854366065680547
interaction_TxM,NSE,17,03011800,0.05341952764710356
interaction_TxM,NSE,17,02014000,-0.012746172660354493
interaction_TxM,NSE,17,02028500,0.03700532749224272
interaction_TxM,NSE,17,02056900,-0.03573241260760762
interaction_TxM,NSE,17,01516500,-0.10476228607079552
interaction_TxM,NSE,17,03213700,-0.010987426025162672
interaction_TxM,NSE,17,01547700,-0.019763070540831373
interaction_TxM,NSE,17,01485500,-0.017266053434016437
interaction_TxM,NSE,17,01632900,-0.11857026645794422
interaction_TxM,NSE,17,02027000,-0.03458863916494215
interaction_TxM,NSE,17,01078000,-0.010559342073990896
interaction_TxM,NSE,17,03049800,0.019007699082061125
interaction_TxM,NSE,17,01606500,-0.052372941774966986
interaction_TxM,NSE,17,02065500,-0.07287842785293108
interaction_TxM,NSE,17,03164000,0.06824527895005372
interaction_TxM,NSE,17,02137727,0.02238422832575082
interaction_TxM,NSE,17,03498500,-0.02644981152460879
interaction_TxM,NSE,17,02069700,-0.04381033510508836
interaction_TxM,NSE,17,03463300,-0.016949530606422125
interaction_TxM,NSE,17,03173000,-0.0599336533702729
interaction_TxM,NSE,17,01532000,-0.05404059790982907
interaction_TxM,NSE,17,03186500,-0.0219048619821004
interaction_TxM,NSE,17,03488000,-0.02661084672700098
interaction_TxM,NSE,17,01557500,-0.09192632800365108
interaction_TxM,NSE,17,01658500,-0.008400230723483726
interaction_TxM,NSE,17,01596500,0.01577910291817808
interaction_TxM,NSE,17,01644000,-0.05390525429953186
interaction_TxM,NSE,17,04213000,-0.00967422065355894
interaction_TxM,NSE,17,01487000,0.004076204858937338
interaction_TxM,NSE,17,01669000,-0.05872569657383675
interaction_TxM,NSE,17,01142500,-0.06412306970681858
interaction_TxM,NSE,17,04105700,0.06181782579039086
interaction_TxM,NSE,17,01413500,-0.019765249734656876
interaction_TxM,NSE,17,01613050,-0.07136005860983108
interaction_TxM,NSE,17,03076600,0.012181638450617926
interaction_TxM,NSE,17,01423000,0.039230972892288274
interaction_TxM,NSE,17,01411300,0.3162798559381932
interaction_TxM,NSE,17,01139800,0.09019201145751488
interaction_TxM,NSE,17,01605500,-0.010110138738581576
interaction_TxM,NSE,17,03066000,0.04132926164196127
interaction_TxM,NSE,17,03069500,-0.008720311055674279
interaction_TxM,NSE,17,03473000,-0.020034192273050033
interaction_TxM,NSE,17,02081500,-0.05352233050002886
interaction_TxM,NSE,17,01634500,-0.04079292008596369
interaction_TxM,NSE,17,01439500,-0.030662137461163197
interaction_TxM,NSE,17,03070500,-0.0011260696175869889
interaction_TxM,NSE,17,02143040,0.014362423590051132
interaction_TxM,NSE,17,01055000,-0.03468115902616131
interaction_TxM,NSE,17,02112360,-0.02204859228472067
interaction_TxM,NSE,17,01669520,-0.011436107878481927
interaction_TxM,NSE,17,03180500,-0.017878388144061952
interaction_TxM,NSE,17,01638480,-0.0075210983510788365
interaction_TxM,NSE,17,02053200,-0.11788790180370812
interaction_TxM,NSE,17,01169000,0.004711658671965657
interaction_TxM,NSE,17,01350140,-0.11951726998351342
interaction_TxM,NSE,17,01591400,-0.010716062968301077
interaction_TxM,NSE,17,01586610,-0.04722883140337386
interaction_TxM,NSE,17,01434025,-0.0011068444282765766
interaction_TxM,NSE,17,03439000,-0.017080432978725857
interaction_TxM,NSE,17,02178400,0.011131786098208418
interaction_TxM,NSE,17,01664000,-0.034939495081049765
interaction_TxM,NSE,17,03015500,-0.004382175662035137
interaction_TxM,NSE,17,04296000,-0.04384502341207952
interaction_TxM,NSE,17,02112120,-0.021431643812748424
interaction_TxM,NSE,17,02082950,-0.26363109693303244
interaction_TxM,NSE,17,01639500,-0.03176273000449914
interaction_TxM,NSE,17,01047000,-0.00294144536055696
interaction_TxM,NSE,17,02074500,-0.06858164210986728
interaction_TxM,NSE,17,01054200,-0.04469833981409366
interaction_TxM,NSE,17,02177000,0.049614073007079984
interaction_TxM,NSE,17,03500240,-0.011362223895454049
interaction_TxM,NSE,17,04233000,-0.08203462885125279
interaction_TxM,NSE,17,03237280,-0.020616425677816186
interaction_TxM,NSE,17,01548500,-0.01680687912008061
interaction_TxM,NSE,17,02125000,0.001659504525790334
interaction_TxM,NSE,17,03479000,-0.024162930129422056
interaction_TxM,NSE,17,02118500,-0.022467780893976608
interaction_TxM,NSE,17,01139000,0.01652015116475436
interaction_TxM,NSE,17,01187300,-0.02548294605079271
interaction_TxM,NSE,17,03504000,-0.014539058815004946
interaction_TxM,NSE,17,02011400,-0.0013944251747332048
interaction_TxM,NSE,17,01568000,-0.015837413455785154
interaction_TxM,NSE,17,01543500,0.03429941194897923
interaction_TxM,NSE,17,01031500,-0.009640945177356364
interaction_TxM,NSE,17,01567500,0.018332187298290337
interaction_TxM,NSE,17,02027500,-0.05208212156936154
interaction_TxM,NSE,17,03010655,0.01785691000363343
interaction_TxM,NSE,17,04216418,-0.00687062408260275
interaction_TxM,NSE,17,02152100,0.03218795185683987
interaction_TxM,NSE,17,01510000,0.009854399826534355
interaction_TxM,NSE,17,03026500,-0.01478144156121386
interaction_TxM,NSE,17,02128000,0.013698931249072621
interaction_TxM,NSE,17,04256000,-0.008652410978823188
interaction_TxM,NSE,17,01620500,-0.05558426857101628
interaction_TxM,NSE,17,03455500,-0.014852420268911759
interaction_TxM,NSE,17,01451800,-0.03848833200333712
interaction_TxM,NSE,17,04185000,-0.12740818925161634
interaction_TxM,NSE,17,02111180,0.024338126963174833
interaction_TxM,NSE,17,01594950,0.00038352566968768986
interaction_TxM,NSE,17,01580000,-0.05390856696146329
interaction_TxM,NSE,17,03050000,-0.024642634345249492
interaction_TxM,NSE,17,01632000,0.013603869341613506
interaction_TxM,NSE,17,04221000,-0.008273649784598658
interaction_TxM,NSE,17,03021350,-0.024175998814098265
interaction_TxM,NSE,17,01583500,-0.07339678051077136
interaction_TxM,NSE,17,02059500,0.041004783717779825
interaction_TxM,NSE,17,01666500,-0.08532879188224962
interaction_TxM,NSE,17,03187500,0.005121622956053007
interaction_TxM,NSE,17,01181000,0.015516681308744396
interaction_TxM,NSE,17,01440400,0.03856772985286838
interaction_TxM,NSE,17,01435000,-0.004945668858949204
interaction_TxM,NSE,17,01144000,0.03526409497214422
interaction_TxM,NSE,17,02011460,0.014857780285632338
interaction_TxM,NSE,17,02143000,0.008235850460687644
interaction_TxM,NSE,17,03140000,-0.03682176898019918
interaction_TxM,NSE,17,01440000,-0.027226924636338024
interaction_TxM,NSE,17,01550000,0.0028479236383194273
interaction_TxM,NSE,17,02077200,0.029618688157217465
interaction_TxM,NSE,17,03237500,-0.01937046908189255
interaction_TxM,NSE,17,02018000,-0.030784741132017235
interaction_TxM,NSE,17,02013000,-0.0510368795411007
interaction_TxM,NSE,17,03161000,-0.022983628348035468
interaction_TxM,NSE,17,04197170,-0.013847209987125964
interaction_TxM,NSE,17,03471500,-0.05752324781597418
interaction_TxM,NSE,17,01137500,-0.03648256275287698
interaction_TxM,NSE,17,01052500,-0.0022812049423764913
interaction_TxM,NSE,17,02051000,-0.01998503176564581
interaction_TxM,NSE,17,01057000,0.01631515748806578
interaction_TxM,NSE,17,03144000,0.009718568650430193
interaction_TxM,NSE,17,03078000,0.0004914438835196266
interaction_TxM,NSE,17,03170000,0.005332051119157022
interaction_TxM,NSE,17,02038850,0.051928957654788555
interaction_TxM,NSE,17,03241500,0.011158420690805193
interaction_TxM,NSE,17,02064000,-0.008486131038292544
interaction_TxM,NSE,17,02096846,0.018633799440152754
interaction_TxM,NSE,17,02055100,-0.01286353215443714
interaction_TxM,NSE,17,04213075,0.04635913200390174
interaction_TxM,NSE,17,01333000,0.00645687316924537
interaction_TxM,NSE,17,01552500,-0.06096722932000431
interaction_TxM,NSE,17,04115265,-0.003547773644529517
interaction_TxM,NSE,17,03500000,-0.022803804860619503
interaction_TxM,NSE,17,01544500,-0.1206409796434138
interaction_TxM,NSE,17,02149000,0.046216288578501685
interaction_TxM,NSE,17,01552000,-0.013236135648537428
interaction_TxM,NSE,17,03159540,-0.003620928437020665
interaction_TxM,NSE,17,01414500,-0.03346448227949861
interaction_TxM,NSE,17,01542810,-0.006794898247107328
interaction_TxM,NSE,17,01667500,-0.050905312307037986
interaction_TxM,NSE,11,03456500,0.0501625773946508
interaction_TxM,NSE,11,03182500,0.019670165174701326
interaction_TxM,NSE,11,01539000,1.6079188059681115e-05
interaction_TxM,NSE,11,01350000,-0.029546060874512725
interaction_TxM,NSE,11,03238500,-0.0052956778296129325
interaction_TxM,NSE,11,01030500,-0.033673843596859765
interaction_TxM,NSE,11,01365000,-0.041375539367062175
interaction_TxM,NSE,11,03460000,0.05624289392292381
interaction_TxM,NSE,11,02046000,-0.08959572701042207
interaction_TxM,NSE,11,03028000,-0.04309761409293422
interaction_TxM,NSE,11,01350080,-0.09806792157309019
interaction_TxM,NSE,11,01484100,-0.04072157206656646
interaction_TxM,NSE,11,02015700,-0.007229167509521184
interaction_TxM,NSE,11,04224775,-0.047017632726875425
interaction_TxM,NSE,11,01466500,-0.18435374675212446
interaction_TxM,NSE,11,02016000,-0.014461032876945001
interaction_TxM,NSE,11,01134500,0.028658330107361518
interaction_TxM,NSE,11,01518862,-0.013255232205835354
interaction_TxM,NSE,11,01545600,-0.06429881634034629
interaction_TxM,NSE,11,04197100,-0.025199789976302345
interaction_TxM,NSE,11,01549500,-0.03405731319909833
interaction_TxM,NSE,11,02140991,0.0853379962103209
interaction_TxM,NSE,11,03049000,0.014055047269667886
interaction_TxM,NSE,11,02111500,0.0048247865983499505
interaction_TxM,NSE,11,03450000,0.07844169210390584
interaction_TxM,NSE,11,04122200,0.10337441163375172
interaction_TxM,NSE,11,02053800,0.10884718287973283
interaction_TxM,NSE,11,04196800,-0.02812483780287811
interaction_TxM,NSE,11,02017500,-0.015826473844340216
interaction_TxM,NSE,11,03165000,-0.016304020139492947
interaction_TxM,NSE,11,01543000,-0.021724947408389705
interaction_TxM,NSE,11,01491000,0.016357801519876758
interaction_TxM,NSE,11,02051500,-0.0478777862615235
interaction_TxM,NSE,11,02070000,-0.008219364570609566
interaction_TxM,NSE,11,01415000,-0.029227843367879203
interaction_TxM,NSE,11,03011800,-0.04791098518323378
interaction_TxM,NSE,11,02014000,0.05199167811825556
interaction_TxM,NSE,11,02028500,-0.03007840268833195
interaction_TxM,NSE,11,02056900,0.0025303748203773235
interaction_TxM,NSE,11,01516500,-0.08037769655841587
interaction_TxM,NSE,11,03213700,0.034962918740501836
interaction_TxM,NSE,11,01547700,-0.009908021590094407
interaction_TxM,NSE,11,01485500,0.014228179089593063
interaction_TxM,NSE,11,01632900,-0.0031797416840312343
interaction_TxM,NSE,11,02027000,0.011470005303189201
interaction_TxM,NSE,11,01078000,0.021115374608908777
interaction_TxM,NSE,11,03049800,0.01894650221902372
interaction_TxM,NSE,11,01606500,0.029006754639686383
interaction_TxM,NSE,11,02065500,0.013457882640896757
interaction_TxM,NSE,11,03164000,0.13227827012733584
interaction_TxM,NSE,11,02137727,0.07562921010967527
interaction_TxM,NSE,11,03498500,0.018319518891030562
interaction_TxM,NSE,11,02069700,-0.00810446072569504
interaction_TxM,NSE,11,03463300,0.020243608681674075
interaction_TxM,NSE,11,03173000,0.08413970324854803
interaction_TxM,NSE,11,01532000,-0.04316307999714675
interaction_TxM,NSE,11,03186500,-0.00601916224250465
interaction_TxM,NSE,11,03488000,0.11764365844551472
interaction_TxM,NSE,11,01557500,-0.062342983391544426
interaction_TxM,NSE,11,01658500,-0.017161637803441376
interaction_TxM,NSE,11,01596500,0.017447883194982472
interaction_TxM,NSE,11,01644000,0.06030281797916626
interaction_TxM,NSE,11,04213000,0.005444397093549602
interaction_TxM,NSE,11,01487000,-0.004554224858892009
interaction_TxM,NSE,11,01669000,-0.13119194229029274
interaction_TxM,NSE,11,01142500,0.09565525343632619
interaction_TxM,NSE,11,04105700,0.04802736124170515
interaction_TxM,NSE,11,01413500,-0.054194006519218574
interaction_TxM,NSE,11,01613050,0.03141635747630267
interaction_TxM,NSE,11,03076600,0.03508799804009077
interaction_TxM,NSE,11,01423000,-0.036388709009055775
interaction_TxM,NSE,11,01411300,0.4305847051478642
interaction_TxM,NSE,11,01139800,0.1451087861569501
interaction_TxM,NSE,11,01605500,-0.025320217725187
interaction_TxM,NSE,11,03066000,0.04200005001322016
interaction_TxM,NSE,11,03069500,0.0041905507473034564
interaction_TxM,NSE,11,03473000,0.07237115115839854
interaction_TxM,NSE,11,02081500,0.013781706165699847
interaction_TxM,NSE,11,01634500,0.03588052139275966
interaction_TxM,NSE,11,01439500,-0.0704293421354647
interaction_TxM,NSE,11,03070500,0.005766785202047098
interaction_TxM,NSE,11,02143040,-0.023078490293804377
interaction_TxM,NSE,11,01055000,0.021020448483586973
interaction_TxM,NSE,11,02112360,0.051988900877201094
interaction_TxM,NSE,11,01669520,-0.05030560760392622
interaction_TxM,NSE,11,03180500,-0.004246721065481518
interaction_TxM,NSE,11,01638480,0.005184124775541754
interaction_TxM,NSE,11,02053200,-0.024180234814459856
interaction_TxM,NSE,11,01169000,0.002074227474643031
interaction_TxM,NSE,11,01350140,-0.049542292526047915
interaction_TxM,NSE,11,01591400,-0.02049093595170315
interaction_TxM,NSE,11,01586610,-0.01174328530519908
interaction_TxM,NSE,11,01434025,-0.0262567348955689
interaction_TxM,NSE,11,03439000,0.0175595937588362
interaction_TxM,NSE,11,02178400,0.02612267253475653
interaction_TxM,NSE,11,01664000,-0.002401158629133149
interaction_TxM,NSE,11,03015500,-0.014058156560655899
interaction_TxM,NSE,11,04296000,0.03768247831549776
interaction_TxM,NSE,11,02112120,0.04247764207817084
interaction_TxM,NSE,11,02082950,-0.15869698043609237
interaction_TxM,NSE,11,01639500,0.01181341646942824
interaction_TxM,NSE,11,01047000,0.010772257538353758
interaction_TxM,NSE,11,02074500,0.003859168010311498
interaction_TxM,NSE,11,01054200,0.04910413751891196
interaction_TxM,NSE,11,02177000,0.06754516597618743
interaction_TxM,NSE,11,03500240,0.07030294588734454
interaction_TxM,NSE,11,04233000,-0.05235731912066688
interaction_TxM,NSE,11,03237280,-0.005606733268821329
interaction_TxM,NSE,11,01548500,-0.026026633573602798
interaction_TxM,NSE,11,02125000,0.02351910225257936
interaction_TxM,NSE,11,03479000,0.05338010456463005
interaction_TxM,NSE,11,02118500,0.03114839765788624
interaction_TxM,NSE,11,01139000,0.08069028612462159
interaction_TxM,NSE,11,01187300,0.00170547458933612
interaction_TxM,NSE,11,03504000,0.05550399809426798
interaction_TxM,NSE,11,02011400,0.020570395948555142
interaction_TxM,NSE,11,01568000,-0.01446158721142421
interaction_TxM,NSE,11,01543500,-0.027784959525963715
interaction_TxM,NSE,11,01031500,0.04681354476422772
interaction_TxM,NSE,11,01567500,-0.0408441427465579
interaction_TxM,NSE,11,02027500,-0.00834789686273063
interaction_TxM,NSE,11,03010655,-0.07684853891316246
interaction_TxM,NSE,11,04216418,0.015562654460697378
interaction_TxM,NSE,11,02152100,-0.010013546297907405
interaction_TxM,NSE,11,01510000,-0.05464785421282614
interaction_TxM,NSE,11,03026500,-0.035106613749547044
interaction_TxM,NSE,11,02128000,0.031269093738648945
interaction_TxM,NSE,11,04256000,-0.004612987275093405
interaction_TxM,NSE,11,01620500,-0.05328151577594131
interaction_TxM,NSE,11,03455500,-0.02787350939756439
interaction_TxM,NSE,11,01451800,-0.010099184576673692
interaction_TxM,NSE,11,04185000,0.06009563481218405
interaction_TxM,NSE,11,02111180,0.1307270158628464
interaction_TxM,NSE,11,01594950,0.04157009945305146
interaction_TxM,NSE,11,01580000,0.015702158833318047
interaction_TxM,NSE,11,03050000,0.0019268773962735075
interaction_TxM,NSE,11,01632000,0.03275130878061938
interaction_TxM,NSE,11,04221000,-0.06849002615
interaction_TxM,NSE,11,03021350,0.0088162193155632
interaction_TxM,NSE,11,01583500,0.0022589627975949655
interaction_TxM,NSE,11,02059500,-0.036422284447063524
interaction_TxM,NSE,11,01666500,-0.017801621261313016
interaction_TxM,NSE,11,03187500,-0.008529521722048017
interaction_TxM,NSE,11,01181000,-0.0057044549171541
interaction_TxM,NSE,11,01440400,-0.02587442708362575
interaction_TxM,NSE,11,01435000,-0.024121126944246063
interaction_TxM,NSE,11,01144000,0.017466579789203074
interaction_TxM,NSE,11,02011460,0.04267028077283663
interaction_TxM,NSE,11,02143000,0.022533902905353176
interaction_TxM,NSE,11,03140000,-0.0035440512139705005
interaction_TxM,NSE,11,01440000,-0.06659127745813476
interaction_TxM,NSE,11,01550000,-0.003399851368598883
interaction_TxM,NSE,11,02077200,0.015706163275313823
interaction_TxM,NSE,11,03237500,-0.008034574702470154
interaction_TxM,NSE,11,02018000,0.02500206129949989
interaction_TxM,NSE,11,02013000,0.055001642218666325
interaction_TxM,NSE,11,03161000,0.06395190969048714
interaction_TxM,NSE,11,04197170,-0.015030130144586429
interaction_TxM,NSE,11,03471500,0.11926776576778952
interaction_TxM,NSE,11,01137500,0.017858694117851126
interaction_TxM,NSE,11,01052500,0.008720108235584556
interaction_TxM,NSE,11,02051000,-0.044061110998433684
interaction_TxM,NSE,11,01057000,0.039963143423305425
interaction_TxM,NSE,11,03144000,-0.009225529165789448
interaction_TxM,NSE,11,03078000,0.03311181247569006
interaction_TxM,NSE,11,03170000,0.019192635437274896
interaction_TxM,NSE,11,02038850,-0.004599444274833497
interaction_TxM,NSE,11,03241500,-0.01304649358201948
interaction_TxM,NSE,11,02064000,0.000953219642344072
interaction_TxM,NSE,11,02096846,0.07090365492216855
interaction_TxM,NSE,11,02055100,-0.003371269043693448
interaction_TxM,NSE,11,04213075,0.08296650564375385
interaction_TxM,NSE,11,01333000,-0.028224151616784487
interaction_TxM,NSE,11,01552500,-0.023474773483016298
interaction_TxM,NSE,11,04115265,-0.025585362206952178
interaction_TxM,NSE,11,03500000,0.09135557084006807
interaction_TxM,NSE,11,01544500,-0.04916488148611564
interaction_TxM,NSE,11,02149000,0.033674175675435514
interaction_TxM,NSE,11,01552000,-0.009428491175968778
interaction_TxM,NSE,11,03159540,0.00899700448903884
interaction_TxM,NSE,11,01414500,-0.06907060333077586
interaction_TxM,NSE,11,01542810,-0.04176530262102629
interaction_TxM,NSE,11,01667500,-0.0029838928808423315
interaction_TxM,NSE,13,03456500,-0.025152235024188063
interaction_TxM,NSE,13,03182500,-0.018386825319770095
interaction_TxM,NSE,13,01539000,-0.014804490500629597
interaction_TxM,NSE,13,01350000,-0.019958209030025764
interaction_TxM,NSE,13,03238500,-0.025008241188762104
interaction_TxM,NSE,13,01030500,-0.03173064076986154
interaction_TxM,NSE,13,01365000,-0.002784857104966454
interaction_TxM,NSE,13,03460000,-0.002855053327234014
interaction_TxM,NSE,13,02046000,-0.010015206480482597
interaction_TxM,NSE,13,03028000,-0.04327480031715447
interaction_TxM,NSE,13,01350080,-0.07273465015812908
interaction_TxM,NSE,13,01484100,0.07396388117731367
interaction_TxM,NSE,13,02015700,-0.0013377463797193956
interaction_TxM,NSE,13,04224775,-0.012877364392566926
interaction_TxM,NSE,13,01466500,-0.3094782780203431
interaction_TxM,NSE,13,02016000,-0.023616423200316428
interaction_TxM,NSE,13,01134500,-0.04102189398355116
interaction_TxM,NSE,13,01518862,-0.006346430323389662
interaction_TxM,NSE,13,01545600,0.05649071274443607
interaction_TxM,NSE,13,04197100,-0.024954980175581065
interaction_TxM,NSE,13,01549500,0.03541957439955634
interaction_TxM,NSE,13,02140991,-0.0006780619932031939
interaction_TxM,NSE,13,03049000,-0.003810358178581108
interaction_TxM,NSE,13,02111500,-0.08491982280895005
interaction_TxM,NSE,13,03450000,0.05915593560090704
interaction_TxM,NSE,13,04122200,-0.02092421242807052
interaction_TxM,NSE,13,02053800,-0.017047672447178752
interaction_TxM,NSE,13,04196800,-0.010259881022133821
interaction_TxM,NSE,13,02017500,-0.03412097020266047
interaction_TxM,NSE,13,03165000,-0.004657329929662946
interaction_TxM,NSE,13,01543000,-0.03720837688087253
interaction_TxM,NSE,13,01491000,-0.01690023019454734
interaction_TxM,NSE,13,02051500,0.07874551362233007
interaction_TxM,NSE,13,02070000,0.01982817099448253
interaction_TxM,NSE,13,01415000,0.005157416513259405
interaction_TxM,NSE,13,03011800,-0.03227773439166037
interaction_TxM,NSE,13,02014000,-0.024517389534701062
interaction_TxM,NSE,13,02028500,-0.07206962897604907
interaction_TxM,NSE,13,02056900,-0.029804597357615092
interaction_TxM,NSE,13,01516500,-0.016853557124911767
interaction_TxM,NSE,13,03213700,0.09439449467416916
interaction_TxM,NSE,13,01547700,-0.016714388762273713
interaction_TxM,NSE,13,01485500,0.011786221211733894
interaction_TxM,NSE,13,01632900,-0.1351627773474997
interaction_TxM,NSE,13,02027000,-0.030689953971918205
interaction_TxM,NSE,13,01078000,0.008698753236396017
interaction_TxM,NSE,13,03049800,-0.03419033220600731
interaction_TxM,NSE,13,01606500,-0.03459612238518239
interaction_TxM,NSE,13,02065500,-0.13115669433509758
interaction_TxM,NSE,13,03164000,0.0518801657428426
interaction_TxM,NSE,13,02137727,-0.03794765540583178
interaction_TxM,NSE,13,03498500,-0.019185964200798766
interaction_TxM,NSE,13,02069700,-0.11281669736180666
interaction_TxM,NSE,13,03463300,-0.004284924281611979
interaction_TxM,NSE,13,03173000,-0.06504581449899616
interaction_TxM,NSE,13,01532000,-0.015738389802130826
interaction_TxM,NSE,13,03186500,-0.022562747529194627
interaction_TxM,NSE,13,03488000,0.006058536949932081
interaction_TxM,NSE,13,01557500,-0.018206360195132998
interaction_TxM,NSE,13,01658500,-0.02579761474955955
interaction_TxM,NSE,13,01596500,-0.02726392074480677
interaction_TxM,NSE,13,01644000,0.05038017467742051
interaction_TxM,NSE,13,04213000,-0.016551521180879658
interaction_TxM,NSE,13,01487000,0.00013169297559489923
interaction_TxM,NSE,13,01669000,0.006454834387817909
interaction_TxM,NSE,13,01142500,0.04709075310986499
interaction_TxM,NSE,13,04105700,-0.14527275755766644
interaction_TxM,NSE,13,01413500,-0.017305067686808062
interaction_TxM,NSE,13,01613050,0.021169255546473087
interaction_TxM,NSE,13,03076600,-0.02101702102955627
interaction_TxM,NSE,13,01423000,-0.013970951189149816
interaction_TxM,NSE,13,01411300,-0.1486492917043858
interaction_TxM,NSE,13,01139800,0.05576439894024299
interaction_TxM,NSE,13,01605500,-0.027128716541373388
interaction_TxM,NSE,13,03066000,-0.016984454848476327
interaction_TxM,NSE,13,03069500,-0.024901608144748733
interaction_TxM,NSE,13,03473000,-0.030427767005042572
interaction_TxM,NSE,13,02081500,0.0022934841003912076
interaction_TxM,NSE,13,01634500,-0.011986358650001971
interaction_TxM,NSE,13,01439500,0.0420976698360892
interaction_TxM,NSE,13,03070500,-0.009981354091851635
interaction_TxM,NSE,13,02143040,-0.013089025679932864
interaction_TxM,NSE,13,01055000,0.013567520583528059
interaction_TxM,NSE,13,02112360,-0.0730241860489601
interaction_TxM,NSE,13,01669520,0.024290100548660876
interaction_TxM,NSE,13,03180500,-0.020747574911538225
interaction_TxM,NSE,13,01638480,0.006329212430870479
interaction_TxM,NSE,13,02053200,-0.09401340829207505
interaction_TxM,NSE,13,01169000,0.013616427352015514
interaction_TxM,NSE,13,01350140,0.0548781171871463
interaction_TxM,NSE,13,01591400,-0.022719977641484257
interaction_TxM,NSE,13,01586610,-0.005617475244970915
interaction_TxM,NSE,13,01434025,-0.02425369464431748
interaction_TxM,NSE,13,03439000,-0.03250352372488563
interaction_TxM,NSE,13,02178400,-0.04053388810463787
interaction_TxM,NSE,13,01664000,-0.02037536134098772
interaction_TxM,NSE,13,03015500,-0.012479378831450116
interaction_TxM,NSE,13,04296000,-0.0145539284716929
interaction_TxM,NSE,13,02112120,-0.04432141333412576
interaction_TxM,NSE,13,02082950,0.09527650250579722
interaction_TxM,NSE,13,01639500,-0.0020445510423618973
interaction_TxM,NSE,13,01047000,-0.00963750562294563
interaction_TxM,NSE,13,02074500,-0.00017760344993911215
interaction_TxM,NSE,13,01054200,0.016226913946028154
interaction_TxM,NSE,13,02177000,-0.04945988575210647
interaction_TxM,NSE,13,03500240,-0.04700872451114824
interaction_TxM,NSE,13,04233000,-0.026127467814977434
interaction_TxM,NSE,13,03237280,-0.011581530970626863
interaction_TxM,NSE,13,01548500,0.0038227624185028786
interaction_TxM,NSE,13,02125000,0.0021390614776882755
interaction_TxM,NSE,13,03479000,0.01874701310385285
interaction_TxM,NSE,13,02118500,0.015407936569897918
interaction_TxM,NSE,13,01139000,-0.015065850064114983
interaction_TxM,NSE,13,01187300,-0.020488909418226564
interaction_TxM,NSE,13,03504000,0.006112291116850188
interaction_TxM,NSE,13,02011400,-0.002708391142905997
interaction_TxM,NSE,13,01568000,-0.02491245242276341
interaction_TxM,NSE,13,01543500,-0.02372406522563597
interaction_TxM,NSE,13,01031500,0.006568454752976516
interaction_TxM,NSE,13,01567500,-0.01590036629507141
interaction_TxM,NSE,13,02027500,0.0046965335950198694
interaction_TxM,NSE,13,03010655,-0.022523715313230164
interaction_TxM,NSE,13,04216418,-0.04432526625266742
interaction_TxM,NSE,13,02152100,-0.009756749235865225
interaction_TxM,NSE,13,01510000,0.0022667981867490195
interaction_TxM,NSE,13,03026500,-0.041044418046656705
interaction_TxM,NSE,13,02128000,0.02337669832242606
interaction_TxM,NSE,13,04256000,0.01509483664907274
interaction_TxM,NSE,13,01620500,-0.06786817497616726
interaction_TxM,NSE,13,03455500,-0.011960703135419193
interaction_TxM,NSE,13,01451800,0.010529704399312223
interaction_TxM,NSE,13,04185000,-0.008446421192567888
interaction_TxM,NSE,13,02111180,-0.042209149250730604
interaction_TxM,NSE,13,01594950,0.0029168577849379984
interaction_TxM,NSE,13,01580000,-0.033478115399475206
interaction_TxM,NSE,13,03050000,0.007951664061807695
interaction_TxM,NSE,13,01632000,-0.041441990579613175
interaction_TxM,NSE,13,04221000,0.001752612072277615
interaction_TxM,NSE,13,03021350,-0.02525822111117082
interaction_TxM,NSE,13,01583500,-0.04310472610396687
interaction_TxM,NSE,13,02059500,0.043197701583071124
interaction_TxM,NSE,13,01666500,0.03821359816250547
interaction_TxM,NSE,13,03187500,-0.01760785071935822
interaction_TxM,NSE,13,01181000,0.0016441535254424489
interaction_TxM,NSE,13,01440400,0.03687442092521831
interaction_TxM,NSE,13,01435000,-0.0034810868357018077
interaction_TxM,NSE,13,01144000,-0.017279790258918792
interaction_TxM,NSE,13,02011460,-0.027616156358310606
interaction_TxM,NSE,13,02143000,-0.01216546219499981
interaction_TxM,NSE,13,03140000,0.006870684434871155
interaction_TxM,NSE,13,01440000,0.009829153258319345
interaction_TxM,NSE,13,01550000,0.045199509549174066
interaction_TxM,NSE,13,02077200,0.008023524417390071
interaction_TxM,NSE,13,03237500,-0.022385514742204626
interaction_TxM,NSE,13,02018000,-0.015896515222997065
interaction_TxM,NSE,13,02013000,-0.012969443090772526
interaction_TxM,NSE,13,03161000,-0.06376805940102648
interaction_TxM,NSE,13,04197170,-0.02634168206872256
interaction_TxM,NSE,13,03471500,-0.11759019742924837
interaction_TxM,NSE,13,01137500,0.01282098015214439
interaction_TxM,NSE,13,01052500,0.010453963375793296
interaction_TxM,NSE,13,02051000,0.00220211272405757
interaction_TxM,NSE,13,01057000,-0.0018853997397968447
interaction_TxM,NSE,13,03144000,-0.007696573887485902
interaction_TxM,NSE,13,03078000,0.009972478260990458
interaction_TxM,NSE,13,03170000,0.00038756979052256835
interaction_TxM,NSE,13,02038850,-0.026259158764380897
interaction_TxM,NSE,13,03241500,-0.020291539215851917
interaction_TxM,NSE,13,02064000,-0.03919346001425106
interaction_TxM,NSE,13,02096846,-0.002953160936031818
interaction_TxM,NSE,13,02055100,-0.04688528449952356
interaction_TxM,NSE,13,04213075,0.013456748956151676
interaction_TxM,NSE,13,01333000,0.0348888949526327
interaction_TxM,NSE,13,01552500,0.00989958486105913
interaction_TxM,NSE,13,04115265,-0.018271721691033638
interaction_TxM,NSE,13,03500000,-0.06019935046947056
interaction_TxM,NSE,13,01544500,0.030768410047866013
interaction_TxM,NSE,13,02149000,-0.08092920304861129
interaction_TxM,NSE,13,01552000,0.038085474899485994
interaction_TxM,NSE,13,03159540,-0.014274170889518989
interaction_TxM,NSE,13,01414500,-0.0038169639841814096
interaction_TxM,NSE,13,01542810,-0.041198774243379255
interaction_TxM,NSE,13,01667500,0.02061975025688989
interaction_TxM,KGE,17,03456500,-0.06899196597827095
interaction_TxM,KGE,17,03182500,0.8317272134011933
interaction_TxM,KGE,17,01539000,0.021386049135845964
interaction_TxM,KGE,17,01350000,0.004112702517640177
interaction_TxM,KGE,17,03238500,-0.3066761535272977
interaction_TxM,KGE,17,01030500,-0.05552625761661001
interaction_TxM,KGE,17,01365000,0.029302016620179505
interaction_TxM,KGE,17,03460000,0.527867862544459
interaction_TxM,KGE,17,02046000,-0.04896469151512406
interaction_TxM,KGE,17,03028000,0.27089711781255266
interaction_TxM,KGE,17,01350080,-0.6418895525075228
interaction_TxM,KGE,17,01484100,0.030013687091543062
interaction_TxM,KGE,17,02015700,0.27974882422934155
interaction_TxM,KGE,17,04224775,0.1693852513727332
interaction_TxM,KGE,17,01466500,0.10311537684722516
interaction_TxM,KGE,17,02016000,-0.15813029096686992
interaction_TxM,KGE,17,01134500,0.0234989202371243
interaction_TxM,KGE,17,01518862,-0.3752837769580373
interaction_TxM,KGE,17,01545600,0.028289348443919282
interaction_TxM,KGE,17,04197100,-0.4258420910505645
interaction_TxM,KGE,17,01549500,-0.24705862515068477
interaction_TxM,KGE,17,02140991,-0.07843203856599201
interaction_TxM,KGE,17,03049000,-0.2667558903621722
interaction_TxM,KGE,17,02111500,0.18793522112285166
interaction_TxM,KGE,17,03450000,7.350521805189416
interaction_TxM,KGE,17,04122200,0.15606555384100596
interaction_TxM,KGE,17,02053800,-0.04559244861849088
interaction_TxM,KGE,17,04196800,-0.3323059131173247
interaction_TxM,KGE,17,02017500,0.057410245618222056
interaction_TxM,KGE,17,03165000,0.3825901042049107
interaction_TxM,KGE,17,01543000,0.4845183401011216
interaction_TxM,KGE,17,01491000,0.0676322892156439
interaction_TxM,KGE,17,02051500,0.06604949031733631
interaction_TxM,KGE,17,02070000,0.08935163978266392
interaction_TxM,KGE,17,01415000,0.16342394129024918
interaction_TxM,KGE,17,03011800,0.21813344344248387
interaction_TxM,KGE,17,02014000,0.09033207646671737
interaction_TxM,KGE,17,02028500,0.18131426790824312
interaction_TxM,KGE,17,02056900,0.0564536900475725
interaction_TxM,KGE,17,01516500,-0.2118209194955929
interaction_TxM,KGE,17,03213700,0.047851589800230854
interaction_TxM,KGE,17,01547700,0.08653999116232103
interaction_TxM,KGE,17,01485500,0.12009773332934914
interaction_TxM,KGE,17,01632900,-0.05451269564312722
interaction_TxM,KGE,17,02027000,0.13884056411697054
interaction_TxM,KGE,17,01078000,0.06166622375087982
interaction_TxM,KGE,17,03049800,0.05260108415871889
interaction_TxM,KGE,17,01606500,-0.008095099238691228
interaction_TxM,KGE,17,02065500,-0.01286132996424827
interaction_TxM,KGE,17,03164000,0.34765639853631203
interaction_TxM,KGE,17,02137727,0.5369194558421115
interaction_TxM,KGE,17,03498500,0.07157870241593489
interaction_TxM,KGE,17,02069700,0.04516426225704606
interaction_TxM,KGE,17,03463300,0.028551871519907235
interaction_TxM,KGE,17,03173000,-0.05930048009116862
interaction_TxM,KGE,17,01532000,-0.1449020274400903
interaction_TxM,KGE,17,03186500,-0.0049650878217051275
interaction_TxM,KGE,17,03488000,0.010136384293492617
interaction_TxM,KGE,17,01557500,0.9470372564456624
interaction_TxM,KGE,17,01658500,-0.008174158153058553
interaction_TxM,KGE,17,01596500,0.14575733701152216
interaction_TxM,KGE,17,01644000,0.0098285186367425
interaction_TxM,KGE,17,04213000,-0.13401752127187494
interaction_TxM,KGE,17,01487000,0.04664114553461396
interaction_TxM,KGE,17,01669000,0.028391465475951616
interaction_TxM,KGE,17,01142500,0.022028004364300968
interaction_TxM,KGE,17,04105700,0.05577097416703769
interaction_TxM,KGE,17,01413500,-0.051780046838598714
interaction_TxM,KGE,17,01613050,-0.09038952293516433
interaction_TxM,KGE,17,03076600,0.38700715121155493
interaction_TxM,KGE,17,01423000,0.06584978894135673
interaction_TxM,KGE,17,01411300,0.27817495756682775
interaction_TxM,KGE,17,01139800,0.005838705211199002
interaction_TxM,KGE,17,01605500,0.10725621285163534
interaction_TxM,KGE,17,03066000,0.1237153515283057
interaction_TxM,KGE,17,03069500,0.04184432616676881
interaction_TxM,KGE,17,03473000,0.04089904511619047
interaction_TxM,KGE,17,02081500,0.011277453547054894
interaction_TxM,KGE,17,01634500,-0.049148837338742646
interaction_TxM,KGE,17,01439500,-0.04340327386596032
interaction_TxM,KGE,17,03070500,0.20296409372126467
interaction_TxM,KGE,17,02143040,0.42405135185165943
interaction_TxM,KGE,17,01055000,-0.018273670078539972
interaction_TxM,KGE,17,02112360,0.15544764757814933
interaction_TxM,KGE,17,01669520,0.11829908507035924
interaction_TxM,KGE,17,03180500,0.12621360143076732
interaction_TxM,KGE,17,01638480,0.10217064735111281
interaction_TxM,KGE,17,02053200,0.023209765313935593
interaction_TxM,KGE,17,01169000,-0.10991652242358685
interaction_TxM,KGE,17,01350140,-0.18938676080575045
interaction_TxM,KGE,17,01591400,0.05598102150012896
interaction_TxM,KGE,17,01586610,0.07221236322133207
interaction_TxM,KGE,17,01434025,0.04163781724192828
interaction_TxM,KGE,17,03439000,0.12431500080178515
interaction_TxM,KGE,17,02178400,0.10417794420939741
interaction_TxM,KGE,17,01664000,-0.05418158574905685
interaction_TxM,KGE,17,03015500,0.013427333295079058
interaction_TxM,KGE,17,04296000,0.12473753897535123
interaction_TxM,KGE,17,02112120,0.09545316423197836
interaction_TxM,KGE,17,02082950,-0.12961862046936046
interaction_TxM,KGE,17,01639500,0.0930339308257867
interaction_TxM,KGE,17,01047000,-0.003268516513482256
interaction_TxM,KGE,17,02074500,0.04576511809230788
interaction_TxM,KGE,17,01054200,-0.05150392383386426
interaction_TxM,KGE,17,02177000,0.22024711298953537
interaction_TxM,KGE,17,03500240,0.13121502313998445
interaction_TxM,KGE,17,04233000,-0.047458060483344444
interaction_TxM,KGE,17,03237280,0.0013854289267092312
interaction_TxM,KGE,17,01548500,-0.12890387818377214
interaction_TxM,KGE,17,02125000,0.06409331017643771
interaction_TxM,KGE,17,03479000,0.35015811252625917
interaction_TxM,KGE,17,02118500,0.049958243306416406
interaction_TxM,KGE,17,01139000,0.03542255270944783
interaction_TxM,KGE,17,01187300,0.03613363003925618
interaction_TxM,KGE,17,03504000,0.06101835194896532
interaction_TxM,KGE,17,02011400,0.09165726469854218
interaction_TxM,KGE,17,01568000,0.033197128038458756
interaction_TxM,KGE,17,01543500,1.448785888849808
interaction_TxM,KGE,17,01031500,-0.11477154590934768
interaction_TxM,KGE,17,01567500,0.174732064344173
interaction_TxM,KGE,17,02027500,1.0210673592072617
interaction_TxM,KGE,17,03010655,-0.05992718344026826
interaction_TxM,KGE,17,04216418,8.23424088804771
interaction_TxM,KGE,17,02152100,0.15690541686841064
interaction_TxM,KGE,17,01510000,0.04295970236525726
interaction_TxM,KGE,17,03026500,0.692246828504819
interaction_TxM,KGE,17,02128000,-0.024888546926498667
interaction_TxM,KGE,17,04256000,-0.12816891730667124
interaction_TxM,KGE,17,01620500,0.23901629358117227
interaction_TxM,KGE,17,03455500,-0.10328398417742934
interaction_TxM,KGE,17,01451800,0.20874366833703617
interaction_TxM,KGE,17,04185000,0.02310634340832496
interaction_TxM,KGE,17,02111180,0.14323451293670864
interaction_TxM,KGE,17,01594950,-0.6941081862092864
interaction_TxM,KGE,17,01580000,-0.11251783079477418
interaction_TxM,KGE,17,03050000,0.8793227469867845
interaction_TxM,KGE,17,01632000,0.037668397708770285
interaction_TxM,KGE,17,04221000,-0.08941235203728537
interaction_TxM,KGE,17,03021350,0.017596614766120955
interaction_TxM,KGE,17,01583500,0.07936353584928735
interaction_TxM,KGE,17,02059500,0.03392057994441455
interaction_TxM,KGE,17,01666500,-0.04087248293449497
interaction_TxM,KGE,17,03187500,0.023243598005817878
interaction_TxM,KGE,17,01181000,-0.1563248808901262
interaction_TxM,KGE,17,01440400,-0.05172206898876497
interaction_TxM,KGE,17,01435000,0.03042074654137128
interaction_TxM,KGE,17,01144000,0.0327123993694004
interaction_TxM,KGE,17,02011460,0.23322169068104548
interaction_TxM,KGE,17,02143000,0.21300279721142967
interaction_TxM,KGE,17,03140000,0.04850632989325321
interaction_TxM,KGE,17,01440000,-0.058637827145058496
interaction_TxM,KGE,17,01550000,-0.5136502848837807
interaction_TxM,KGE,17,02077200,0.04622678787667567
interaction_TxM,KGE,17,03237500,0.04740582374988023
interaction_TxM,KGE,17,02018000,-0.035382620671056686
interaction_TxM,KGE,17,02013000,0.0080667937314427
interaction_TxM,KGE,17,03161000,6.518699946008741
interaction_TxM,KGE,17,04197170,-0.014191378995162984
interaction_TxM,KGE,17,03471500,-0.008145588456761388
interaction_TxM,KGE,17,01137500,-0.0471238134094506
interaction_TxM,KGE,17,01052500,0.03502388530027778
interaction_TxM,KGE,17,02051000,0.03305540582240074
interaction_TxM,KGE,17,01057000,-0.0550078903359108
interaction_TxM,KGE,17,03144000,0.09726215399240368
interaction_TxM,KGE,17,03078000,0.4322615065893597
interaction_TxM,KGE,17,03170000,-0.00047849498287977354
interaction_TxM,KGE,17,02038850,0.051856621432506134
interaction_TxM,KGE,17,03241500,0.21598698333123167
interaction_TxM,KGE,17,02064000,0.03463838761829996
interaction_TxM,KGE,17,02096846,0.011188403960196491
interaction_TxM,KGE,17,02055100,0.07601840648760738
interaction_TxM,KGE,17,04213075,-1.03850482114162
interaction_TxM,KGE,17,01333000,-0.04629749145604156
interaction_TxM,KGE,17,01552500,-0.2633922855406192
interaction_TxM,KGE,17,04115265,0.01479797893792223
interaction_TxM,KGE,17,03500000,0.32800715923026535
interaction_TxM,KGE,17,01544500,-1.437735937295865
interaction_TxM,KGE,17,02149000,0.2925016643595286
interaction_TxM,KGE,17,01552000,0.01258335874544958
interaction_TxM,KGE,17,03159540,0.08667080473737543
interaction_TxM,KGE,17,01414500,-0.12062386405476222
interaction_TxM,KGE,17,01542810,19.049183481652136
interaction_TxM,KGE,17,01667500,-0.023697402804591428
interaction_TxM,KGE,11,03456500,0.21658372626052536
interaction_TxM,KGE,11,03182500,-0.30543833885416694
interaction_TxM,KGE,11,01539000,-0.09365226306352437
interaction_TxM,KGE,11,01350000,0.00930594064722956
interaction_TxM,KGE,11,03238500,-0.005869552889624874
interaction_TxM,KGE,11,01030500,-0.3986321379720147
interaction_TxM,KGE,11,01365000,0.031424710660444166
interaction_TxM,KGE,11,03460000,1.2402324778262894
interaction_TxM,KGE,11,02046000,-0.03223919860783386
interaction_TxM,KGE,11,03028000,-0.18173579401968176
interaction_TxM,KGE,11,01350080,-0.03026213699047231
interaction_TxM,KGE,11,01484100,-0.0781247621056339
interaction_TxM,KGE,11,02015700,-0.18753135628673578
interaction_TxM,KGE,11,04224775,-0.025201800855951695
interaction_TxM,KGE,11,01466500,-0.041266160849746325
interaction_TxM,KGE,11,02016000,-0.04383859225931275
interaction_TxM,KGE,11,01134500,0.03131133348414228
interaction_TxM,KGE,11,01518862,0.00506003504622321
interaction_TxM,KGE,11,01545600,-0.0839294308228945
interaction_TxM,KGE,11,04197100,0.07587678157131439
interaction_TxM,KGE,11,01549500,-0.08519858729439667
interaction_TxM,KGE,11,02140991,0.7640278139004715
interaction_TxM,KGE,11,03049000,-0.445775011586793
interaction_TxM,KGE,11,02111500,0.04665090027307173
interaction_TxM,KGE,11,03450000,2.6227970075458744
interaction_TxM,KGE,11,04122200,0.01701617677017253
interaction_TxM,KGE,11,02053800,0.04771306311833112
interaction_TxM,KGE,11,04196800,0.024465284522350306
interaction_TxM,KGE,11,02017500,-0.052392444278914985
interaction_TxM,KGE,11,03165000,-0.24780649402306754
interaction_TxM,KGE,11,01543000,-0.4236477604354395
interaction_TxM,KGE,11,01491000,0.09520164374850015
interaction_TxM,KGE,11,02051500,-0.1076691649693039
interaction_TxM,KGE,11,02070000,-0.05171202597212421
interaction_TxM,KGE,11,01415000,-0.02583102106540014
interaction_TxM,KGE,11,03011800,-0.24341144113962376
interaction_TxM,KGE,11,02014000,0.03830139499942509
interaction_TxM,KGE,11,02028500,-0.10284162747583403
interaction_TxM,KGE,11,02056900,-0.07456560749621832
interaction_TxM,KGE,11,01516500,-0.018217791701730213
interaction_TxM,KGE,11,03213700,0.08292301011520586
interaction_TxM,KGE,11,01547700,-0.06258598665963044
interaction_TxM,KGE,11,01485500,0.18714115263537756
interaction_TxM,KGE,11,01632900,-0.03240612801460341
interaction_TxM,KGE,11,02027000,-0.07010439164266336
interaction_TxM,KGE,11,01078000,-0.007745235154634322
interaction_TxM,KGE,11,03049800,-0.21632092455619878
interaction_TxM,KGE,11,01606500,0.047643676638138066
interaction_TxM,KGE,11,02065500,-0.0594579904352569
interaction_TxM,KGE,11,03164000,0.4314160675426594
interaction_TxM,KGE,11,02137727,0.8158990019461037
interaction_TxM,KGE,11,03498500,0.2789985740305121
interaction_TxM,KGE,11,02069700,0.0545229337471862
interaction_TxM,KGE,11,03463300,0.06861078443147162
interaction_TxM,KGE,11,03173000,-0.026272801209751617
interaction_TxM,KGE,11,01532000,0.14244640602627245
interaction_TxM,KGE,11,03186500,0.02816689104031156
interaction_TxM,KGE,11,03488000,0.12120850092924917
interaction_TxM,KGE,11,01557500,-0.6907963592726871
interaction_TxM,KGE,11,01658500,-0.007676051010394591
interaction_TxM,KGE,11,01596500,-0.9067932965613292
interaction_TxM,KGE,11,01644000,-0.013115250031516257
interaction_TxM,KGE,11,04213000,0.17009026495867585
interaction_TxM,KGE,11,01487000,0.05757312807946402
interaction_TxM,KGE,11,01669000,-0.04333091418947843
interaction_TxM,KGE,11,01142500,-0.013531593898469807
interaction_TxM,KGE,11,04105700,0.02651833309236984
interaction_TxM,KGE,11,01413500,-0.048896905315482186
interaction_TxM,KGE,11,01613050,0.04721282931285331
interaction_TxM,KGE,11,03076600,-0.4605781586695281
interaction_TxM,KGE,11,01423000,-0.14115992073976313
interaction_TxM,KGE,11,01411300,0.09052791207309818
interaction_TxM,KGE,11,01139800,0.0855009723882717
interaction_TxM,KGE,11,01605500,-0.1670106589005831
interaction_TxM,KGE,11,03066000,0.018185231753957032
interaction_TxM,KGE,11,03069500,0.09043838984861141
interaction_TxM,KGE,11,03473000,0.1602340776704203
interaction_TxM,KGE,11,02081500,0.017679570220558438
interaction_TxM,KGE,11,01634500,0.03638073514280171
interaction_TxM,KGE,11,01439500,0.09048745156089955
interaction_TxM,KGE,11,03070500,0.026820213574377916
interaction_TxM,KGE,11,02143040,0.38851287322862327
interaction_TxM,KGE,11,01055000,0.11046354838972894
interaction_TxM,KGE,11,02112360,0.12393735014371399
interaction_TxM,KGE,11,01669520,0.027229432328337744
interaction_TxM,KGE,11,03180500,-0.20769323448967358
interaction_TxM,KGE,11,01638480,-0.002657459840652021
interaction_TxM,KGE,11,02053200,-0.05480717317523642
interaction_TxM,KGE,11,01169000,0.08257041733621318
interaction_TxM,KGE,11,01350140,-0.09999192522265976
interaction_TxM,KGE,11,01591400,-0.029677878860484896
interaction_TxM,KGE,11,01586610,-0.039461304483895066
interaction_TxM,KGE,11,01434025,0.00535052690976745
interaction_TxM,KGE,11,03439000,0.12547783582411254
interaction_TxM,KGE,11,02178400,0.10867259951539354
interaction_TxM,KGE,11,01664000,-0.021616626692081087
interaction_TxM,KGE,11,03015500,-0.013265300479304964
interaction_TxM,KGE,11,04296000,-0.028431707357895464
interaction_TxM,KGE,11,02112120,0.08204465565425512
interaction_TxM,KGE,11,02082950,-0.05589023629156298
interaction_TxM,KGE,11,01639500,-0.006923047691100637
interaction_TxM,KGE,11,01047000,0.029869425845922115
interaction_TxM,KGE,11,02074500,-0.07589095996626727
interaction_TxM,KGE,11,01054200,0.0960805070118842
interaction_TxM,KGE,11,02177000,0.1860351254238658
interaction_TxM,KGE,11,03500240,0.5494356947193637
interaction_TxM,KGE,11,04233000,-0.14240272154342948
interaction_TxM,KGE,11,03237280,-0.018951550270609352
interaction_TxM,KGE,11,01548500,0.00806680554594319
interaction_TxM,KGE,11,02125000,0.06249529123755526
interaction_TxM,KGE,11,03479000,0.2775025442238441
interaction_TxM,KGE,11,02118500,0.02851664470326365
interaction_TxM,KGE,11,01139000,-0.03410645427586756
interaction_TxM,KGE,11,01187300,0.03386735196232182
interaction_TxM,KGE,11,03504000,0.0254867520716362
interaction_TxM,KGE,11,02011400,-0.11678756828091919
interaction_TxM,KGE,11,01568000,-0.0684049579295457
interaction_TxM,KGE,11,01543500,-4.168856192388637
interaction_TxM,KGE,11,01031500,0.05895467403880661
interaction_TxM,KGE,11,01567500,0.058501682053393345
interaction_TxM,KGE,11,02027500,0.037576725669108635
interaction_TxM,KGE,11,03010655,0.24485644585714716
interaction_TxM,KGE,11,04216418,-4.794040447067342
interaction_TxM,KGE,11,02152100,-0.0034167213190968715
interaction_TxM,KGE,11,01510000,-0.04866878633767513
interaction_TxM,KGE,11,03026500,-0.2483273954398666
interaction_TxM,KGE,11,02128000,0.004900642730987781
interaction_TxM,KGE,11,04256000,-0.03404792860238104
interaction_TxM,KGE,11,01620500,-0.16351849948586927
interaction_TxM,KGE,11,03455500,-0.080703294318625
interaction_TxM,KGE,11,01451800,0.3351829649188651
interaction_TxM,KGE,11,04185000,0.0025780376420383444
interaction_TxM,KGE,11,02111180,0.43427098111766915
interaction_TxM,KGE,11,01594950,-0.19296116958956022
interaction_TxM,KGE,11,01580000,0.07807599999925974
interaction_TxM,KGE,11,03050000,-0.16494175422422885
interaction_TxM,KGE,11,01632000,0.031620438230963055
interaction_TxM,KGE,11,04221000,-0.33952841519172117
interaction_TxM,KGE,11,03021350,0.062117991681208795
interaction_TxM,KGE,11,01583500,-0.020178411285625475
interaction_TxM,KGE,11,02059500,-0.04052803775139935
interaction_TxM,KGE,11,01666500,-0.04734594082998267
interaction_TxM,KGE,11,03187500,0.06274013292561875
interaction_TxM,KGE,11,01181000,-0.02382913961588673
interaction_TxM,KGE,11,01440400,0.022821941708002114
interaction_TxM,KGE,11,01435000,0.038375713106943765
interaction_TxM,KGE,11,01144000,-0.08212275548246217
interaction_TxM,KGE,11,02011460,-0.14487112036526495
interaction_TxM,KGE,11,02143000,0.16665792137258795
interaction_TxM,KGE,11,03140000,-0.04550166636263131
interaction_TxM,KGE,11,01440000,0.04487113362615114
interaction_TxM,KGE,11,01550000,0.5544213911122347
interaction_TxM,KGE,11,02077200,0.0035559453916810257
interaction_TxM,KGE,11,03237500,-0.051718075763069415
interaction_TxM,KGE,11,02018000,-0.030870185362955493
interaction_TxM,KGE,11,02013000,0.01176354372524202
interaction_TxM,KGE,11,03161000,16.322453111079053
interaction_TxM,KGE,11,04197170,0.1313883667902055
interaction_TxM,KGE,11,03471500,0.0965363522601771
interaction_TxM,KGE,11,01137500,0.13739824006918944
interaction_TxM,KGE,11,01052500,0.1540658385548087
interaction_TxM,KGE,11,02051000,-0.05271119071510644
interaction_TxM,KGE,11,01057000,0.07727710021660195
interaction_TxM,KGE,11,03144000,-0.0570622782277056
interaction_TxM,KGE,11,03078000,0.04087053226161286
interaction_TxM,KGE,11,03170000,0.037839112679007414
interaction_TxM,KGE,11,02038850,-0.0488645724967407
interaction_TxM,KGE,11,03241500,-0.11257772415802036
interaction_TxM,KGE,11,02064000,-0.01352572158540033
interaction_TxM,KGE,11,02096846,-0.03347444589799908
interaction_TxM,KGE,11,02055100,-0.06411719057054655
interaction_TxM,KGE,11,04213075,2.3690592756676647
interaction_TxM,KGE,11,01333000,0.11181362030045883
interaction_TxM,KGE,11,01552500,0.157261496609866
interaction_TxM,KGE,11,04115265,-0.0008612965715140142
interaction_TxM,KGE,11,03500000,0.3370094753612555
interaction_TxM,KGE,11,01544500,-0.3459423511986638
interaction_TxM,KGE,11,02149000,0.17237358135217218
interaction_TxM,KGE,11,01552000,0.5181218650916433
interaction_TxM,KGE,11,03159540,-0.07420187204800521
interaction_TxM,KGE,11,01414500,-0.050423479983388364
interaction_TxM,KGE,11,01542810,8.037181380225771
interaction_TxM,KGE,11,01667500,-0.013155183684637084
interaction_TxM,KGE,13,03456500,-0.41342844697865966
interaction_TxM,KGE,13,03182500,-1.1490363641982397
interaction_TxM,KGE,13,01539000,-0.2875576818027624
interaction_TxM,KGE,13,01350000,0.05105181473678699
interaction_TxM,KGE,13,03238500,0.19237284897300977
interaction_TxM,KGE,13,01030500,-0.47789327647253343
interaction_TxM,KGE,13,01365000,-0.00848122121223771
interaction_TxM,KGE,13,03460000,-4.050039156714002
interaction_TxM,KGE,13,02046000,-0.05190533174715328
interaction_TxM,KGE,13,03028000,-0.2626981427482652
interaction_TxM,KGE,13,01350080,-0.6193272117529127
interaction_TxM,KGE,13,01484100,0.03079507565552264
interaction_TxM,KGE,13,02015700,-0.0922819756417238
interaction_TxM,KGE,13,04224775,-0.19941059388544224
interaction_TxM,KGE,13,01466500,-0.09305968108672291
interaction_TxM,KGE,13,02016000,-0.13446716472259057
interaction_TxM,KGE,13,01134500,-0.1429640813939741
interaction_TxM,KGE,13,01518862,0.08411020931769997
interaction_TxM,KGE,13,01545600,0.16192920767027175
interaction_TxM,KGE,13,04197100,-0.35836781962446407
interaction_TxM,KGE,13,01549500,0.5897152009582226
interaction_TxM,KGE,13,02140991,-0.08515970546135676
interaction_TxM,KGE,13,03049000,-0.12795296957887836
interaction_TxM,KGE,13,02111500,-0.1933682921131048
interaction_TxM,KGE,13,03450000,0.653738776738273
interaction_TxM,KGE,13,04122200,0.022214327956090907
interaction_TxM,KGE,13,02053800,-0.01325428412194285
interaction_TxM,KGE,13,04196800,-0.5631391180313637
interaction_TxM,KGE,13,02017500,-0.060071206792044696
interaction_TxM,KGE,13,03165000,-0.0464335113104023
interaction_TxM,KGE,13,01543000,-1.2265137083093993
interaction_TxM,KGE,13,01491000,0.0238322877017052
interaction_TxM,KGE,13,02051500,-0.004409422553654174
interaction_TxM,KGE,13,02070000,-0.0230275056534609
interaction_TxM,KGE,13,01415000,-0.05244315520374432
interaction_TxM,KGE,13,03011800,-0.09874132587409934
interaction_TxM,KGE,13,02014000,-0.033273906371647954
interaction_TxM,KGE,13,02028500,-0.06085706657715151
interaction_TxM,KGE,13,02056900,-0.056030225122765454
interaction_TxM,KGE,13,01516500,0.003151959397964532
interaction_TxM,KGE,13,03213700,0.06399741140718862
interaction_TxM,KGE,13,01547700,-0.10804516551200394
interaction_TxM,KGE,13,01485500,0.01897621985672271
interaction_TxM,KGE,13,01632900,-0.01784954423234375
interaction_TxM,KGE,13,02027000,0.012802559493955923
interaction_TxM,KGE,13,01078000,-0.09625119655633141
interaction_TxM,KGE,13,03049800,-0.12950066481459344
interaction_TxM,KGE,13,01606500,-0.041848908839359655
interaction_TxM,KGE,13,02065500,-0.08570498741926313
interaction_TxM,KGE,13,03164000,-0.03750939188281821
interaction_TxM,KGE,13,02137727,-0.3189287907398255
interaction_TxM,KGE,13,03498500,-0.031717574578219776
interaction_TxM,KGE,13,02069700,-0.1574851899999663
interaction_TxM,KGE,13,03463300,-0.030055791902911966
interaction_TxM,KGE,13,03173000,-0.018647886691352755
interaction_TxM,KGE,13,01532000,0.40438845885822083
interaction_TxM,KGE,13,03186500,-0.001654945358665172
interaction_TxM,KGE,13,03488000,0.0008359772166192103
interaction_TxM,KGE,13,01557500,-0.24315363063999784
interaction_TxM,KGE,13,01658500,-0.0487224536428591
interaction_TxM,KGE,13,01596500,-0.41939166934711924
interaction_TxM,KGE,13,01644000,0.1438374859906124
interaction_TxM,KGE,13,04213000,-0.3430538208518632
interaction_TxM,KGE,13,01487000,-0.009666757466593845
interaction_TxM,KGE,13,01669000,-0.023324989132259666
interaction_TxM,KGE,13,01142500,0.10432098849044003
interaction_TxM,KGE,13,04105700,-0.034050882159419316
interaction_TxM,KGE,13,01413500,0.03303980330930267
interaction_TxM,KGE,13,01613050,0.0378469899026288
interaction_TxM,KGE,13,03076600,-0.32384576777458973
interaction_TxM,KGE,13,01423000,-0.06912054263001732
interaction_TxM,KGE,13,01411300,-0.006861974455190323
interaction_TxM,KGE,13,01139800,-0.025079518823564406
interaction_TxM,KGE,13,01605500,-0.02669437357254334
interaction_TxM,KGE,13,03066000,0.017039023292537037
interaction_TxM,KGE,13,03069500,-0.1350136126150453
interaction_TxM,KGE,13,03473000,-0.05642642730892422
interaction_TxM,KGE,13,02081500,0.06712540577461179
interaction_TxM,KGE,13,01634500,0.02133461053829444
interaction_TxM,KGE,13,01439500,0.03303581673145939
interaction_TxM,KGE,13,03070500,-0.04301378801931999
interaction_TxM,KGE,13,02143040,-0.27942797119066975
interaction_TxM,KGE,13,01055000,0.007336501325437839
interaction_TxM,KGE,13,02112360,-0.23734213955834849
interaction_TxM,KGE,13,01669520,-0.014122793870855466
interaction_TxM,KGE,13,03180500,-0.04164644338667833
interaction_TxM,KGE,13,01638480,0.007520266966552502
interaction_TxM,KGE,13,02053200,-0.07584313157381362
interaction_TxM,KGE,13,01169000,-0.048772583106275524
interaction_TxM,KGE,13,01350140,-0.0023263383005132088
interaction_TxM,KGE,13,01591400,-0.018725404206418772
interaction_TxM,KGE,13,01586610,-0.05251075464104915
interaction_TxM,KGE,13,01434025,0.011323822120306803
interaction_TxM,KGE,13,03439000,-0.1577269761309118
interaction_TxM,KGE,13,02178400,-0.144310735492151
interaction_TxM,KGE,13,01664000,-0.03599520300612424
interaction_TxM,KGE,13,03015500,-0.3389408114352893
interaction_TxM,KGE,13,04296000,-0.12370634722992191
interaction_TxM,KGE,13,02112120,-0.12356041378459359
interaction_TxM,KGE,13,02082950,0.07910028267488611
interaction_TxM,KGE,13,01639500,0.07334933298869117
interaction_TxM,KGE,13,01047000,-0.010651195582562445
interaction_TxM,KGE,13,02074500,0.0002350246316555893
interaction_TxM,KGE,13,01054200,0.003104971627408637
interaction_TxM,KGE,13,02177000,-0.1360665055922602
interaction_TxM,KGE,13,03500240,-0.9902346537194118
interaction_TxM,KGE,13,04233000,0.04548290317636772
interaction_TxM,KGE,13,03237280,0.006206600266522311
interaction_TxM,KGE,13,01548500,0.7578516955877448
interaction_TxM,KGE,13,02125000,-0.047607595950477255
interaction_TxM,KGE,13,03479000,-0.18067826428884992
interaction_TxM,KGE,13,02118500,-0.041435568646540966
interaction_TxM,KGE,13,01139000,-0.12325903704195762
interaction_TxM,KGE,13,01187300,-0.019009719783193324
interaction_TxM,KGE,13,03504000,-0.025671411312745196
interaction_TxM,KGE,13,02011400,-0.025747407185419457
interaction_TxM,KGE,13,01568000,-0.07551217281931522
interaction_TxM,KGE,13,01543500,-4.029543071825096
interaction_TxM,KGE,13,01031500,-0.06306125608896462
interaction_TxM,KGE,13,01567500,-0.019204741748708343
interaction_TxM,KGE,13,02027500,-0.4493961901042465
interaction_TxM,KGE,13,03010655,-0.5973553133133526
interaction_TxM,KGE,13,04216418,-8.744324108345523
interaction_TxM,KGE,13,02152100,-0.11202528293053404
interaction_TxM,KGE,13,01510000,0.16143658632409774
interaction_TxM,KGE,13,03026500,-0.0808704622684362
interaction_TxM,KGE,13,02128000,-0.052279425270084556
interaction_TxM,KGE,13,04256000,0.018291189731430846
interaction_TxM,KGE,13,01620500,-0.3233530963634873
interaction_TxM,KGE,13,03455500,-0.07886754930464523
interaction_TxM,KGE,13,01451800,-0.3203541184576043
interaction_TxM,KGE,13,04185000,0.19662216936018628
interaction_TxM,KGE,13,02111180,-0.2945594121192614
interaction_TxM,KGE,13,01594950,-0.6077616623362174
interaction_TxM,KGE,13,01580000,0.06820633981890267
interaction_TxM,KGE,13,03050000,-0.06288342058132956
interaction_TxM,KGE,13,01632000,-0.07296073582509266
interaction_TxM,KGE,13,04221000,-0.14607207196383598
interaction_TxM,KGE,13,03021350,-0.09166003434277414
interaction_TxM,KGE,13,01583500,0.008400235578973736
interaction_TxM,KGE,13,02059500,-0.009598663087530546
interaction_TxM,KGE,13,01666500,-0.027804909873692107
interaction_TxM,KGE,13,03187500,-0.052417752486341285
interaction_TxM,KGE,13,01181000,-0.05266161391292146
interaction_TxM,KGE,13,01440400,-0.0009057612278694505
interaction_TxM,KGE,13,01435000,-0.007962013391507039
interaction_TxM,KGE,13,01144000,-0.1439228913079288
interaction_TxM,KGE,13,02011460,-0.1649561907226761
interaction_TxM,KGE,13,02143000,-0.1250224988550005
interaction_TxM,KGE,13,03140000,-0.10387366705102818
interaction_TxM,KGE,13,01440000,-0.08400191370182974
interaction_TxM,KGE,13,01550000,5.770965271031608
interaction_TxM,KGE,13,02077200,-0.04042169273862095
interaction_TxM,KGE,13,03237500,0.13482770616937345
interaction_TxM,KGE,13,02018000,-0.026718584187580663
interaction_TxM,KGE,13,02013000,-0.037695532251245445
interaction_TxM,KGE,13,03161000,-9.078862597555261
interaction_TxM,KGE,13,04197170,-0.11497141954926582
interaction_TxM,KGE,13,03471500,-0.08118230448515673
interaction_TxM,KGE,13,01137500,0.03894114513853941
interaction_TxM,KGE,13,01052500,0.07579778691551775
interaction_TxM,KGE,13,02051000,-0.021794367637359202
interaction_TxM,KGE,13,01057000,-0.023162754948868658
interaction_TxM,KGE,13,03144000,-0.10428865371207274
interaction_TxM,KGE,13,03078000,-0.17009537487335813
interaction_TxM,KGE,13,03170000,-0.02093559176619142
interaction_TxM,KGE,13,02038850,0.015973724902275332
interaction_TxM,KGE,13,03241500,-0.04085489588900959
interaction_TxM,KGE,13,02064000,-0.04739735868120243
interaction_TxM,KGE,13,02096846,-0.031658211050830554
interaction_TxM,KGE,13,02055100,-0.0019258957218839523
interaction_TxM,KGE,13,04213075,0.5251054535864901
interaction_TxM,KGE,13,01333000,0.04335025534793635
interaction_TxM,KGE,13,01552500,-0.13108788193862309
interaction_TxM,KGE,13,04115265,0.010201239904928383
interaction_TxM,KGE,13,03500000,-0.23592289935701238
interaction_TxM,KGE,13,01544500,0.7548419396910833
interaction_TxM,KGE,13,02149000,-0.19883398553271903
interaction_TxM,KGE,13,01552000,4.129671822205621
interaction_TxM,KGE,13,03159540,-0.029022905541158384
interaction_TxM,KGE,13,01414500,0.004279878902032186
interaction_TxM,KGE,13,01542810,2.5599646109034424
interaction_TxM,KGE,13,01667500,-0.025162797099569145
interaction_TxM,logNSE,17,03456500,0.02302468331768026
interaction_TxM,logNSE,17,01539000,-0.020544649253135372
interaction_TxM,logNSE,17,01350000,0.055725169727226964
interaction_TxM,logNSE,17,01030500,-0.06408063087136473
interaction_TxM,logNSE,17,01365000,-0.012167950093932012
interaction_TxM,logNSE,17,03460000,0.012959686343627763
interaction_TxM,logNSE,17,03028000,0.011807271533510244
interaction_TxM,logNSE,17,01350080,0.003091675785988124
interaction_TxM,logNSE,17,01134500,0.022760677759447012
interaction_TxM,logNSE,17,01543000,0.027548968716234135
interaction_TxM,logNSE,17,01415000,0.0062990165911828155
interaction_TxM,logNSE,17,03011800,0.015089313277055982
interaction_TxM,logNSE,17,01078000,0.041410902651533354
interaction_TxM,logNSE,17,03463300,0.03794593959946957
interaction_TxM,logNSE,17,03186500,0.0751550073703171
interaction_TxM,logNSE,17,04213000,-0.016153765116979968
interaction_TxM,logNSE,17,01142500,-0.013036808069371242
interaction_TxM,logNSE,17,01413500,0.092900605461538
interaction_TxM,logNSE,17,03076600,-0.023245337947509048
interaction_TxM,logNSE,17,01423000,0.006631636439176858
interaction_TxM,logNSE,17,01139800,0.1386282926376574
interaction_TxM,logNSE,17,03066000,0.0044427511703029055
interaction_TxM,logNSE,17,03069500,-0.00552034543693769
interaction_TxM,logNSE,17,01439500,-0.008633211674833441
interaction_TxM,logNSE,17,03070500,0.018102451067504854
interaction_TxM,logNSE,17,01055000,-0.004117375903971765
interaction_TxM,logNSE,17,03180500,-0.01137131696462923
interaction_TxM,logNSE,17,01169000,-0.012218419021045923
interaction_TxM,logNSE,17,01350140,-0.08669561139746262
interaction_TxM,logNSE,17,01434025,0.051447743885874475
interaction_TxM,logNSE,17,03439000,0.17284757851845034
interaction_TxM,logNSE,17,02178400,0.13766130364383466
interaction_TxM,logNSE,17,03015500,-0.0032976869400330733
interaction_TxM,logNSE,17,04296000,0.019159825039832934
interaction_TxM,logNSE,17,01047000,-0.002620062805935408
interaction_TxM,logNSE,17,01054200,0.04122872879051376
interaction_TxM,logNSE,17,02177000,0.14477397452904928
interaction_TxM,logNSE,17,03500240,0.04969276209916962
interaction_TxM,logNSE,17,01139000,0.016804011178822242
interaction_TxM,logNSE,17,01187300,0.07701637382156667
interaction_TxM,logNSE,17,03504000,0.1314575768549443
interaction_TxM,logNSE,17,01543500,0.026765243680783812
interaction_TxM,logNSE,17,01031500,0.02582934820746141
interaction_TxM,logNSE,17,01510000,0.003773039718775073
interaction_TxM,logNSE,17,03026500,0.004510362585112393
interaction_TxM,logNSE,17,04256000,0.0390922745611354
interaction_TxM,logNSE,17,03455500,-0.07832194159654415
interaction_TxM,logNSE,17,01451800,-0.029107624293123302
interaction_TxM,logNSE,17,01594950,-0.000731849229613557
interaction_TxM,logNSE,17,03050000,-0.0033984300512840404
interaction_TxM,logNSE,17,03021350,-0.020349095334397105
interaction_TxM,logNSE,17,03187500,0.022083282141491356
interaction_TxM,logNSE,17,01181000,0.07548462579950432
interaction_TxM,logNSE,17,01440400,0.02146372368296201
interaction_TxM,logNSE,17,01435000,0.030737930861026275
interaction_TxM,logNSE,17,01144000,0.018486283053811947
interaction_TxM,logNSE,17,01440000,-0.04024005744338033
interaction_TxM,logNSE,17,01137500,0.05245935159138315
interaction_TxM,logNSE,17,01052500,-0.032502241074268357
interaction_TxM,logNSE,17,01057000,0.03046047608581781
interaction_TxM,logNSE,17,03078000,-0.05716241211949957
interaction_TxM,logNSE,17,04213075,0.3639399370642623
interaction_TxM,logNSE,17,01333000,0.00011383900804040614
interaction_TxM,logNSE,17,01552500,-0.03888363864759292
interaction_TxM,logNSE,17,03500000,0.07636030797331439
interaction_TxM,logNSE,17,01552000,0.03788961071969399
interaction_TxM,logNSE,17,01414500,0.015906698601710678
interaction_TxM,logNSE,11,03456500,0.10190521728473645
interaction_TxM,logNSE,11,01539000,-0.012525344032549901
interaction_TxM,logNSE,11,01350000,-0.0012995382155850388
interaction_TxM,logNSE,11,01030500,0.0486357165360487
interaction_TxM,logNSE,11,01365000,-0.0008391306316614111
interaction_TxM,logNSE,11,03460000,0.04041766747421627
interaction_TxM,logNSE,11,03028000,-0.0678175966321618
interaction_TxM,logNSE,11,01350080,-0.10520338101447191
interaction_TxM,logNSE,11,01134500,0.03520795810196242
interaction_TxM,logNSE,11,01543000,0.005917166321108502
interaction_TxM,logNSE,11,01415000,-0.04027291339979555
interaction_TxM,logNSE,11,03011800,-0.08893031010816288
interaction_TxM,logNSE,11,01078000,-0.007363408564235119
interaction_TxM,logNSE,11,03463300,0.09836743663739422
interaction_TxM,logNSE,11,03186500,-0.03347883282667241
interaction_TxM,logNSE,11,04213000,-0.021463434568805617
interaction_TxM,logNSE,11,01142500,-0.0360177611958169
interaction_TxM,logNSE,11,01413500,-0.019111087616236477
interaction_TxM,logNSE,11,03076600,-0.033513095832896855
interaction_TxM,logNSE,11,01423000,-0.04952437781664332
interaction_TxM,logNSE,11,01139800,0.10959676989180411
interaction_TxM,logNSE,11,03066000,0.009015064861888966
interaction_TxM,logNSE,11,03069500,0.007722987963995842
interaction_TxM,logNSE,11,01439500,-0.05770766625612567
interaction_TxM,logNSE,11,03070500,-0.0405762583510858
interaction_TxM,logNSE,11,01055000,-0.0234570919559145
interaction_TxM,logNSE,11,03180500,0.04870450307446894
interaction_TxM,logNSE,11,01169000,-0.09723437137016666
interaction_TxM,logNSE,11,01350140,-0.12283658858236413
interaction_TxM,logNSE,11,01434025,-0.03269221139058742
interaction_TxM,logNSE,11,03439000,0.15709302720761176
interaction_TxM,logNSE,11,02178400,0.045867784764152875
interaction_TxM,logNSE,11,03015500,0.04265734782140662
interaction_TxM,logNSE,11,04296000,-0.03695037820477731
interaction_TxM,logNSE,11,01047000,-0.02813868568536515
interaction_TxM,logNSE,11,01054200,0.04577380319279123
interaction_TxM,logNSE,11,02177000,0.13913385147637725
interaction_TxM,logNSE,11,03500240,0.011878567557740971
interaction_TxM,logNSE,11,01139000,0.020732478042267077
interaction_TxM,logNSE,11,01187300,0.008980829015049707
interaction_TxM,logNSE,11,03504000,0.08196788064586624
interaction_TxM,logNSE,11,01543500,0.010175869408910576
interaction_TxM,logNSE,11,01031500,-0.04621610944959398
interaction_TxM,logNSE,11,01510000,-0.058781465426034685
interaction_TxM,logNSE,11,03026500,0.005975206129687272
interaction_TxM,logNSE,11,04256000,-0.013375107526585772
interaction_TxM,logNSE,11,03455500,-0.06482815948395526
interaction_TxM,logNSE,11,01451800,-0.007597230771539731
interaction_TxM,logNSE,11,01594950,0.07094940356539814
interaction_TxM,logNSE,11,03050000,0.050721374999616375
interaction_TxM,logNSE,11,03021350,0.040507708394569186
interaction_TxM,logNSE,11,03187500,-0.03199396920964914
interaction_TxM,logNSE,11,01181000,-0.022428941409326497
interaction_TxM,logNSE,11,01440400,-0.05421866912017148
interaction_TxM,logNSE,11,01435000,0.005684124412725922
interaction_TxM,logNSE,11,01144000,-0.10539296085961714
interaction_TxM,logNSE,11,01440000,-0.03031687772307312
interaction_TxM,logNSE,11,01137500,0.05013458940544224
interaction_TxM,logNSE,11,01052500,0.006366617093289562
interaction_TxM,logNSE,11,01057000,0.003291243701465385
interaction_TxM,logNSE,11,03078000,-0.08366257668725041
interaction_TxM,logNSE,11,04213075,-0.3775754961832257
interaction_TxM,logNSE,11,01333000,-0.05896326451169953
interaction_TxM,logNSE,11,01552500,-0.010549854125901481
interaction_TxM,logNSE,11,03500000,0.12276284664435777
interaction_TxM,logNSE,11,01552000,-0.030167364271871056
interaction_TxM,logNSE,11,01414500,-0.014948793643336789
interaction_TxM,logNSE,13,03456500,-0.11584330245955887
interaction_TxM,logNSE,13,01539000,-0.013577215948526122
interaction_TxM,logNSE,13,01350000,-0.02137884190850725
interaction_TxM,logNSE,13,01030500,0.001722660609180915
interaction_TxM,logNSE,13,01365000,-0.10154021225664311
interaction_TxM,logNSE,13,03460000,0.026783826015645995
interaction_TxM,logNSE,13,03028000,-0.0262606678597731
interaction_TxM,logNSE,13,01350080,0.015504701875279747
interaction_TxM,logNSE,13,01134500,-0.06100146604055767
interaction_TxM,logNSE,13,01543000,-0.024621052292852164
interaction_TxM,logNSE,13,01415000,0.016390581908571233
interaction_TxM,logNSE,13,03011800,0.024375193795417638
interaction_TxM,logNSE,13,01078000,-0.010888771672189601
interaction_TxM,logNSE,13,03463300,0.014400167454327595
interaction_TxM,logNSE,13,03186500,0.01416299310038327
interaction_TxM,logNSE,13,04213000,-0.027166556343916848
interaction_TxM,logNSE,13,01142500,0.10209290633703194
interaction_TxM,logNSE,13,01413500,-0.01135339116791656
interaction_TxM,logNSE,13,03076600,-0.017317557767483227
interaction_TxM,logNSE,13,01423000,-0.06132373871381558
interaction_TxM,logNSE,13,01139800,0.02419211005937527
interaction_TxM,logNSE,13,03066000,0.007893312858553658
interaction_TxM,logNSE,13,03069500,-0.013555139478376943
interaction_TxM,logNSE,13,01439500,-0.0389032617734173
interaction_TxM,logNSE,13,03070500,0.018019381109935395
interaction_TxM,logNSE,13,01055000,0.013056975258629921
interaction_TxM,logNSE,13,03180500,0.010804929859595913
interaction_TxM,logNSE,13,01169000,-0.035644137461628866
interaction_TxM,logNSE,13,01350140,0.02314005471653846
interaction_TxM,logNSE,13,01434025,-0.03185928730263665
interaction_TxM,logNSE,13,03439000,-0.12280066245820731
interaction_TxM,logNSE,13,02178400,-0.10363088839707146
interaction_TxM,logNSE,13,03015500,-0.03192756256327656
interaction_TxM,logNSE,13,04296000,0.013644616145732202
interaction_TxM,logNSE,13,01047000,-0.02810933700221019
interaction_TxM,logNSE,13,01054200,0.047403367046304656
interaction_TxM,logNSE,13,02177000,-0.10108366233955879
interaction_TxM,logNSE,13,03500240,-0.14329480925964677
interaction_TxM,logNSE,13,01139000,0.012233247232015687
interaction_TxM,logNSE,13,01187300,0.02082623873220868
interaction_TxM,logNSE,13,03504000,-0.08111206802774251
interaction_TxM,logNSE,13,01543500,-0.012498879894212056
interaction_TxM,logNSE,13,01031500,-0.026488787116634605
interaction_TxM,logNSE,13,01510000,0.02054224841678387
interaction_TxM,logNSE,13,03026500,0.016103006413029974
interaction_TxM,logNSE,13,04256000,0.03513548612581341
interaction_TxM,logNSE,13,03455500,-0.018981198997334192
interaction_TxM,logNSE,13,01451800,0.0558520197433644
interaction_TxM,logNSE,13,01594950,0.047640337334009186
interaction_TxM,logNSE,13,03050000,0.048906004887101506
interaction_TxM,logNSE,13,03021350,0.033761154055323206
interaction_TxM,logNSE,13,03187500,-0.01343018349978442
interaction_TxM,logNSE,13,01181000,-0.04706369653925202
interaction_TxM,logNSE,13,01440400,0.0008527337969699289
interaction_TxM,logNSE,13,01435000,-0.04383251367224572
interaction_TxM,logNSE,13,01144000,-0.004868029400958429
interaction_TxM,logNSE,13,01440000,-0.03737198913093298
interaction_TxM,logNSE,13,01137500,0.04126930532735773
interaction_TxM,logNSE,13,01052500,-0.019062867413852325
interaction_TxM,logNSE,13,01057000,-0.00998216786324535
interaction_TxM,logNSE,13,03078000,0.002532789658439949
interaction_TxM,logNSE,13,04213075,-0.018014557182125635
interaction_TxM,logNSE,13,01333000,-0.021481377295230142
interaction_TxM,logNSE,13,01552500,0.03038924479054461
interaction_TxM,logNSE,13,03500000,-0.06270971676399661
interaction_TxM,logNSE,13,01552000,0.030750955819926373
interaction_TxM,logNSE,13,01414500,-0.032608439150456525
