condition,seed,basin,metric,value
L,11,01030500,NSE,0.782721263396568
L,11,01030500,KGE,0.7236721857139055
L,11,01030500,logNSE,0.7810828247304998
L,11,01031500,NSE,0.7753783480270618
L,11,01031500,KGE,0.6924323182989689
L,11,01031500,logNSE,0.8327893895418651
L,11,01047000,NSE,0.8011609290429411
L,11,01047000,KGE,0.7011178349203666
L,11,01047000,logNSE,0.862714592261862
L,11,01052500,NSE,0.7208646614421605
L,11,01052500,KGE,0.8173491354740725
L,11,01052500,logNSE,0.7991780628936125
L,11,01054200,NSE,0.6115902220393479
L,11,01054200,KGE,0.652152024038259
L,11,01054200,logNSE,0.7702336701970207
L,11,01055000,NSE,0.6929580919456786
L,11,01055000,KGE,0.6689117125639841
L,11,01055000,logNSE,0.7836888010617625
L,11,01057000,NSE,0.7563162308256874
L,11,01057000,KGE,0.7911135705212295
L,11,01057000,logNSE,0.7947828362332708
L,11,01078000,NSE,0.7686989454529147
L,11,01078000,KGE,0.7792379113234379
L,11,01078000,logNSE,0.8406059560537705
L,11,01134500,NSE,0.7452358847420794
L,11,01134500,KGE,0.7350554768187539
L,11,01134500,logNSE,0.8117405925213864
L,11,01137500,NSE,0.6901709553435327
L,11,01137500,KGE,0.7236535329210644
L,11,01137500,logNSE,0.8135144848079462
L,11,01139000,NSE,0.6120245706872582
L,11,01139000,KGE,0.7904562983998851
L,11,01139000,logNSE,0.7790439514697369
L,11,01139800,NSE,0.6974353005823182
L,11,01139800,KGE,0.6822235456309429
L,11,01139800,logNSE,0.7795642556160388
L,11,01142500,NSE,0.6937342424677622
L,11,01142500,KGE,0.640826970271374
L,11,01142500,logNSE,0.7777720673862686
L,11,01144000,NSE,0.7547520260084464
L,11,01144000,KGE,0.7131889646422434
L,11,01144000,logNSE,0.8342772315983933
L,11,01169000,NSE,0.5627266743403934
L,11,01169000,KGE,0.5070346271088065
L,11,01169000,logNSE,0.7658853343246146
L,11,01181000,NSE,0.5542786723494773
L,11,01181000,KGE,0.5001519287342755
L,11,01181000,logNSE,0.8231557581861974
L,11,01187300,NSE,0.6477652934466013
L,11,01187300,KGE,0.693579829741434
L,11,01187300,logNSE,0.6988585831215786
L,11,01333000,NSE,0.45593329006638283
L,11,01333000,KGE,0.4356313040098251
L,11,01333000,logNSE,0.7187153563471493
L,11,01350000,NSE,0.7176010739189882
L,11,01350000,KGE,0.7574254925470514
L,11,01350000,logNSE,0.8121295052759965
L,11,01350080,NSE,0.21590863418040562
L,11,01350080,KGE,0.5807335752406231
L,11,01350080,logNSE,0.7075459271665989
L,11,01350140,NSE,0.37730688511793853
L,11,01350140,KGE,0.5478943897307877
L,11,01350140,logNSE,0.7031053621993464
L,11,01365000,NSE,0.6991554995014174
L,11,01365000,KGE,0.5970101668196088
L,11,01365000,logNSE,0.7958166049302879
L,11,01411300,NSE,-0.08081583241607637
L,11,01411300,KGE,0.4776347875848168
L,11,01411300,logNSE,0.5032484471927079
L,11,01413500,NSE,0.6891344962926654
L,11,01413500,KGE,0.8206147969395587
L,11,01413500,logNSE,0.788034951514787
L,11,01414500,NSE,0.5743396249995012
L,11,01414500,KGE,0.7727908172600995
L,11,01414500,logNSE,0.7110922101683997
L,11,01415000,NSE,0.5530212434381541
L,11,01415000,KGE,0.7762116743542256
L,11,01415000,logNSE,0.7637112608366124
L,11,01423000,NSE,0.8656525616173039
L,11,01423000,KGE,0.8761178755433495
L,11,01423000,logNSE,0.8468505022814944
L,11,01434025,NSE,0.5475322934599067
L,11,01434025,KGE,0.5710663248946819
L,11,01434025,logNSE,0.7477350338102924
L,11,01435000,NSE,0.7220245136321018
L,11,01435000,KGE,0.7273339794955422
L,11,01435000,logNSE,0.8264166940718297
L,11,01439500,NSE,0.7540077368209088
L,11,01439500,KGE,0.6974730691158408
L,11,01439500,logNSE,0.8059426188493464
L,11,01440000,NSE,0.6546158311006214
L,11,01440000,KGE,0.7998918542036422
L,11,01440000,logNSE,0.8490776695313572
L,11,01440400,NSE,0.5911422647605455
L,11,01440400,KGE,0.5169257529183027
L,11,01440400,logNSE,0.8206338492173795
L,11,01451800,NSE,0.7891700374180466
L,11,01451800,KGE,0.8349901155269156
L,11,01451800,logNSE,0.774974124718972
L,11,01466500,NSE,0.28098315959463027
L,11,01466500,KGE,0.6569187169373489
L,11,01466500,logNSE,0.37125074404309355
L,11,01484100,NSE,0.5116741553111772
L,11,01484100,KGE,0.668186550293641
L,11,01484100,logNSE,0.2975159964458881
L,11,01485500,NSE,0.6433657451999295
L,11,01485500,KGE,0.742443470798932
L,11,01485500,logNSE,0.5157998004300851
L,11,01487000,NSE,0.4790850259322883
L,11,01487000,KGE,0.6164178951276431
L,11,01487000,logNSE,0.569719793194259
L,11,01491000,NSE,0.7032573036139214
L,11,01491000,KGE,0.7826001426721256
L,11,01491000,logNSE,0.4973710510660434
L,11,01510000,NSE,0.756992480210991
L,11,01510000,KGE,0.7645081311296484
L,11,01510000,logNSE,0.7965780480245191
L,11,01516500,NSE,0.6605649272307323
L,11,01516500,KGE,0.6717475314764283
L,11,01516500,logNSE,0.5641055216600945
L,11,01518862,NSE,0.7631824974365597
L,11,01518862,KGE,0.8069627128000192
L,11,01518862,logNSE,0.661125921930544
L,11,01532000,NSE,0.7604309935474596
L,11,01532000,KGE,0.83485084824288
L,11,01532000,logNSE,0.7110338280398318
L,11,01539000,NSE,0.6792969046429409
L,11,01539000,KGE,0.6213990561929841
L,11,01539000,logNSE,0.7907902130030897
L,11,01542810,NSE,0.6673820805686506
L,11,01542810,KGE,0.7240962905955426
L,11,01542810,logNSE,0.6900083232144915
L,11,01543000,NSE,0.8072010276185968
L,11,01543000,KGE,0.7628328273531184
L,11,01543000,logNSE,0.7681790627790839
L,11,01543500,NSE,0.8417190318156118
L,11,01543500,KGE,0.8552700031685145
L,11,01543500,logNSE,0.7096636169141215
L,11,01544500,NSE,0.8016426243284537
L,11,01544500,KGE,0.8383225861696565
L,11,01544500,logNSE,0.6700894917675935
L,11,01545600,NSE,0.7240640948473146
L,11,01545600,KGE,0.7704610450430083
L,11,01545600,logNSE,0.5964586529085603
L,11,01547700,NSE,0.7370437742036728
L,11,01547700,KGE,0.6946705886758611
L,11,01547700,logNSE,0.6547825906536293
L,11,01548500,NSE,0.8180081987113089
L,11,01548500,KGE,0.8141347744681247
L,11,01548500,logNSE,0.7292841381135788
L,11,01549500,NSE,0.6834655822665594
L,11,01549500,KGE,0.7219616127597739
L,11,01549500,logNSE,0.5823831609948711
L,11,01550000,NSE,0.740152024431989
L,11,01550000,KGE,0.7774524861637973
L,11,01550000,logNSE,0.6764229097183798
L,11,01552000,NSE,0.8077893212234473
L,11,01552000,KGE,0.7878129647814162
L,11,01552000,logNSE,0.781216752535421
L,11,01552500,NSE,0.7345492195177538
L,11,01552500,KGE,0.7374886780810797
L,11,01552500,logNSE,0.7673830402745725
L,11,01557500,NSE,0.7442720274744494
L,11,01557500,KGE,0.7943468643947513
L,11,01557500,logNSE,0.7326627166922834
L,11,01567500,NSE,0.6340132544241928
L,11,01567500,KGE,0.7980269076977147
L,11,01567500,logNSE,0.6574103154204409
L,11,01568000,NSE,0.8149260539986538
L,11,01568000,KGE,0.782559981619247
L,11,01568000,logNSE,0.7294658387588309
L,11,01580000,NSE,0.7843458624468354
L,11,01580000,KGE,0.8506321001447169
L,11,01580000,logNSE,0.6357172950436093
L,11,01583500,NSE,0.5861792990558203
L,11,01583500,KGE,0.6945577236863556
L,11,01583500,logNSE,0.4467279775165921
L,11,01586610,NSE,0.31450588664999757
L,11,01586610,KGE,0.6110087549582399
L,11,01586610,logNSE,0.538991155082122
L,11,01591400,NSE,0.5742625215194179
L,11,01591400,KGE,0.6995073419330597
L,11,01591400,logNSE,0.46296544703670606
L,11,01594950,NSE,0.7395490588016231
L,11,01594950,KGE,0.8407319847900908
L,11,01594950,logNSE,0.6780603137699512
L,11,01596500,NSE,0.78811104750423
L,11,01596500,KGE,0.7929369593716317
L,11,01596500,logNSE,0.7498077605985537
L,11,01605500,NSE,0.7135011261010717
L,11,01605500,KGE,0.5830456087887927
L,11,01605500,logNSE,0.6257872053737121
L,11,01606500,NSE,0.6824196789304107
L,11,01606500,KGE,0.6705464812178842
L,11,01606500,logNSE,0.6194896273807401
L,11,01613050,NSE,0.6280722052071506
L,11,01613050,KGE,0.6629003581760556
L,11,01613050,logNSE,0.5580149190484545
L,11,01620500,NSE,0.11415770292563765
L,11,01620500,KGE,0.5707920626845266
L,11,01620500,logNSE,0.538331023344925
L,11,01632000,NSE,0.36654888111556894
L,11,01632000,KGE,0.4583554728680199
L,11,01632000,logNSE,0.21120560106734876
L,11,01632900,NSE,0.3899453076208462
L,11,01632900,KGE,0.4787843645813281
L,11,01632900,logNSE,0.15883589118116648
L,11,01634500,NSE,0.467679359711782
L,11,01634500,KGE,0.5008353208047343
L,11,01634500,logNSE,0.27385092385091114
L,11,01638480,NSE,0.544181661540357
L,11,01638480,KGE,0.5592227375203878
L,11,01638480,logNSE,0.19740180843473043
L,11,01639500,NSE,0.6613097252717126
L,11,01639500,KGE,0.6566262416513957
L,11,01639500,logNSE,0.5618556754917867
L,11,01644000,NSE,0.7336500960029693
L,11,01644000,KGE,0.6571958631920597
L,11,01644000,logNSE,0.2497060969701993
L,11,01658500,NSE,0.5441920429026816
L,11,01658500,KGE,0.5780577000595898
L,11,01658500,logNSE,0.22391517154604734
L,11,01664000,NSE,0.7221640395777784
L,11,01664000,KGE,0.6752046184971797
L,11,01664000,logNSE,0.37285738707316807
L,11,01666500,NSE,0.4699807001676033
L,11,01666500,KGE,0.5927472096855393
L,11,01666500,logNSE,0.4389667986241532
L,11,01667500,NSE,0.5930025109938167
L,11,01667500,KGE,0.6071570619960385
L,11,01667500,logNSE,0.44508775692253677
L,11,01669000,NSE,0.527980967959515
L,11,01669000,KGE,0.6061111619612362
L,11,01669000,logNSE,0.3858996874204733
L,11,01669520,NSE,0.6381848603206399
L,11,01669520,KGE,0.7712991870536315
L,11,01669520,logNSE,0.4788644719152497
L,11,02011400,NSE,0.8130766230247366
L,11,02011400,KGE,0.8279312253023695
L,11,02011400,logNSE,0.6519756822009798
L,11,02011460,NSE,0.7823574323758449
L,11,02011460,KGE,0.7967068789798695
L,11,02011460,logNSE,0.6593611006804185
L,11,02013000,NSE,0.7034700577675422
L,11,02013000,KGE,0.5852228738670633
L,11,02013000,logNSE,0.35407234558575806
L,11,02014000,NSE,0.538068241264912
L,11,02014000,KGE,0.5088795964729275
L,11,02014000,logNSE,0.5370652952840744
L,11,02015700,NSE,0.7434442477999234
L,11,02015700,KGE,0.6848912564617884
L,11,02015700,logNSE,0.6856374710044263
L,11,02016000,NSE,0.7822661501247499
L,11,02016000,KGE,0.746897426202616
L,11,02016000,logNSE,0.6921881386768987
L,11,02017500,NSE,0.715563020567662
L,11,02017500,KGE,0.7467285963778418
L,11,02017500,logNSE,0.5520586370145684
L,11,02018000,NSE,0.6988668865801477
L,11,02018000,KGE,0.7665513691649445
L,11,02018000,logNSE,0.5704696990942937
L,11,02027000,NSE,0.5769633098224167
L,11,02027000,KGE,0.5531757234384329
L,11,02027000,logNSE,0.6139992478226421
L,11,02027500,NSE,0.4268381682636966
L,11,02027500,KGE,0.506536571206209
L,11,02027500,logNSE,0.6587122602610744
L,11,02028500,NSE,0.49565472328719107
L,11,02028500,KGE,0.5476128109590457
L,11,02028500,logNSE,0.4107122630811433
L,11,02038850,NSE,0.5319149769374925
L,11,02038850,KGE,0.4995947478709283
L,11,02038850,logNSE,0.04068869968624389
L,11,02046000,NSE,0.6142102507629642
L,11,02046000,KGE,0.57291657485262
L,11,02046000,logNSE,0.45894923886116656
L,11,02051000,NSE,0.3967139391537662
L,11,02051000,KGE,0.31865870508502725
L,11,02051000,logNSE,0.23291353820567806
L,11,02051500,NSE,0.6281567890400848
L,11,02051500,KGE,0.5922132948196273
L,11,02051500,logNSE,0.2930325730666633
L,11,02053200,NSE,0.5717467088804111
L,11,02053200,KGE,0.6212713953621565
L,11,02053200,logNSE,0.1316020703562768
L,11,02053800,NSE,0.3832098051243671
L,11,02053800,KGE,0.5264187309216057
L,11,02053800,logNSE,0.2392038497157688
L,11,02055100,NSE,0.6206883352096275
L,11,02055100,KGE,0.5224848269017844
L,11,02055100,logNSE,0.2368768586020844
L,11,02056900,NSE,0.5050824685534674
L,11,02056900,KGE,0.4202355102850981
L,11,02056900,logNSE,0.3233580644127556
L,11,02059500,NSE,0.1109996097405892
L,11,02059500,KGE,0.4742750923330846
L,11,02059500,logNSE,0.05141303519866769
L,11,02064000,NSE,0.6005723883864633
L,11,02064000,KGE,0.5785053865030978
L,11,02064000,logNSE,0.25406153972430745
L,11,02065500,NSE,0.0660466464903644
L,11,02065500,KGE,0.3684455919454305
L,11,02065500,logNSE,0.04905290230474102
L,11,02069700,NSE,0.48749318734100455
L,11,02069700,KGE,0.6282817166118884
L,11,02069700,logNSE,0.30415040299923635
L,11,02070000,NSE,0.48898645033209165
L,11,02070000,KGE,0.5350977260863565
L,11,02070000,logNSE,0.4316936723552799
L,11,02074500,NSE,0.40994005284375445
L,11,02074500,KGE,0.41710914602972693
L,11,02074500,logNSE,0.39109709550419214
L,11,02077200,NSE,0.5868661233496729
L,11,02077200,KGE,0.6140221995385724
L,11,02077200,logNSE,0.2908451504502024
L,11,02081500,NSE,0.6330599358166678
L,11,02081500,KGE,0.6338043835650033
L,11,02081500,logNSE,0.052376096222271795
L,11,02082950,NSE,0.49666041477303935
L,11,02082950,KGE,0.5988338103374422
L,11,02082950,logNSE,0.17103711570175795
L,11,02096846,NSE,0.40887102839139766
L,11,02096846,KGE,0.13398494215594448
L,11,02096846,logNSE,-0.35706159119921566
L,11,02111180,NSE,0.494414486286487
L,11,02111180,KGE,0.6565658444162111
L,11,02111180,logNSE,0.33565703810965897
L,11,02111500,NSE,0.4604900444714445
L,11,02111500,KGE,0.5594343865809894
L,11,02111500,logNSE,0.22516852305762136
L,11,02112120,NSE,0.15647282475649893
L,11,02112120,KGE,0.44545977212327903
L,11,02112120,logNSE,-0.03017244349581305
L,11,02112360,NSE,0.4556844832476179
L,11,02112360,KGE,0.5767511727226242
L,11,02112360,logNSE,0.13944705363241439
L,11,02118500,NSE,0.4363213810794119
L,11,02118500,KGE,0.4246822179085834
L,11,02118500,logNSE,0.14061493207582276
L,11,02125000,NSE,0.6149556958335987
L,11,02125000,KGE,0.21190359168154504
L,11,02125000,logNSE,-0.3288381517023957
L,11,02128000,NSE,0.4149273890498185
L,11,02128000,KGE,0.4320390668892725
L,11,02128000,logNSE,0.09811563707218085
L,11,02137727,NSE,0.5508722924562268
L,11,02137727,KGE,0.6627230571452386
L,11,02137727,logNSE,0.48750293397896927
L,11,02140991,NSE,0.5336040193943203
L,11,02140991,KGE,0.7051740574637443
L,11,02140991,logNSE,0.5392068023488854
L,11,02143000,NSE,0.65294759631668
L,11,02143000,KGE,0.632868888154634
L,11,02143000,logNSE,0.37506068978796214
L,11,02143040,NSE,0.5382089543255814
L,11,02143040,KGE,0.5470455090480155
L,11,02143040,logNSE,0.40458627871153585
L,11,02149000,NSE,0.41035657828822136
L,11,02149000,KGE,0.3921461807101877
L,11,02149000,logNSE,0.28909389264687324
L,11,02152100,NSE,0.4283395975891031
L,11,02152100,KGE,0.3984702817985436
L,11,02152100,logNSE,0.2635902804309366
L,11,02177000,NSE,0.515815854574744
L,11,02177000,KGE,0.5700160640102152
L,11,02177000,logNSE,0.5192777308069358
L,11,02178400,NSE,0.6164181396559678
L,11,02178400,KGE,0.6555589248817701
L,11,02178400,logNSE,0.5823431922253213
L,11,03010655,NSE,0.8172828019232544
L,11,03010655,KGE,0.7761144447191825
L,11,03010655,logNSE,0.7694638553687689
L,11,03011800,NSE,0.6941457950520888
L,11,03011800,KGE,0.5890597704274675
L,11,03011800,logNSE,0.8016231210812782
L,11,03015500,NSE,0.8157531791337932
L,11,03015500,KGE,0.8228637794371471
L,11,03015500,logNSE,0.8634736566911663
L,11,03021350,NSE,0.6436689672952872
L,11,03021350,KGE,0.7059926584413859
L,11,03021350,logNSE,0.8018896158574625
L,11,03026500,NSE,0.730964834352143
L,11,03026500,KGE,0.693008075943723
L,11,03026500,logNSE,0.6820440205855651
L,11,03028000,NSE,0.7941023079801022
L,11,03028000,KGE,0.7503446331191362
L,11,03028000,logNSE,0.7512482579286672
L,11,03049000,NSE,0.735339602542484
L,11,03049000,KGE,0.8094626756281526
L,11,03049000,logNSE,0.6569621709270387
L,11,03049800,NSE,0.44654310160531063
L,11,03049800,KGE,0.3803910934841048
L,11,03049800,logNSE,0.6852757576600976
L,11,03050000,NSE,0.8298484050785833
L,11,03050000,KGE,0.8727094539432674
L,11,03050000,logNSE,0.8069263012137519
L,11,03066000,NSE,0.7307524510526826
L,11,03066000,KGE,0.8388726711559096
L,11,03066000,logNSE,0.8119750713153326
L,11,03069500,NSE,0.8740889709005485
L,11,03069500,KGE,0.8614284906394492
L,11,03069500,logNSE,0.7887957318782414
L,11,03070500,NSE,0.7929251242492668
L,11,03070500,KGE,0.8214826182476584
L,11,03070500,logNSE,0.7645573032074777
L,11,03076600,NSE,0.7022973368014027
L,11,03076600,KGE,0.7396891683352146
L,11,03076600,logNSE,0.7447421702037816
L,11,03078000,NSE,0.7389649279451695
L,11,03078000,KGE,0.751593126537599
L,11,03078000,logNSE,0.6760702875952156
L,11,03140000,NSE,0.7243525296914306
L,11,03140000,KGE,0.7568483126580559
L,11,03140000,logNSE,0.6604378485069093
L,11,03144000,NSE,0.7979780776368811
L,11,03144000,KGE,0.7370827961904678
L,11,03144000,logNSE,0.7358373980179701
L,11,03159540,NSE,0.7472617089720652
L,11,03159540,KGE,0.7728326729560965
L,11,03159540,logNSE,0.560545339071757
L,11,03161000,NSE,0.7083145556613654
L,11,03161000,KGE,0.7439303822925409
L,11,03161000,logNSE,0.5597866304645278
L,11,03164000,NSE,0.6243241671612759
L,11,03164000,KGE,0.7227348899068707
L,11,03164000,logNSE,0.5017733496755608
L,11,03165000,NSE,0.5225602078541187
L,11,03165000,KGE,0.6723666737625975
L,11,03165000,logNSE,0.5729588276506796
L,11,03170000,NSE,0.7229452219174697
L,11,03170000,KGE,0.6808171713860834
L,11,03170000,logNSE,0.3169432015804512
L,11,03173000,NSE,0.5558772980296445
L,11,03173000,KGE,0.6637884203842979
L,11,03173000,logNSE,0.46916435250538013
L,11,03180500,NSE,0.7992471738496204
L,11,03180500,KGE,0.8747510696669734
L,11,03180500,logNSE,0.7828165515094682
L,11,03182500,NSE,0.8365272982889301
L,11,03182500,KGE,0.8658207994183502
L,11,03182500,logNSE,0.7305760133440674
L,11,03186500,NSE,0.7705587340529485
L,11,03186500,KGE,0.8691420345388459
L,11,03186500,logNSE,0.8084494092134527
L,11,03187500,NSE,0.80893242233791
L,11,03187500,KGE,0.8138612627368549
L,11,03187500,logNSE,0.8143443320358232
L,11,03213700,NSE,0.7340213656054138
L,11,03213700,KGE,0.6978045230039294
L,11,03213700,logNSE,0.5409831853533689
L,11,03237280,NSE,0.5221256630976814
L,11,03237280,KGE,0.5293234542293707
L,11,03237280,logNSE,0.45868543091254077
L,11,03237500,NSE,0.5487919314746819
L,11,03237500,KGE,0.7210871614699446
L,11,03237500,logNSE,0.43369465569888843
L,11,03238500,NSE,0.5331063308052104
L,11,03238500,KGE,0.6993161543390497
L,11,03238500,logNSE,0.40796165085430547
L,11,03241500,NSE,0.8018309626903355
L,11,03241500,KGE,0.8134463959046581
L,11,03241500,logNSE,0.7264915792981734
L,11,03439000,NSE,0.6758190766601294
L,11,03439000,KGE,0.7161090510546935
L,11,03439000,logNSE,0.6143047492100946
L,11,03450000,NSE,0.6051263782012432
L,11,03450000,KGE,0.7117495557510628
L,11,03450000,logNSE,0.6820272396385034
L,11,03455500,NSE,0.5971581416664105
L,11,03455500,KGE,0.7555101562325197
L,11,03455500,logNSE,0.7155075012411355
L,11,03456500,NSE,0.4935873769157846
L,11,03456500,KGE,0.610777453910122
L,11,03456500,logNSE,0.5585536681280698
L,11,03460000,NSE,0.679794068265015
L,11,03460000,KGE,0.7935049070244609
L,11,03460000,logNSE,0.59112433405218
L,11,03463300,NSE,0.5075801934566928
L,11,03463300,KGE,0.7065917456470836
L,11,03463300,logNSE,0.7248737787732216
L,11,03471500,NSE,0.41073765491761194
L,11,03471500,KGE,0.6834293341591448
L,11,03471500,logNSE,0.5923422301605248
L,11,03473000,NSE,0.6886269827518932
L,11,03473000,KGE,0.7704450688558109
L,11,03473000,logNSE,0.710349368672923
L,11,03479000,NSE,0.44096355452834013
L,11,03479000,KGE,0.639655374977248
L,11,03479000,logNSE,0.4751112210422552
L,11,03488000,NSE,0.1773131943140056
L,11,03488000,KGE,0.45271001648892684
L,11,03488000,logNSE,0.4735153725961937
L,11,03498500,NSE,0.795538395496922
L,11,03498500,KGE,0.7934689950401089
L,11,03498500,logNSE,0.6454964794342094
L,11,03500000,NSE,0.647248130103635
L,11,03500000,KGE,0.6882183830773364
L,11,03500000,logNSE,0.5402923144006275
L,11,03500240,NSE,0.527776951253625
L,11,03500240,KGE,0.6376894283975276
L,11,03500240,logNSE,0.4394473519612595
L,11,03504000,NSE,0.7210722575470967
L,11,03504000,KGE,0.7849221381792568
L,11,03504000,logNSE,0.7001267495641778
L,11,04105700,NSE,0.23717002878453042
L,11,04105700,KGE,0.6118376435234709
L,11,04105700,logNSE,0.49550664845889447
L,11,04115265,NSE,0.6332822225941832
L,11,04115265,KGE,0.7604586946071971
L,11,04115265,logNSE,0.6942090069713622
L,11,04122200,NSE,0.7289143819782142
L,11,04122200,KGE,0.8113163471100786
L,11,04122200,logNSE,0.7727047685993096
L,11,04185000,NSE,0.766243450751999
L,11,04185000,KGE,0.8606554121735669
L,11,04185000,logNSE,0.6673203730711535
L,11,04196800,NSE,0.693279954336216
L,11,04196800,KGE,0.7858035971409602
L,11,04196800,logNSE,0.5585356835600663
L,11,04197100,NSE,0.457401777528018
L,11,04197100,KGE,0.6832235624348355
L,11,04197100,logNSE,0.7375666042440272
L,11,04197170,NSE,0.7238772113594109
L,11,04197170,KGE,0.8403005565349883
L,11,04197170,logNSE,0.5684995112822891
L,11,04213000,NSE,0.6652191987201682
L,11,04213000,KGE,0.7542665306630387
L,11,04213000,logNSE,0.7251536522388682
L,11,04213075,NSE,0.3946640558570944
L,11,04213075,KGE,0.38379015348943035
L,11,04213075,logNSE,0.5769656522528424
L,11,04216418,NSE,0.676794186394552
L,11,04216418,KGE,0.586103174528296
L,11,04216418,logNSE,0.8160133039709063
L,11,04221000,NSE,0.8035193666478282
L,11,04221000,KGE,0.8410807497785919
L,11,04221000,logNSE,0.7686513444072494
L,11,04224775,NSE,0.7174945696869413
L,11,04224775,KGE,0.7780033188904842
L,11,04224775,logNSE,0.7626429139456637
L,11,04233000,NSE,0.6378972979472151
L,11,04233000,KGE,0.640035627453663
L,11,04233000,logNSE,0.6308683992834564
L,11,04256000,NSE,0.7213058494885879
L,11,04256000,KGE,0.6952874322684515
L,11,04256000,logNSE,0.8403134883840904
L,11,04296000,NSE,0.5414363690950952
L,11,04296000,KGE,0.7771703299537442
L,11,04296000,logNSE,0.7777183645577543
L,13,01030500,NSE,0.77520783278286
L,13,01030500,KGE,0.6844571276952336
L,13,01030500,logNSE,0.8431297364083955
L,13,01031500,NSE,0.7500219453396021
L,13,01031500,KGE,0.6880605282847688
L,13,01031500,logNSE,0.8592478540966729
L,13,01047000,NSE,0.8040519339631905
L,13,01047000,KGE,0.7038084715387781
L,13,01047000,logNSE,0.8465890523133135
L,13,01052500,NSE,0.7192883944026667
L,13,01052500,KGE,0.8198794601931803
L,13,01052500,logNSE,0.7498111578287001
L,13,01054200,NSE,0.5745523679656621
L,13,01054200,KGE,0.7050624008229063
L,13,01054200,logNSE,0.7688284478648297
L,13,01055000,NSE,0.6588662012944884
L,13,01055000,KGE,0.6924985590379129
L,13,01055000,logNSE,0.723198595906152
L,13,01057000,NSE,0.6940773305273272
L,13,01057000,KGE,0.8371622533852845
L,13,01057000,logNSE,0.8315207469625612
L,13,01078000,NSE,0.7775843927718971
L,13,01078000,KGE,0.8036448471664283
L,13,01078000,logNSE,0.8502395575079229
L,13,01134500,NSE,0.7128911978901111
L,13,01134500,KGE,0.7545092791566254
L,13,01134500,logNSE,0.7964316822888622
L,13,01137500,NSE,0.6463781267448161
L,13,01137500,KGE,0.7674045250495026
L,13,01137500,logNSE,0.7719880634640124
L,13,01139000,NSE,0.6082797392628229
L,13,01139000,KGE,0.8075819244697412
L,13,01139000,logNSE,0.7350695193189808
L,13,01139800,NSE,0.6511677369817463
L,13,01139800,KGE,0.6877411753358029
L,13,01139800,logNSE,0.7410435526598491
L,13,01142500,NSE,0.6745122934880571
L,13,01142500,KGE,0.7615921281104698
L,13,01142500,logNSE,0.7836887756819404
L,13,01144000,NSE,0.7756817984787768
L,13,01144000,KGE,0.8165968936791178
L,13,01144000,logNSE,0.8353349069508633
L,13,01169000,NSE,0.5925673070347435
L,13,01169000,KGE,0.5283757047180508
L,13,01169000,logNSE,0.7204004909011881
L,13,01181000,NSE,0.5219339285907837
L,13,01181000,KGE,0.4803887827049452
L,13,01181000,logNSE,0.8533893151882548
L,13,01187300,NSE,0.6295540826342617
L,13,01187300,KGE,0.7725603365629801
L,13,01187300,logNSE,0.83550704284416
L,13,01333000,NSE,0.5183496426267986
L,13,01333000,KGE,0.616274058815081
L,13,01333000,logNSE,0.7352044664197506
L,13,01350000,NSE,0.74969747017116
L,13,01350000,KGE,0.8413521420784118
L,13,01350000,logNSE,0.8091035781803261
L,13,01350080,NSE,-0.04213276320741066
L,13,01350080,KGE,0.3244242481540467
L,13,01350080,logNSE,0.7264004103349805
L,13,01350140,NSE,0.2447557210869279
L,13,01350140,KGE,0.6059497513844125
L,13,01350140,logNSE,0.7792706780785985
L,13,01365000,NSE,0.73878595100803
L,13,01365000,KGE,0.7211564078132946
L,13,01365000,logNSE,0.7872203528742909
L,13,01411300,NSE,-0.18768332059978476
L,13,01411300,KGE,0.378090373857641
L,13,01411300,logNSE,0.6073681051856192
L,13,01413500,NSE,0.5472052337748076
L,13,01413500,KGE,0.6803154720253062
L,13,01413500,logNSE,0.7866738026041893
L,13,01414500,NSE,0.5662833254201471
L,13,01414500,KGE,0.751728327236013
L,13,01414500,logNSE,0.7059767374770696
L,13,01415000,NSE,0.4987460258830865
L,13,01415000,KGE,0.7366711301717674
L,13,01415000,logNSE,0.7683439518956665
L,13,01423000,NSE,0.8023601171621844
L,13,01423000,KGE,0.8730229617293832
L,13,01423000,logNSE,0.855273519131483
L,13,01434025,NSE,0.5974581277415856
L,13,01434025,KGE,0.6436519126854698
L,13,01434025,logNSE,0.7815949184981097
L,13,01435000,NSE,0.7241170814407649
L,13,01435000,KGE,0.8066223347412566
L,13,01435000,logNSE,0.8369139389886139
L,13,01439500,NSE,0.7671607365227382
L,13,01439500,KGE,0.804323168320145
L,13,01439500,logNSE,0.8125011497307486
L,13,01440000,NSE,0.7489852895537692
L,13,01440000,KGE,0.8741009876642652
L,13,01440000,logNSE,0.869870226330895
L,13,01440400,NSE,0.6049306905420437
L,13,01440400,KGE,0.5797406470583972
L,13,01440400,logNSE,0.8030528539021395
L,13,01451800,NSE,0.7661996424457046
L,13,01451800,KGE,0.8514553070250006
L,13,01451800,logNSE,0.7528349341070528
L,13,01466500,NSE,0.20443026280495535
L,13,01466500,KGE,0.6148281510710243
L,13,01466500,logNSE,0.5017972770743291
L,13,01484100,NSE,0.3389836907431345
L,13,01484100,KGE,0.6697902092075232
L,13,01484100,logNSE,0.3562872939053694
L,13,01485500,NSE,0.6668095872598712
L,13,01485500,KGE,0.7956020792359618
L,13,01485500,logNSE,0.638776716603156
L,13,01487000,NSE,0.5227530071366144
L,13,01487000,KGE,0.6882502615813493
L,13,01487000,logNSE,0.6239000818013801
L,13,01491000,NSE,0.7448776472873947
L,13,01491000,KGE,0.83644449227397
L,13,01491000,logNSE,0.6809967728533095
L,13,01510000,NSE,0.709196801692809
L,13,01510000,KGE,0.8342665518905661
L,13,01510000,logNSE,0.7017415696096758
L,13,01516500,NSE,0.4888800091658074
L,13,01516500,KGE,0.6577717647687421
L,13,01516500,logNSE,0.6257410787206897
L,13,01518862,NSE,0.7053509854884019
L,13,01518862,KGE,0.7794208197983314
L,13,01518862,logNSE,0.6266367305316023
L,13,01532000,NSE,0.7023888089769695
L,13,01532000,KGE,0.751279954318198
L,13,01532000,logNSE,0.7895628680401141
L,13,01539000,NSE,0.7674486294164586
L,13,01539000,KGE,0.7500143635839518
L,13,01539000,logNSE,0.8368601227682737
L,13,01542810,NSE,0.6731581087027305
L,13,01542810,KGE,0.7893655504476308
L,13,01542810,logNSE,0.7584351609050848
L,13,01543000,NSE,0.8169195627076481
L,13,01543000,KGE,0.8509881880727685
L,13,01543000,logNSE,0.842214092537254
L,13,01543500,NSE,0.8038278774355935
L,13,01543500,KGE,0.8636466370060103
L,13,01543500,logNSE,0.8276515307721655
L,13,01544500,NSE,0.7743495946201261
L,13,01544500,KGE,0.8647344056714229
L,13,01544500,logNSE,0.7858974982356712
L,13,01545600,NSE,0.6057912238366197
L,13,01545600,KGE,0.7667594879843862
L,13,01545600,logNSE,0.7189226050825831
L,13,01547700,NSE,0.7034186858998644
L,13,01547700,KGE,0.7281107065520687
L,13,01547700,logNSE,0.6699450498529698
L,13,01548500,NSE,0.817639935451939
L,13,01548500,KGE,0.8639431684469974
L,13,01548500,logNSE,0.8261775942504587
L,13,01549500,NSE,0.5953318573851016
L,13,01549500,KGE,0.6091524736182741
L,13,01549500,logNSE,0.6601182945297213
L,13,01550000,NSE,0.6040808552826642
L,13,01550000,KGE,0.6209609043206497
L,13,01550000,logNSE,0.7423558236735579
L,13,01552000,NSE,0.6948859394340927
L,13,01552000,KGE,0.7282610687134466
L,13,01552000,logNSE,0.8302184557360314
L,13,01552500,NSE,0.6912468120390439
L,13,01552500,KGE,0.8217685831790768
L,13,01552500,logNSE,0.693671046251557
L,13,01557500,NSE,0.7530270378522251
L,13,01557500,KGE,0.8031798908605994
L,13,01557500,logNSE,0.7986575567148286
L,13,01567500,NSE,0.6912828709866052
L,13,01567500,KGE,0.8359893002013171
L,13,01567500,logNSE,0.6650305748930979
L,13,01568000,NSE,0.8393537437497972
L,13,01568000,KGE,0.8557283230173606
L,13,01568000,logNSE,0.7573067506773132
L,13,01580000,NSE,0.7761424495769356
L,13,01580000,KGE,0.8579714976378472
L,13,01580000,logNSE,0.6783834789379297
L,13,01583500,NSE,0.5577788473487346
L,13,01583500,KGE,0.7157253172106598
L,13,01583500,logNSE,0.5827068977523086
L,13,01586610,NSE,0.4128323672903196
L,13,01586610,KGE,0.6774285628192493
L,13,01586610,logNSE,0.641404917871186
L,13,01591400,NSE,0.5024317478272426
L,13,01591400,KGE,0.6832140249785438
L,13,01591400,logNSE,-0.05462841180182876
L,13,01594950,NSE,0.6955615346099173
L,13,01594950,KGE,0.839120150360844
L,13,01594950,logNSE,0.5995645852133575
L,13,01596500,NSE,0.7830615206698518
L,13,01596500,KGE,0.8361592970371888
L,13,01596500,logNSE,0.787328128937052
L,13,01605500,NSE,0.5889656133042152
L,13,01605500,KGE,0.5680870863257252
L,13,01605500,logNSE,0.7486688055611413
L,13,01606500,NSE,0.6402186794697502
L,13,01606500,KGE,0.7085822968380138
L,13,01606500,logNSE,0.7479056272528345
L,13,01613050,NSE,0.575104544763468
L,13,01613050,KGE,0.686386039135976
L,13,01613050,logNSE,0.5916768135728279
L,13,01620500,NSE,0.16278477643132627
L,13,01620500,KGE,0.5928602520527428
L,13,01620500,logNSE,0.5781705400884722
L,13,01632000,NSE,0.42135926818948155
L,13,01632000,KGE,0.49438200113359576
L,13,01632000,logNSE,0.28582301571045976
L,13,01632900,NSE,0.4530258058710852
L,13,01632900,KGE,0.6280021374648482
L,13,01632900,logNSE,0.5049964231143959
L,13,01634500,NSE,0.4276386478582357
L,13,01634500,KGE,0.6543574759551917
L,13,01634500,logNSE,0.5512067036402886
L,13,01638480,NSE,0.5954828718463617
L,13,01638480,KGE,0.6468639654389372
L,13,01638480,logNSE,0.47075267581972846
L,13,01639500,NSE,0.669968245767235
L,13,01639500,KGE,0.7227167701374637
L,13,01639500,logNSE,0.6994024225314546
L,13,01644000,NSE,0.7433489690131357
L,13,01644000,KGE,0.7554483312904556
L,13,01644000,logNSE,0.5715505673362558
L,13,01658500,NSE,0.5797311303592563
L,13,01658500,KGE,0.5967155858321309
L,13,01658500,logNSE,0.6173885240961903
L,13,01664000,NSE,0.6870365326284396
L,13,01664000,KGE,0.7153086835356692
L,13,01664000,logNSE,0.6883361164191026
L,13,01666500,NSE,0.4341389130891835
L,13,01666500,KGE,0.6401741848464068
L,13,01666500,logNSE,0.6165320572431086
L,13,01667500,NSE,0.6190992635683924
L,13,01667500,KGE,0.6895923421992112
L,13,01667500,logNSE,0.6832647810355035
L,13,01669000,NSE,0.45627576207719034
L,13,01669000,KGE,0.6806431638356791
L,13,01669000,logNSE,0.5297718102514783
L,13,01669520,NSE,0.6547451126108403
L,13,01669520,KGE,0.7877925094246907
L,13,01669520,logNSE,0.6168589771588207
L,13,02011400,NSE,0.7605950407942377
L,13,02011400,KGE,0.8591503468158523
L,13,02011400,logNSE,0.670238643377598
L,13,02011460,NSE,0.7093886236503343
L,13,02011460,KGE,0.8304320571406172
L,13,02011460,logNSE,0.4659963762126579
L,13,02013000,NSE,0.6982371123265532
L,13,02013000,KGE,0.7079266916391982
L,13,02013000,logNSE,0.44356642486062126
L,13,02014000,NSE,0.6643877304147603
L,13,02014000,KGE,0.6747051765123276
L,13,02014000,logNSE,0.6320596429451668
L,13,02015700,NSE,0.6797647288245892
L,13,02015700,KGE,0.7281472879705542
L,13,02015700,logNSE,0.7640876446607267
L,13,02016000,NSE,0.7894250605030996
L,13,02016000,KGE,0.7948018032327028
L,13,02016000,logNSE,0.7562077278238722
L,13,02017500,NSE,0.7149323805251127
L,13,02017500,KGE,0.7959289501912341
L,13,02017500,logNSE,0.4467355714493596
L,13,02018000,NSE,0.7486257054666692
L,13,02018000,KGE,0.8244718824157031
L,13,02018000,logNSE,0.7138373757757965
L,13,02027000,NSE,0.44804735688479524
L,13,02027000,KGE,0.5089550933454158
L,13,02027000,logNSE,0.71966657473874
L,13,02027500,NSE,0.3043815944280581
L,13,02027500,KGE,0.5896265309970385
L,13,02027500,logNSE,0.5518022039848538
L,13,02028500,NSE,0.5162104099548033
L,13,02028500,KGE,0.6124343963503565
L,13,02028500,logNSE,0.620922666547374
L,13,02038850,NSE,0.7034360254768466
L,13,02038850,KGE,0.5744794539413984
L,13,02038850,logNSE,0.36305031784759667
L,13,02046000,NSE,0.6679221083801825
L,13,02046000,KGE,0.6413084544502664
L,13,02046000,logNSE,0.6776370975728216
L,13,02051000,NSE,0.46059129064983295
L,13,02051000,KGE,0.4124833543714952
L,13,02051000,logNSE,0.6114392554557537
L,13,02051500,NSE,0.7099897857559281
L,13,02051500,KGE,0.8111113142481555
L,13,02051500,logNSE,0.5078868369417016
L,13,02053200,NSE,0.47606624447634693
L,13,02053200,KGE,0.7097826647005697
L,13,02053200,logNSE,0.5893929164070473
L,13,02053800,NSE,0.26006612143185304
L,13,02053800,KGE,0.4831058063080331
L,13,02053800,logNSE,0.47214363052021413
L,13,02055100,NSE,0.5674309968891453
L,13,02055100,KGE,0.5616485508566732
L,13,02055100,logNSE,0.47413939462153143
L,13,02056900,NSE,0.6151658113259046
L,13,02056900,KGE,0.5951004736924537
L,13,02056900,logNSE,0.4809452169190138
L,13,02059500,NSE,0.37417072800987283
L,13,02059500,KGE,0.5857557898013563
L,13,02059500,logNSE,0.3638868228121255
L,13,02064000,NSE,0.6248323994695575
L,13,02064000,KGE,0.702763651883891
L,13,02064000,logNSE,0.6203539993540579
L,13,02065500,NSE,0.34065249191856306
L,13,02065500,KGE,0.45039255168778347
L,13,02065500,logNSE,0.2999106041885563
L,13,02069700,NSE,0.3644001008909141
L,13,02069700,KGE,0.6306041370429276
L,13,02069700,logNSE,0.38254981483754713
L,13,02070000,NSE,0.5193922876939476
L,13,02070000,KGE,0.6524093225669352
L,13,02070000,logNSE,0.47230869818948773
L,13,02074500,NSE,0.40825416813621895
L,13,02074500,KGE,0.4074345321472732
L,13,02074500,logNSE,0.5036124453595511
L,13,02077200,NSE,0.4668175515170053
L,13,02077200,KGE,0.6213896448807
L,13,02077200,logNSE,0.6161550583067931
L,13,02081500,NSE,0.5591529695283596
L,13,02081500,KGE,0.5554084159239908
L,13,02081500,logNSE,0.48191309974060603
L,13,02082950,NSE,0.24245439054631368
L,13,02082950,KGE,0.4546426882616845
L,13,02082950,logNSE,0.4884159341760477
L,13,02096846,NSE,0.497828974792645
L,13,02096846,KGE,0.2537995617199118
L,13,02096846,logNSE,0.2637553200603463
L,13,02111180,NSE,0.4759893145231793
L,13,02111180,KGE,0.648196474812809
L,13,02111180,logNSE,0.4487898449273904
L,13,02111500,NSE,0.40527599368270084
L,13,02111500,KGE,0.6052208819496072
L,13,02111500,logNSE,0.2762804783548689
L,13,02112120,NSE,0.17805459013500347
L,13,02112120,KGE,0.5068364768733425
L,13,02112120,logNSE,0.1786840973209669
L,13,02112360,NSE,0.39639233111837513
L,13,02112360,KGE,0.618951728923961
L,13,02112360,logNSE,0.2297125050537977
L,13,02118500,NSE,0.48904756144792094
L,13,02118500,KGE,0.5810194025586422
L,13,02118500,logNSE,0.3807682506045993
L,13,02125000,NSE,0.676099464306678
L,13,02125000,KGE,0.4227297133972884
L,13,02125000,logNSE,0.1990336432495331
L,13,02128000,NSE,0.43729773495601476
L,13,02128000,KGE,0.4950732484006597
L,13,02128000,logNSE,0.34608304013653346
L,13,02137727,NSE,0.5760949278531435
L,13,02137727,KGE,0.6851541302222954
L,13,02137727,logNSE,0.6325729145745039
L,13,02140991,NSE,0.48659897590056267
L,13,02140991,KGE,0.7134268503863912
L,13,02140991,logNSE,0.6256561467373519
L,13,02143000,NSE,0.5061548720524478
L,13,02143000,KGE,0.644063126198563
L,13,02143000,logNSE,0.48395092211334234
L,13,02143040,NSE,0.5343007299058693
L,13,02143040,KGE,0.565871222117086
L,13,02143040,logNSE,0.5470252169923461
L,13,02149000,NSE,0.4458318594204316
L,13,02149000,KGE,0.5158546088466129
L,13,02149000,logNSE,0.3824805864870251
L,13,02152100,NSE,0.45455317479820745
L,13,02152100,KGE,0.5007987920699865
L,13,02152100,logNSE,0.4447863800334567
L,13,02177000,NSE,0.5008216509729275
L,13,02177000,KGE,0.6186104868708625
L,13,02177000,logNSE,0.5856469043844978
L,13,02178400,NSE,0.6191648351857812
L,13,02178400,KGE,0.7277916997403835
L,13,02178400,logNSE,0.6270695670230992
L,13,03010655,NSE,0.803219303769178
L,13,03010655,KGE,0.8009478504286098
L,13,03010655,logNSE,0.7433633377014564
L,13,03011800,NSE,0.6842097935228364
L,13,03011800,KGE,0.6339500519169975
L,13,03011800,logNSE,0.7777905594351291
L,13,03015500,NSE,0.7811825475637293
L,13,03015500,KGE,0.8070434305580223
L,13,03015500,logNSE,0.8428300977455525
L,13,03021350,NSE,0.6516502675907916
L,13,03021350,KGE,0.7492830927965634
L,13,03021350,logNSE,0.6520080200519792
L,13,03026500,NSE,0.7642581170861171
L,13,03026500,KGE,0.7106569778887069
L,13,03026500,logNSE,0.8009093413637132
L,13,03028000,NSE,0.7920559106597933
L,13,03028000,KGE,0.8648787019611532
L,13,03028000,logNSE,0.7999945260752671
L,13,03049000,NSE,0.745822351980084
L,13,03049000,KGE,0.8357689147636356
L,13,03049000,logNSE,0.6934589127637691
L,13,03049800,NSE,0.6040690423934052
L,13,03049800,KGE,0.5799543175675265
L,13,03049800,logNSE,0.6845835670903149
L,13,03050000,NSE,0.7965232579210734
L,13,03050000,KGE,0.880698472974012
L,13,03050000,logNSE,0.8573804879328245
L,13,03066000,NSE,0.6797310526504377
L,13,03066000,KGE,0.8364209921802592
L,13,03066000,logNSE,0.8063121088123881
L,13,03069500,NSE,0.8690063695231095
L,13,03069500,KGE,0.9093808842385896
L,13,03069500,logNSE,0.9135397843310227
L,13,03070500,NSE,0.8054440105863154
L,13,03070500,KGE,0.8782640396092194
L,13,03070500,logNSE,0.8385161396841116
L,13,03076600,NSE,0.6548340166770742
L,13,03076600,KGE,0.77974143683429
L,13,03076600,logNSE,0.770360325998366
L,13,03078000,NSE,0.7496648967291751
L,13,03078000,KGE,0.7976938007264813
L,13,03078000,logNSE,0.7934884634295594
L,13,03140000,NSE,0.7800103158788454
L,13,03140000,KGE,0.8269142380390313
L,13,03140000,logNSE,0.590528864136068
L,13,03144000,NSE,0.8258459023034064
L,13,03144000,KGE,0.8929794944469485
L,13,03144000,logNSE,0.5973764831746915
L,13,03159540,NSE,0.7588126011853056
L,13,03159540,KGE,0.8030831480017704
L,13,03159540,logNSE,0.6643117123340271
L,13,03161000,NSE,0.7084652987348475
L,13,03161000,KGE,0.8128864260249804
L,13,03161000,logNSE,0.6167799339278508
L,13,03164000,NSE,0.696903217055472
L,13,03164000,KGE,0.8227815006123544
L,13,03164000,logNSE,0.7178915421210563
L,13,03165000,NSE,0.22777205064087447
L,13,03165000,KGE,0.6366629902975558
L,13,03165000,logNSE,0.5881651100272294
L,13,03170000,NSE,0.7726492670436231
L,13,03170000,KGE,0.8029236336069481
L,13,03170000,logNSE,0.5182862418289129
L,13,03173000,NSE,0.6578376663107495
L,13,03173000,KGE,0.7612186409011233
L,13,03173000,logNSE,0.5824534870818043
L,13,03180500,NSE,0.7415036101845904
L,13,03180500,KGE,0.8533788770975608
L,13,03180500,logNSE,0.8036226444156347
L,13,03182500,NSE,0.7384410610796417
L,13,03182500,KGE,0.8452064091230207
L,13,03182500,logNSE,0.8052381810888614
L,13,03186500,NSE,0.7565591278490629
L,13,03186500,KGE,0.867984136860155
L,13,03186500,logNSE,0.7909464917856458
L,13,03187500,NSE,0.8105456056711968
L,13,03187500,KGE,0.8903697648919849
L,13,03187500,logNSE,0.7793039426305008
L,13,03213700,NSE,0.6535636240763691
L,13,03213700,KGE,0.7292568833619574
L,13,03213700,logNSE,0.603586436215102
L,13,03237280,NSE,0.5816613289517077
L,13,03237280,KGE,0.5575391235277573
L,13,03237280,logNSE,0.6843072113099542
L,13,03237500,NSE,0.6419654347247794
L,13,03237500,KGE,0.7614781710002423
L,13,03237500,logNSE,0.6504883075561839
L,13,03238500,NSE,0.5586402245650557
L,13,03238500,KGE,0.6785104307757136
L,13,03238500,logNSE,0.5920807802195924
L,13,03241500,NSE,0.8185611915015554
L,13,03241500,KGE,0.9035733280868331
L,13,03241500,logNSE,0.702774026512526
L,13,03439000,NSE,0.6831985270966663
L,13,03439000,KGE,0.7912587550557735
L,13,03439000,logNSE,0.6793904570291946
L,13,03450000,NSE,0.5445191580448243
L,13,03450000,KGE,0.7341623915831972
L,13,03450000,logNSE,0.49667538137202416
L,13,03455500,NSE,0.4956013027556532
L,13,03455500,KGE,0.7185422614539312
L,13,03455500,logNSE,0.699945653500714
L,13,03456500,NSE,0.5043121785754645
L,13,03456500,KGE,0.6876370413324671
L,13,03456500,logNSE,0.651966829293445
L,13,03460000,NSE,0.28964584741121746
L,13,03460000,KGE,0.5550161513071568
L,13,03460000,logNSE,0.6826447686877075
L,13,03463300,NSE,0.6061480867818085
L,13,03463300,KGE,0.7316820482619046
L,13,03463300,logNSE,0.7170200609081823
L,13,03471500,NSE,0.6414882118661434
L,13,03471500,KGE,0.7852628389334755
L,13,03471500,logNSE,0.7021891053478045
L,13,03473000,NSE,0.6541768143905267
L,13,03473000,KGE,0.7881726976947664
L,13,03473000,logNSE,0.7265557823273967
L,13,03479000,NSE,0.5057192632818639
L,13,03479000,KGE,0.6743787937278425
L,13,03479000,logNSE,0.5713056691606235
L,13,03488000,NSE,0.319936329800241
L,13,03488000,KGE,0.4440278306086073
L,13,03488000,logNSE,0.6244565182531643
L,13,03498500,NSE,0.7744154693451156
L,13,03498500,KGE,0.8636639833122761
L,13,03498500,logNSE,0.7932462995151909
L,13,03500000,NSE,0.6366667725420636
L,13,03500000,KGE,0.7519704988149813
L,13,03500000,logNSE,0.6218999646927788
L,13,03500240,NSE,0.49712990104462706
L,13,03500240,KGE,0.6866028502875489
L,13,03500240,logNSE,0.5407572069399456
L,13,03504000,NSE,0.6703118622216633
L,13,03504000,KGE,0.8209708988714679
L,13,03504000,logNSE,0.7130437453254082
L,13,04105700,NSE,-2.0222426836406235
L,13,04105700,KGE,-0.3003080563206124
L,13,04105700,logNSE,0.6186742608572271
L,13,04115265,NSE,0.5581641780725837
L,13,04115265,KGE,0.784799797743085
L,13,04115265,logNSE,0.791690368006415
L,13,04122200,NSE,0.7596360629817032
L,13,04122200,KGE,0.8788940345463017
L,13,04122200,logNSE,0.8167318061144896
L,13,04185000,NSE,0.8016896170430159
L,13,04185000,KGE,0.8550076813978181
L,13,04185000,logNSE,0.7171482811153589
L,13,04196800,NSE,0.7723947813584666
L,13,04196800,KGE,0.8636913270781645
L,13,04196800,logNSE,0.5758757071046197
L,13,04197100,NSE,0.7452577532954552
L,13,04197100,KGE,0.7698667080390104
L,13,04197100,logNSE,0.659931560428437
L,13,04197170,NSE,0.7473845495923903
L,13,04197170,KGE,0.8664046527723327
L,13,04197170,logNSE,0.3635995098540974
L,13,04213000,NSE,0.4955917339553564
L,13,04213000,KGE,0.7503105127902042
L,13,04213000,logNSE,0.6277564553829131
L,13,04213075,NSE,0.4194411111014804
L,13,04213075,KGE,0.42094336742774363
L,13,04213075,logNSE,0.39606603437064947
L,13,04216418,NSE,0.6443904681685346
L,13,04216418,KGE,0.6425202365379616
L,13,04216418,logNSE,0.7616695603244918
L,13,04221000,NSE,0.8479999097599112
L,13,04221000,KGE,0.850799181734923
L,13,04221000,logNSE,0.842543081098339
L,13,04224775,NSE,0.6637450190297878
L,13,04224775,KGE,0.7890300126566232
L,13,04224775,logNSE,0.7749500029335906
L,13,04233000,NSE,0.6426528326200782
L,13,04233000,KGE,0.6273673342808556
L,13,04233000,logNSE,0.8119836162321714
L,13,04256000,NSE,0.7130274027002191
L,13,04256000,KGE,0.7899657726764288
L,13,04256000,logNSE,0.8629066495671387
L,13,04296000,NSE,0.5329590520278451
L,13,04296000,KGE,0.7619323241823271
L,13,04296000,logNSE,0.7559972099251684
L,17,01030500,NSE,0.8370641344516262
L,17,01030500,KGE,0.8510598584712461
L,17,01030500,logNSE,0.8341872753701219
L,17,01031500,NSE,0.7922192478370138
L,17,01031500,KGE,0.7010803367017585
L,17,01031500,logNSE,0.8632602084399043
L,17,01047000,NSE,0.8381358089814643
L,17,01047000,KGE,0.746072683209881
L,17,01047000,logNSE,0.8637521474090895
L,17,01052500,NSE,0.7535353420642925
L,17,01052500,KGE,0.8055643324147863
L,17,01052500,logNSE,0.7907706174584538
L,17,01054200,NSE,0.6329644655800715
L,17,01054200,KGE,0.699157811172225
L,17,01054200,logNSE,0.7846414636268335
L,17,01055000,NSE,0.727882036462097
L,17,01055000,KGE,0.666822456474264
L,17,01055000,logNSE,0.8300280395153543
L,17,01057000,NSE,0.7802862781708167
L,17,01057000,KGE,0.8265979426301477
L,17,01057000,logNSE,0.7765444683381253
L,17,01078000,NSE,0.7716081330036778
L,17,01078000,KGE,0.7504945094382339
L,17,01078000,logNSE,0.8411522690066928
L,17,01134500,NSE,0.7235490830431119
L,17,01134500,KGE,0.7617085263324456
L,17,01134500,logNSE,0.8205760492680059
L,17,01137500,NSE,0.6484402667392234
L,17,01137500,KGE,0.7439107498119861
L,17,01137500,logNSE,0.7840476582868212
L,17,01139000,NSE,0.7238510566662951
L,17,01139000,KGE,0.8240526266747334
L,17,01139000,logNSE,0.8082698924756799
L,17,01139800,NSE,0.6461166309256963
L,17,01139800,KGE,0.6349661997282438
L,17,01139800,logNSE,0.7613831162479037
L,17,01142500,NSE,0.6223606489329168
L,17,01142500,KGE,0.5796609988372141
L,17,01142500,logNSE,0.7520797309737886
L,17,01144000,NSE,0.7609578541416557
L,17,01144000,KGE,0.7182915320988855
L,17,01144000,logNSE,0.8473583679839156
L,17,01169000,NSE,0.6003819401959659
L,17,01169000,KGE,0.4919731983438965
L,17,01169000,logNSE,0.7423771665380954
L,17,01181000,NSE,0.5911198715000441
L,17,01181000,KGE,0.5507142737975255
L,17,01181000,logNSE,0.8600798552543738
L,17,01187300,NSE,0.765512172401609
L,17,01187300,KGE,0.797270078057349
L,17,01187300,logNSE,0.8191415725403279
L,17,01333000,NSE,0.5538730079518295
L,17,01333000,KGE,0.5639240266841861
L,17,01333000,logNSE,0.746292008874524
L,17,01350000,NSE,0.7245997179418542
L,17,01350000,KGE,0.8597833593726562
L,17,01350000,logNSE,0.8323981098807561
L,17,01350080,NSE,0.07158038409193168
L,17,01350080,KGE,0.3493595828012269
L,17,01350080,logNSE,0.7046867989127161
L,17,01350140,NSE,0.44284818732471687
L,17,01350140,KGE,0.6996368244988025
L,17,01350140,logNSE,0.7624994280252848
L,17,01365000,NSE,0.7423100648470203
L,17,01365000,KGE,0.7501633548621051
L,17,01365000,logNSE,0.803747507537236
L,17,01411300,NSE,-0.03901593514636503
L,17,01411300,KGE,0.45586291710161975
L,17,01411300,logNSE,0.5721739833212627
L,17,01413500,NSE,0.6234954104865622
L,17,01413500,KGE,0.7274765279873268
L,17,01413500,logNSE,0.7995938358830215
L,17,01414500,NSE,0.6253910599701635
L,17,01414500,KGE,0.8043010381533596
L,17,01414500,logNSE,0.7260478799865309
L,17,01415000,NSE,0.6331878949985746
L,17,01415000,KGE,0.8114094745878331
L,17,01415000,logNSE,0.7919429523664581
L,17,01423000,NSE,0.8082499642857354
L,17,01423000,KGE,0.8659570968167661
L,17,01423000,logNSE,0.8552595556855973
L,17,01434025,NSE,0.5674584305180403
L,17,01434025,KGE,0.6567520459294242
L,17,01434025,logNSE,0.7684955308465524
L,17,01435000,NSE,0.6803227182161016
L,17,01435000,KGE,0.762272173205664
L,17,01435000,logNSE,0.8188653184395477
L,17,01439500,NSE,0.7469694106449978
L,17,01439500,KGE,0.6689614842523697
L,17,01439500,logNSE,0.8181289210870558
L,17,01440000,NSE,0.7508884327645183
L,17,01440000,KGE,0.7783059486406346
L,17,01440000,logNSE,0.8813063729363064
L,17,01440400,NSE,0.5666947021146382
L,17,01440400,KGE,0.4790193422099719
L,17,01440400,logNSE,0.8204974327496124
L,17,01451800,NSE,0.7936596438525446
L,17,01451800,KGE,0.8351659900733587
L,17,01451800,logNSE,0.819311536092154
L,17,01466500,NSE,0.19985881791468707
L,17,01466500,KGE,0.6299791588732424
L,17,01466500,logNSE,0.41105306640831174
L,17,01484100,NSE,0.4251625681041532
L,17,01484100,KGE,0.6842996112613513
L,17,01484100,logNSE,0.3727334415102066
L,17,01485500,NSE,0.6819904017630585
L,17,01485500,KGE,0.7282448502431401
L,17,01485500,logNSE,0.5901977121582798
L,17,01487000,NSE,0.5063974146470192
L,17,01487000,KGE,0.5736240595246138
L,17,01487000,logNSE,0.6283862974270531
L,17,01491000,NSE,0.6860003805638151
L,17,01491000,KGE,0.7000323998554097
L,17,01491000,logNSE,0.649976377124708
L,17,01510000,NSE,0.7522182968747906
L,17,01510000,KGE,0.8150938511839481
L,17,01510000,logNSE,0.853189220296267
L,17,01516500,NSE,0.5556054075025314
L,17,01516500,KGE,0.7287728849328889
L,17,01516500,logNSE,0.6752520146901224
L,17,01518862,NSE,0.7519476206350173
L,17,01518862,KGE,0.7861961242143102
L,17,01518862,logNSE,0.6695849856978797
L,17,01532000,NSE,0.7531970333134622
L,17,01532000,KGE,0.8598990604769183
L,17,01532000,logNSE,0.8066581471049381
L,17,01539000,NSE,0.8227743298925614
L,17,01539000,KGE,0.7329505999003134
L,17,01539000,logNSE,0.8719151401897133
L,17,01542810,NSE,0.737356938213162
L,17,01542810,KGE,0.7847710845110447
L,17,01542810,logNSE,0.7598825335694832
L,17,01543000,NSE,0.8267830426935218
L,17,01543000,KGE,0.8232818712495859
L,17,01543000,logNSE,0.843538893581324
L,17,01543500,NSE,0.8340483170225244
L,17,01543500,KGE,0.9017984898654722
L,17,01543500,logNSE,0.8076362980514475
L,17,01544500,NSE,0.7480223495254107
L,17,01544500,KGE,0.8652819438104568
L,17,01544500,logNSE,0.7968415743279563
L,17,01545600,NSE,0.6852835415830079
L,17,01545600,KGE,0.7939173235635801
L,17,01545600,logNSE,0.6904361070167074
L,17,01547700,NSE,0.7417572123547496
L,17,01547700,KGE,0.7825194080058698
L,17,01547700,logNSE,0.7609287451901576
L,17,01548500,NSE,0.7811625805014314
L,17,01548500,KGE,0.8285472542620098
L,17,01548500,logNSE,0.7976412516336069
L,17,01549500,NSE,0.666135364544263
L,17,01549500,KGE,0.720588553385618
L,17,01549500,logNSE,0.7233323782840348
L,17,01550000,NSE,0.7495021838814466
L,17,01550000,KGE,0.7803297517707006
L,17,01550000,logNSE,0.7856722805389768
L,17,01552000,NSE,0.767178253477846
L,17,01552000,KGE,0.7719240153175337
L,17,01552000,logNSE,0.8599521557190961
L,17,01552500,NSE,0.6995674736627195
L,17,01552500,KGE,0.7536611613554606
L,17,01552500,logNSE,0.818679202767087
L,17,01557500,NSE,0.7612859370498117
L,17,01557500,KGE,0.7783399403620935
L,17,01557500,logNSE,0.7979468219863664
L,17,01567500,NSE,0.6367080460921473
L,17,01567500,KGE,0.8075118905154296
L,17,01567500,logNSE,0.7443790507960453
L,17,01568000,NSE,0.849859910325611
L,17,01568000,KGE,0.8535953698469951
L,17,01568000,logNSE,0.8012624716775404
L,17,01580000,NSE,0.7876509783294496
L,17,01580000,KGE,0.7988405945567613
L,17,01580000,logNSE,0.6303185728071832
L,17,01583500,NSE,0.48068225596474734
L,17,01583500,KGE,0.6406361845043649
L,17,01583500,logNSE,0.38336232475699694
L,17,01586610,NSE,0.6030418205877209
L,17,01586610,KGE,0.7005790653125887
L,17,01586610,logNSE,0.6334960268652265
L,17,01591400,NSE,0.43589269363368344
L,17,01591400,KGE,0.5987807444589655
L,17,01591400,logNSE,0.4007066989898047
L,17,01594950,NSE,0.7121977393196168
L,17,01594950,KGE,0.8359968720490505
L,17,01594950,logNSE,0.6863845834214668
L,17,01596500,NSE,0.7720505718741842
L,17,01596500,KGE,0.7905833047989392
L,17,01596500,logNSE,0.8115692003132169
L,17,01605500,NSE,0.6336798237200446
L,17,01605500,KGE,0.5017926791293257
L,17,01605500,logNSE,0.7424428488815711
L,17,01606500,NSE,0.6740439057985147
L,17,01606500,KGE,0.6592883275789965
L,17,01606500,logNSE,0.693999575831928
L,17,01613050,NSE,0.6848000438123538
L,17,01613050,KGE,0.7703402060495743
L,17,01613050,logNSE,0.7120988082214129
L,17,01620500,NSE,0.5237575536082888
L,17,01620500,KGE,0.6609307927715622
L,17,01620500,logNSE,0.5864070463295424
L,17,01632000,NSE,0.48358046852625725
L,17,01632000,KGE,0.458597953854204
L,17,01632000,logNSE,0.44165681588537054
L,17,01632900,NSE,0.4482953165909481
L,17,01632900,KGE,0.553821709297518
L,17,01632900,logNSE,0.4463505074542692
L,17,01634500,NSE,0.48046942314958907
L,17,01634500,KGE,0.5591373260374253
L,17,01634500,logNSE,0.495199151207919
L,17,01638480,NSE,0.48971100680754054
L,17,01638480,KGE,0.5909342965875374
L,17,01638480,logNSE,0.6133491221475149
L,17,01639500,NSE,0.6470157399815607
L,17,01639500,KGE,0.6819533620185287
L,17,01639500,logNSE,0.6746915729475411
L,17,01644000,NSE,0.7532628091523689
L,17,01644000,KGE,0.760777931663789
L,17,01644000,logNSE,0.584663073785552
L,17,01658500,NSE,0.5297399198537013
L,17,01658500,KGE,0.5676542112239307
L,17,01658500,logNSE,0.5423580415546512
L,17,01664000,NSE,0.7231945478303838
L,17,01664000,KGE,0.7096023342331593
L,17,01664000,logNSE,0.6041557250312442
L,17,01666500,NSE,0.46689086139074765
L,17,01666500,KGE,0.5883370866961182
L,17,01666500,logNSE,0.6079164494181739
L,17,01667500,NSE,0.5707192663732079
L,17,01667500,KGE,0.6351085401125367
L,17,01667500,logNSE,0.6001080487998993
L,17,01669000,NSE,0.5264452672079033
L,17,01669000,KGE,0.5987684747773676
L,17,01669000,logNSE,0.45662536327278314
L,17,01669520,NSE,0.744684125051319
L,17,01669520,KGE,0.7748718121750104
L,17,01669520,logNSE,0.49775324080161465
L,17,02011400,NSE,0.7892897006503544
L,17,02011400,KGE,0.780020908729888
L,17,02011400,logNSE,0.7075585741965551
L,17,02011460,NSE,0.7427999240489884
L,17,02011460,KGE,0.7625402522140375
L,17,02011460,logNSE,0.7133936368008091
L,17,02013000,NSE,0.6708744324528355
L,17,02013000,KGE,0.6224623422240046
L,17,02013000,logNSE,0.5121120589736661
L,17,02014000,NSE,0.5281698836138005
L,17,02014000,KGE,0.5385105179567191
L,17,02014000,logNSE,0.6505211349042461
L,17,02015700,NSE,0.6821462274358894
L,17,02015700,KGE,0.6389717010126779
L,17,02015700,logNSE,0.7581479086683789
L,17,02016000,NSE,0.7822883626833808
L,17,02016000,KGE,0.763813565827981
L,17,02016000,logNSE,0.7119455855178005
L,17,02017500,NSE,0.6221661500435754
L,17,02017500,KGE,0.693025462049639
L,17,02017500,logNSE,0.7488082793422055
L,17,02018000,NSE,0.7606943991639293
L,17,02018000,KGE,0.7891490751904896
L,17,02018000,logNSE,0.6760295106206149
L,17,02027000,NSE,0.5548270649017186
L,17,02027000,KGE,0.5858277136038812
L,17,02027000,logNSE,0.6700645490296285
L,17,02027500,NSE,0.5736482991176458
L,17,02027500,KGE,0.6178016875271091
L,17,02027500,logNSE,0.6880294765743775
L,17,02028500,NSE,0.6195532616032278
L,17,02028500,KGE,0.6408297396023382
L,17,02028500,logNSE,0.6883941962969673
L,17,02038850,NSE,0.6135562240182721
L,17,02038850,KGE,0.4201091812230432
L,17,02038850,logNSE,0.154402127334632
L,17,02046000,NSE,0.7073731865390713
L,17,02046000,KGE,0.6568881404681834
L,17,02046000,logNSE,0.6785461548715195
L,17,02051000,NSE,0.4597573700704193
L,17,02051000,KGE,0.4057333614981151
L,17,02051000,logNSE,0.3924421567727482
L,17,02051500,NSE,0.6628674995145192
L,17,02051500,KGE,0.6940443489891629
L,17,02051500,logNSE,0.39640113454108683
L,17,02053200,NSE,0.5820487720225501
L,17,02053200,KGE,0.7206544820021181
L,17,02053200,logNSE,0.42374712178156715
L,17,02053800,NSE,0.6566402022635274
L,17,02053800,KGE,0.6375571601717359
L,17,02053800,logNSE,0.4103426354250437
L,17,02055100,NSE,0.4386002578278684
L,17,02055100,KGE,0.3928916075040889
L,17,02055100,logNSE,0.3860287519807766
L,17,02056900,NSE,0.5048382585784028
L,17,02056900,KGE,0.505835445905173
L,17,02056900,logNSE,0.5087084590031736
L,17,02059500,NSE,0.4450338276216549
L,17,02059500,KGE,0.5478492379233387
L,17,02059500,logNSE,0.20886506010927341
L,17,02064000,NSE,0.5464417250530198
L,17,02064000,KGE,0.6118373816062127
L,17,02064000,logNSE,0.5119724625688313
L,17,02065500,NSE,-0.07029891721540271
L,17,02065500,KGE,0.29624173049622093
L,17,02065500,logNSE,0.08074972411537495
L,17,02069700,NSE,0.41154648753793566
L,17,02069700,KGE,0.642652201707979
L,17,02069700,logNSE,0.37988652784093835
L,17,02070000,NSE,0.5221445551167467
L,17,02070000,KGE,0.5985280487620734
L,17,02070000,logNSE,0.4096293437804349
L,17,02074500,NSE,0.4497414188354947
L,17,02074500,KGE,0.459823494151508
L,17,02074500,logNSE,0.5257108750393069
L,17,02077200,NSE,0.5132727928464884
L,17,02077200,KGE,0.584226833357484
L,17,02077200,logNSE,0.405547150339018
L,17,02081500,NSE,0.6250849619403482
L,17,02081500,KGE,0.6222410640004628
L,17,02081500,logNSE,0.4323355844658471
L,17,02082950,NSE,0.5325227440363136
L,17,02082950,KGE,0.5719532329358825
L,17,02082950,logNSE,0.3990639487000166
L,17,02096846,NSE,0.4559659814887078
L,17,02096846,KGE,0.15581970217408303
L,17,02096846,logNSE,-0.02177157885076686
L,17,02111180,NSE,0.3962663617474642
L,17,02111180,KGE,0.6282940234168741
L,17,02111180,logNSE,0.354388308731845
L,17,02111500,NSE,0.35468832683988805
L,17,02111500,KGE,0.6162641873328207
L,17,02111500,logNSE,0.2771514307665509
L,17,02112120,NSE,0.2939979832101627
L,17,02112120,KGE,0.514310337406072
L,17,02112120,logNSE,0.11458958567183886
L,17,02112360,NSE,0.43088573665860586
L,17,02112360,KGE,0.6082353585601129
L,17,02112360,logNSE,0.20401790941321452
L,17,02118500,NSE,0.4981892712062902
L,17,02118500,KGE,0.5191917473462284
L,17,02118500,logNSE,0.2522470980848335
L,17,02125000,NSE,0.683788610962142
L,17,02125000,KGE,0.32745187482801263
L,17,02125000,logNSE,-0.20775428811182373
L,17,02128000,NSE,0.5786048973016091
L,17,02128000,KGE,0.5276108837493918
L,17,02128000,logNSE,0.1462518281458719
L,17,02137727,NSE,0.5954202502013737
L,17,02137727,KGE,0.6691168789719938
L,17,02137727,logNSE,0.5726483782070855
L,17,02140991,NSE,0.44691974766693043
L,17,02140991,KGE,0.7078622759813913
L,17,02140991,logNSE,0.5129699971180286
L,17,02143000,NSE,0.6188767400211928
L,17,02143000,KGE,0.664205414820157
L,17,02143000,logNSE,0.3391164802383193
L,17,02143040,NSE,0.6049566276403329
L,17,02143040,KGE,0.6388764016129421
L,17,02143040,logNSE,0.5340477197398837
L,17,02149000,NSE,0.47788696579487633
L,17,02149000,KGE,0.4810297194348333
L,17,02149000,logNSE,0.2864358496232039
L,17,02152100,NSE,0.5026989408949593
L,17,02152100,KGE,0.4943234119172736
L,17,02152100,logNSE,0.3622773881973146
L,17,02177000,NSE,0.4809331120193965
L,17,02177000,KGE,0.6451919658438332
L,17,02177000,logNSE,0.5849297362251279
L,17,02178400,NSE,0.604715356556929
L,17,02178400,KGE,0.718953551365139
L,17,02178400,logNSE,0.6246996183492906
L,17,03010655,NSE,0.8255021682179738
L,17,03010655,KGE,0.8692195452676118
L,17,03010655,logNSE,0.8084986697489954
L,17,03011800,NSE,0.7903477747965066
L,17,03011800,KGE,0.7161735019759292
L,17,03011800,logNSE,0.8319716946159514
L,17,03015500,NSE,0.7889987078848216
L,17,03015500,KGE,0.8305932452732574
L,17,03015500,logNSE,0.877884224048956
L,17,03021350,NSE,0.692813704941549
L,17,03021350,KGE,0.7539850285080438
L,17,03021350,logNSE,0.8138506026319625
L,17,03026500,NSE,0.7667717125057221
L,17,03026500,KGE,0.8152830352090911
L,17,03026500,logNSE,0.8213317920809787
L,17,03028000,NSE,0.8192260819181064
L,17,03028000,KGE,0.87435976183477
L,17,03028000,logNSE,0.8181716580381038
L,17,03049000,NSE,0.7301573722986008
L,17,03049000,KGE,0.8319486348960935
L,17,03049000,logNSE,0.7517215413325427
L,17,03049800,NSE,0.4690509699054227
L,17,03049800,KGE,0.43067414606548815
L,17,03049800,logNSE,0.6766020150130099
L,17,03050000,NSE,0.7683052863571962
L,17,03050000,KGE,0.8779003893624642
L,17,03050000,logNSE,0.7481917003360783
L,17,03066000,NSE,0.7319947702515066
L,17,03066000,KGE,0.832420987737991
L,17,03066000,logNSE,0.8167827820321117
L,17,03069500,NSE,0.84592814383089
L,17,03069500,KGE,0.8523007356552611
L,17,03069500,logNSE,0.8689598709833279
L,17,03070500,NSE,0.7858404678187361
L,17,03070500,KGE,0.8424523756697571
L,17,03070500,logNSE,0.7508736001954825
L,17,03076600,NSE,0.6620326007019477
L,17,03076600,KGE,0.7906635988327768
L,17,03076600,logNSE,0.7901394638313639
L,17,03078000,NSE,0.7517205757337663
L,17,03078000,KGE,0.8203961236800058
L,17,03078000,logNSE,0.7238092656760642
L,17,03140000,NSE,0.7354365546413277
L,17,03140000,KGE,0.7440738721473225
L,17,03140000,logNSE,0.723302046609262
L,17,03144000,NSE,0.7899376202456885
L,17,03144000,KGE,0.7975354189044029
L,17,03144000,logNSE,0.7791210999514018
L,17,03159540,NSE,0.7789767781868262
L,17,03159540,KGE,0.7932894444095188
L,17,03159540,logNSE,0.6507266578387121
L,17,03161000,NSE,0.7222728140012675
L,17,03161000,KGE,0.8294048853652366
L,17,03161000,logNSE,0.6329878090110272
L,17,03164000,NSE,0.6883905221340543
L,17,03164000,KGE,0.7741585840015938
L,17,03164000,logNSE,0.5668330838985406
L,17,03165000,NSE,0.6119879441649195
L,17,03165000,KGE,0.78138472115192
L,17,03165000,logNSE,0.6199837792172339
L,17,03170000,NSE,0.7168652262537857
L,17,03170000,KGE,0.6809566485454297
L,17,03170000,logNSE,0.4375150052015684
L,17,03173000,NSE,0.6044909045206867
L,17,03173000,KGE,0.7622729244035127
L,17,03173000,logNSE,0.620092812767539
L,17,03180500,NSE,0.7476639060179673
L,17,03180500,KGE,0.8325394386668621
L,17,03180500,logNSE,0.8073637076803861
L,17,03182500,NSE,0.7221146231939796
L,17,03182500,KGE,0.8423887474375443
L,17,03182500,logNSE,0.7999850775802653
L,17,03186500,NSE,0.7803557768774434
L,17,03186500,KGE,0.8670886304305516
L,17,03186500,logNSE,0.7992628821788239
L,17,03187500,NSE,0.798373041021017
L,17,03187500,KGE,0.8317474288618831
L,17,03187500,logNSE,0.8061091250048091
L,17,03213700,NSE,0.6463118035278665
L,17,03213700,KGE,0.7430360703089486
L,17,03213700,logNSE,0.641444816601797
L,17,03237280,NSE,0.4538394881074653
L,17,03237280,KGE,0.4898947989204362
L,17,03237280,logNSE,0.7364637003543094
L,17,03237500,NSE,0.6928115645321884
L,17,03237500,KGE,0.8036792781103466
L,17,03237500,logNSE,0.6492413518496503
L,17,03238500,NSE,0.600588468825348
L,17,03238500,KGE,0.7372832267439706
L,17,03238500,logNSE,0.6177528886371516
L,17,03241500,NSE,0.8057270262557776
L,17,03241500,KGE,0.8041793251967375
L,17,03241500,logNSE,0.805108418578277
L,17,03439000,NSE,0.6292859560713957
L,17,03439000,KGE,0.8030153046706561
L,17,03439000,logNSE,0.7215243218942177
L,17,03450000,NSE,0.5850390140726079
L,17,03450000,KGE,0.7441166119593015
L,17,03450000,logNSE,0.6837995882018083
L,17,03455500,NSE,0.4017020816720773
L,17,03455500,KGE,0.7002103394198655
L,17,03455500,logNSE,0.7254478728912069
L,17,03456500,NSE,0.5137056283144075
L,17,03456500,KGE,0.6628113064018248
L,17,03456500,logNSE,0.6371411341355906
L,17,03460000,NSE,0.5957679445045991
L,17,03460000,KGE,0.7674349143145622
L,17,03460000,logNSE,0.6996200112307731
L,17,03463300,NSE,0.5419745650228769
L,17,03463300,KGE,0.7480207068022049
L,17,03463300,logNSE,0.6929523494541504
L,17,03471500,NSE,0.6351405001530883
L,17,03471500,KGE,0.7451959836100881
L,17,03471500,logNSE,0.712822057965071
L,17,03473000,NSE,0.7200620367785462
L,17,03473000,KGE,0.7602815332531409
L,17,03473000,logNSE,0.7817856970565524
L,17,03479000,NSE,0.5819655338736609
L,17,03479000,KGE,0.7242092976375176
L,17,03479000,logNSE,0.5595931862407529
L,17,03488000,NSE,0.32515249956762915
L,17,03488000,KGE,0.5371001330542429
L,17,03488000,logNSE,0.6333151860339055
L,17,03498500,NSE,0.7289411635153353
L,17,03498500,KGE,0.8239414961369533
L,17,03498500,logNSE,0.679580214581468
L,17,03500000,NSE,0.5966134979741446
L,17,03500000,KGE,0.7561645708785324
L,17,03500000,logNSE,0.6296562303177801
L,17,03500240,NSE,0.48403199239390826
L,17,03500240,KGE,0.6667277407842283
L,17,03500240,logNSE,0.561934422895174
L,17,03504000,NSE,0.6838276941661634
L,17,03504000,KGE,0.8129997277125253
L,17,03504000,logNSE,0.7382428038875581
L,17,04105700,NSE,0.1784403968825543
L,17,04105700,KGE,0.525731213550693
L,17,04105700,logNSE,0.566241556428878
L,17,04115265,NSE,0.651452247684038
L,17,04115265,KGE,0.7560024485580484
L,17,04115265,logNSE,0.6785417282550879
L,17,04122200,NSE,0.7689680407429169
L,17,04122200,KGE,0.8086868001669086
L,17,04122200,logNSE,0.815610483059809
L,17,04185000,NSE,0.7116581126928863
L,17,04185000,KGE,0.8486261193025878
L,17,04185000,logNSE,0.7588493803942781
L,17,04196800,NSE,0.7014861222104029
L,17,04196800,KGE,0.7627162998823376
L,17,04196800,logNSE,0.6295760694963342
L,17,04197100,NSE,0.6491690079089846
L,17,04197100,KGE,0.7570826763577851
L,17,04197100,logNSE,0.7413144451805354
L,17,04197170,NSE,0.6756320518166742
L,17,04197170,KGE,0.8099466532530493
L,17,04197170,logNSE,0.6063707843487433
L,17,04213000,NSE,0.5635777488854667
L,17,04213000,KGE,0.757157152784759
L,17,04213000,logNSE,0.7917406333050402
L,17,04213075,NSE,0.4221616042952484
L,17,04213075,KGE,0.4523225376402159
L,17,04213075,logNSE,0.5833262216335715
L,17,04216418,NSE,0.6555065932078332
L,17,04216418,KGE,0.6767454183781494
L,17,04216418,logNSE,0.8111242286603626
L,17,04221000,NSE,0.823431391226613
L,17,04221000,KGE,0.8125702744614952
L,17,04221000,logNSE,0.8622548796569768
L,17,04224775,NSE,0.6576008782158509
L,17,04224775,KGE,0.7510697287017268
L,17,04224775,logNSE,0.8091088423840028
L,17,04233000,NSE,0.7126417053322158
L,17,04233000,KGE,0.7111004647942987
L,17,04233000,logNSE,0.8190734247015246
L,17,04256000,NSE,0.7417827008504867
L,17,04256000,KGE,0.7796231439454648
L,17,04256000,logNSE,0.8361644104009347
L,17,04296000,NSE,0.6080594340248986
L,17,04296000,KGE,0.7840729159987516
L,17,04296000,logNSE,0.7915530483898081
G,11,01030500,NSE,0.6474169107395362
G,11,01030500,KGE,0.4537006683283492
G,11,01030500,logNSE,0.694960524908592
G,11,01031500,NSE,0.7022077642507245
G,11,01031500,KGE,0.44093288579785817
G,11,01031500,logNSE,0.6400100414774357
G,11,01047000,NSE,0.7037720952767244
G,11,01047000,KGE,0.5697681215062096
G,11,01047000,logNSE,0.6704910782131179
G,11,01052500,NSE,0.6970318218582191
G,11,01052500,KGE,0.711926013132832
G,11,01052500,logNSE,0.6860987639382973
G,11,01054200,NSE,0.5519678341795967
G,11,01054200,KGE,0.5428429634850864
G,11,01054200,logNSE,0.6042558281800108
G,11,01055000,NSE,0.619747550907529
G,11,01055000,KGE,0.5379558097755226
G,11,01055000,logNSE,0.670659837430275
G,11,01057000,NSE,0.7449868038399219
G,11,01057000,KGE,0.6179841080420254
G,11,01057000,logNSE,0.5726752109146407
G,11,01078000,NSE,0.723793609217758
G,11,01078000,KGE,0.4137988425155038
G,11,01078000,logNSE,0.5740104606449187
G,11,01134500,NSE,0.632991253203363
G,11,01134500,KGE,0.48040249867903806
G,11,01134500,logNSE,0.6459331194457086
G,11,01137500,NSE,0.6881760453041953
G,11,01137500,KGE,0.606953654229754
G,11,01137500,logNSE,0.6438165628048393
G,11,01139000,NSE,0.728403931253883
G,11,01139000,KGE,0.6744478008214676
G,11,01139000,logNSE,0.5982195190925927
G,11,01139800,NSE,0.6162004747774681
G,11,01139800,KGE,0.21728532105992626
G,11,01139800,logNSE,0.38900867917819404
G,11,01142500,NSE,0.6057178602635764
G,11,01142500,KGE,0.1927255046083307
G,11,01142500,logNSE,0.43492411895023164
G,11,01144000,NSE,0.644452101498863
G,11,01144000,KGE,0.3036605159238859
G,11,01144000,logNSE,0.48778841501534287
G,11,01169000,NSE,0.5581627386597159
G,11,01169000,KGE,0.18107410811592295
G,11,01169000,logNSE,0.5096195860378392
G,11,01181000,NSE,0.5164978785414351
G,11,01181000,KGE,0.13667227707673102
G,11,01181000,logNSE,0.6030324882592429
G,11,01187300,NSE,0.6234690378167917
G,11,01187300,KGE,0.5091042808453891
G,11,01187300,logNSE,0.5923635798646292
G,11,01333000,NSE,0.539618431899711
G,11,01333000,KGE,0.2563215521947121
G,11,01333000,logNSE,0.5355118155656797
G,11,01350000,NSE,0.6591675003127713
G,11,01350000,KGE,0.6840769442328734
G,11,01350000,logNSE,0.68547404221521
G,11,01350080,NSE,0.49821533910878346
G,11,01350080,KGE,-2.193330500016833
G,11,01350080,logNSE,0.4780002979132819
G,11,01350140,NSE,0.4218234107352208
G,11,01350140,KGE,0.5748967359265453
G,11,01350140,logNSE,0.3744911330026287
G,11,01365000,NSE,0.6722710817508972
G,11,01365000,KGE,0.5400504407424755
G,11,01365000,logNSE,0.6483131672764202
G,11,01411300,NSE,0.005821272523657051
G,11,01411300,KGE,0.4341008940416843
G,11,01411300,logNSE,
G,11,01413500,NSE,0.6034843092070299
G,11,01413500,KGE,0.6520897120406176
G,11,01413500,logNSE,0.6365469035321626
G,11,01414500,NSE,0.608603960427075
G,11,01414500,KGE,0.723801761662892
G,11,01414500,logNSE,0.5517965726662774
G,11,01415000,NSE,0.6709428742043884
G,11,01415000,KGE,0.7716995613425532
G,11,01415000,logNSE,0.5613671142032115
G,11,01423000,NSE,0.6608735289066703
G,11,01423000,KGE,0.6040395341119467
G,11,01423000,logNSE,0.5777653702701204
G,11,01434025,NSE,0.4604070551587004
G,11,01434025,KGE,0.48769400351420333
G,11,01434025,logNSE,0.6024778054384272
G,11,01435000,NSE,0.5926930757542592
G,11,01435000,KGE,0.5371872989113047
G,11,01435000,logNSE,0.6567158701208149
G,11,01439500,NSE,0.7389022283595095
G,11,01439500,KGE,0.60282470377254
G,11,01439500,logNSE,0.6072331168602547
G,11,01440000,NSE,0.6967600107249621
G,11,01440000,KGE,0.5556111481155958
G,11,01440000,logNSE,0.6789028078266005
G,11,01440400,NSE,0.5548752987388155
G,11,01440400,KGE,0.25862344503438606
G,11,01440400,logNSE,0.6278861331763301
G,11,01451800,NSE,0.7298657147147407
G,11,01451800,KGE,0.34034717504100065
G,11,01451800,logNSE,0.6298336085667592
G,11,01466500,NSE,0.022818897530542004
G,11,01466500,KGE,0.5466009321823169
G,11,01466500,logNSE,
G,11,01484100,NSE,0.4301450456013073
G,11,01484100,KGE,0.6284623772050169
G,11,01484100,logNSE,
G,11,01485500,NSE,0.6202787598222277
G,11,01485500,KGE,0.5961094178959817
G,11,01485500,logNSE,
G,11,01487000,NSE,0.5903307047895381
G,11,01487000,KGE,0.6425170382075728
G,11,01487000,logNSE,
G,11,01491000,NSE,0.7160639424135979
G,11,01491000,KGE,0.6342133280643779
G,11,01491000,logNSE,
G,11,01510000,NSE,0.6540392517580345
G,11,01510000,KGE,0.7001908681455247
G,11,01510000,logNSE,0.6479265055603528
G,11,01516500,NSE,0.5714285070324876
G,11,01516500,KGE,0.6169601596949441
G,11,01516500,logNSE,
G,11,01518862,NSE,0.5917185812818
G,11,01518862,KGE,0.6862700805510864
G,11,01518862,logNSE,
G,11,01532000,NSE,0.716542901725647
G,11,01532000,KGE,0.7550075021176725
G,11,01532000,logNSE,
G,11,01539000,NSE,0.5648073932867752
G,11,01539000,KGE,0.13927999784951406
G,11,01539000,logNSE,0.6752520889010054
G,11,01542810,NSE,0.6289827508631252
G,11,01542810,KGE,-9.869132654900916
G,11,01542810,logNSE,
G,11,01543000,NSE,0.72291080036053
G,11,01543000,KGE,-0.6519813791058076
G,11,01543000,logNSE,0.6800896593312913
G,11,01543500,NSE,0.7367423494434653
G,11,01543500,KGE,-0.9101104863207796
G,11,01543500,logNSE,0.6330367389987073
G,11,01544500,NSE,0.6506354357043456
G,11,01544500,KGE,0.7964111421501229
G,11,01544500,logNSE,
G,11,01545600,NSE,0.5849390519149513
G,11,01545600,KGE,0.5453026744378251
G,11,01545600,logNSE,
G,11,01547700,NSE,0.6427419879259184
G,11,01547700,KGE,0.539465907592968
G,11,01547700,logNSE,
G,11,01548500,NSE,0.708382737007933
G,11,01548500,KGE,0.7746370259764843
G,11,01548500,logNSE,
G,11,01549500,NSE,0.6483653663775363
G,11,01549500,KGE,-0.2754260534681574
G,11,01549500,logNSE,
G,11,01550000,NSE,0.7217950321388275
G,11,01550000,KGE,-3.6534232229614565
G,11,01550000,logNSE,
G,11,01552000,NSE,0.7437032573167512
G,11,01552000,KGE,-0.18911689799113063
G,11,01552000,logNSE,0.6093512657696192
G,11,01552500,NSE,0.6436792647466025
G,11,01552500,KGE,0.4742190840564675
G,11,01552500,logNSE,0.6029792746862339
G,11,01557500,NSE,0.7196562511945136
G,11,01557500,KGE,-0.5006800762724672
G,11,01557500,logNSE,
G,11,01567500,NSE,0.7296284863699609
G,11,01567500,KGE,0.7180655566459808
G,11,01567500,logNSE,
G,11,01568000,NSE,0.7637752987591847
G,11,01568000,KGE,0.6808798022703686
G,11,01568000,logNSE,
G,11,01580000,NSE,0.6324622951287808
G,11,01580000,KGE,0.6863553140112438
G,11,01580000,logNSE,
G,11,01583500,NSE,0.4704858075183419
G,11,01583500,KGE,0.5481887105093811
G,11,01583500,logNSE,
G,11,01586610,NSE,0.5145200501233034
G,11,01586610,KGE,0.6409500825443453
G,11,01586610,logNSE,
G,11,01591400,NSE,0.5535516053013659
G,11,01591400,KGE,0.6068515291895351
G,11,01591400,logNSE,
G,11,01594950,NSE,0.7146855392094847
G,11,01594950,KGE,0.2835658506669242
G,11,01594950,logNSE,0.5758704671943928
G,11,01596500,NSE,0.7471532272195955
G,11,01596500,KGE,-0.27974378946532275
G,11,01596500,logNSE,
G,11,01605500,NSE,0.5263317383600083
G,11,01605500,KGE,0.38167150763921975
G,11,01605500,logNSE,
G,11,01606500,NSE,0.6231557782935666
G,11,01606500,KGE,0.6670289768032903
G,11,01606500,logNSE,
G,11,01613050,NSE,0.6718883940821181
G,11,01613050,KGE,0.7597301298185628
G,11,01613050,logNSE,
G,11,01620500,NSE,0.5485707695932229
G,11,01620500,KGE,0.4829734336143018
G,11,01620500,logNSE,
G,11,01632000,NSE,0.37944766161708743
G,11,01632000,KGE,0.35287714658218927
G,11,01632000,logNSE,
G,11,01632900,NSE,0.4029744965343235
G,11,01632900,KGE,0.49118731421039397
G,11,01632900,logNSE,
G,11,01634500,NSE,0.5282886037982559
G,11,01634500,KGE,0.6540243604909878
G,11,01634500,logNSE,
G,11,01638480,NSE,0.37414933647859694
G,11,01638480,KGE,0.4507583422704915
G,11,01638480,logNSE,
G,11,01639500,NSE,0.5363421250898717
G,11,01639500,KGE,0.6083763788510674
G,11,01639500,logNSE,
G,11,01644000,NSE,0.6345307612860853
G,11,01644000,KGE,0.6703439509473099
G,11,01644000,logNSE,
G,11,01658500,NSE,0.36207454253117244
G,11,01658500,KGE,0.3362990215016797
G,11,01658500,logNSE,
G,11,01664000,NSE,0.6269187497577791
G,11,01664000,KGE,0.6409489169511999
G,11,01664000,logNSE,
G,11,01666500,NSE,0.4574876453187814
G,11,01666500,KGE,0.6001077823148786
G,11,01666500,logNSE,
G,11,01667500,NSE,0.5470715442519307
G,11,01667500,KGE,0.6087771012135418
G,11,01667500,logNSE,
G,11,01669000,NSE,0.6080058356537168
G,11,01669000,KGE,0.6606690932113688
G,11,01669000,logNSE,
G,11,01669520,NSE,0.5863788249641433
G,11,01669520,KGE,0.7198448656786629
G,11,01669520,logNSE,
G,11,02011400,NSE,0.7069600457710254
G,11,02011400,KGE,0.668149566409437
G,11,02011400,logNSE,
G,11,02011460,NSE,0.6506983145434169
G,11,02011460,KGE,0.5570700344061834
G,11,02011460,logNSE,
G,11,02013000,NSE,0.6812178930914743
G,11,02013000,KGE,0.7308920100957327
G,11,02013000,logNSE,
G,11,02014000,NSE,0.6009354520431884
G,11,02014000,KGE,0.5454856455082726
G,11,02014000,logNSE,
G,11,02015700,NSE,0.6436059993473436
G,11,02015700,KGE,0.421079203388512
G,11,02015700,logNSE,
G,11,02016000,NSE,0.7016178835816709
G,11,02016000,KGE,0.5351341117036463
G,11,02016000,logNSE,
G,11,02017500,NSE,0.6487381053877121
G,11,02017500,KGE,0.6067408174930895
G,11,02017500,logNSE,
G,11,02018000,NSE,0.7125571101948438
G,11,02018000,KGE,0.7488401454251623
G,11,02018000,logNSE,
G,11,02027000,NSE,0.461977545064326
G,11,02027000,KGE,0.34910544906965957
G,11,02027000,logNSE,
G,11,02027500,NSE,0.4864003600562471
G,11,02027500,KGE,0.5229938784127608
G,11,02027500,logNSE,
G,11,02028500,NSE,0.5117889130444979
G,11,02028500,KGE,0.4566224930923509
G,11,02028500,logNSE,
G,11,02038850,NSE,0.4835376122817664
G,11,02038850,KGE,0.4891609914984645
G,11,02038850,logNSE,
G,11,02046000,NSE,0.5780785731002418
G,11,02046000,KGE,0.5155274400941062
G,11,02046000,logNSE,
G,11,02051000,NSE,0.3938857669367103
G,11,02051000,KGE,0.3531479857514245
G,11,02051000,logNSE,
G,11,02051500,NSE,0.5167507569734324
G,11,02051500,KGE,0.5862385474298184
G,11,02051500,logNSE,
G,11,02053200,NSE,0.4690705541920519
G,11,02053200,KGE,0.5851157373970977
G,11,02053200,logNSE,
G,11,02053800,NSE,0.6642675924599533
G,11,02053800,KGE,0.7477472657033923
G,11,02053800,logNSE,
G,11,02055100,NSE,0.5550692991474186
G,11,02055100,KGE,0.4872875760353532
G,11,02055100,logNSE,
G,11,02056900,NSE,0.5931070664536098
G,11,02056900,KGE,0.5630746456866214
G,11,02056900,logNSE,
G,11,02059500,NSE,0.30160032730302255
G,11,02059500,KGE,0.6260297789531785
G,11,02059500,logNSE,
G,11,02064000,NSE,0.5848046850989166
G,11,02064000,KGE,0.6455714737856959
G,11,02064000,logNSE,
G,11,02065500,NSE,0.19547805941791285
G,11,02065500,KGE,0.4347783426413512
G,11,02065500,logNSE,
G,11,02069700,NSE,0.35851070231269055
G,11,02069700,KGE,0.5414039812146133
G,11,02069700,logNSE,
G,11,02070000,NSE,0.41569804747694816
G,11,02070000,KGE,0.537752217363332
G,11,02070000,logNSE,
G,11,02074500,NSE,0.35102273893803493
G,11,02074500,KGE,0.4027101109940121
G,11,02074500,logNSE,
G,11,02077200,NSE,0.5108812245640564
G,11,02077200,KGE,0.4892215325533018
G,11,02077200,logNSE,
G,11,02081500,NSE,0.5652405052448166
G,11,02081500,KGE,0.7054641593181292
G,11,02081500,logNSE,
G,11,02082950,NSE,0.4448290050261673
G,11,02082950,KGE,0.7178438127540606
G,11,02082950,logNSE,
G,11,02096846,NSE,0.48066175816627676
G,11,02096846,KGE,0.6068211681368484
G,11,02096846,logNSE,
G,11,02111180,NSE,0.4897333932425797
G,11,02111180,KGE,0.2380871983850027
G,11,02111180,logNSE,
G,11,02111500,NSE,0.37316015586282836
G,11,02111500,KGE,0.46920591422589564
G,11,02111500,logNSE,
G,11,02112120,NSE,0.13033225248496605
G,11,02112120,KGE,0.35948622220121496
G,11,02112120,logNSE,
G,11,02112360,NSE,0.37782238126603107
G,11,02112360,KGE,0.30881342432722636
G,11,02112360,logNSE,
G,11,02118500,NSE,0.4148051944480765
G,11,02118500,KGE,0.4907667680103954
G,11,02118500,logNSE,
G,11,02125000,NSE,0.5321212379728402
G,11,02125000,KGE,0.5224826305370827
G,11,02125000,logNSE,
G,11,02128000,NSE,0.5164860239272098
G,11,02128000,KGE,0.6164551098137343
G,11,02128000,logNSE,
G,11,02137727,NSE,0.5559246549934566
G,11,02137727,KGE,-0.15108139407100896
G,11,02137727,logNSE,
G,11,02140991,NSE,0.5096057742092961
G,11,02140991,KGE,0.5415108320825669
G,11,02140991,logNSE,
G,11,02143000,NSE,0.5899451733469583
G,11,02143000,KGE,0.5452028423165585
G,11,02143000,logNSE,
G,11,02143040,NSE,0.5527505921765459
G,11,02143040,KGE,0.41831384866319854
G,11,02143040,logNSE,
G,11,02149000,NSE,0.37871126004805156
G,11,02149000,KGE,0.29793070002505806
G,11,02149000,logNSE,
G,11,02152100,NSE,0.450383800108199
G,11,02152100,KGE,0.4491145682921831
G,11,02152100,logNSE,
G,11,02177000,NSE,0.4641325618258688
G,11,02177000,KGE,0.29079764533577723
G,11,02177000,logNSE,0.25722014602916765
G,11,02178400,NSE,0.6253741010880998
G,11,02178400,KGE,0.5574216862226944
G,11,02178400,logNSE,0.490525105883171
G,11,03010655,NSE,0.6907908998225011
G,11,03010655,KGE,-0.6602780426674375
G,11,03010655,logNSE,
G,11,03011800,NSE,0.6605576831981661
G,11,03011800,KGE,-0.15998868328513538
G,11,03011800,logNSE,0.6196774193455072
G,11,03015500,NSE,0.7070603170006909
G,11,03015500,KGE,0.5368354225625993
G,11,03015500,logNSE,0.6981977768089838
G,11,03021350,NSE,0.5671617663294721
G,11,03021350,KGE,0.3860998338933602
G,11,03021350,logNSE,0.6074360242684801
G,11,03026500,NSE,0.7030792360036501
G,11,03026500,KGE,-0.8318216173067603
G,11,03026500,logNSE,0.6310812325661415
G,11,03028000,NSE,0.7176303104586734
G,11,03028000,KGE,0.25804784760918664
G,11,03028000,logNSE,0.6298237780975827
G,11,03049000,NSE,0.7178943297901534
G,11,03049000,KGE,0.45383314556571785
G,11,03049000,logNSE,
G,11,03049800,NSE,0.5065019928284078
G,11,03049800,KGE,-0.3646918060780422
G,11,03049800,logNSE,
G,11,03050000,NSE,0.7543951978614044
G,11,03050000,KGE,0.7649727429893445
G,11,03050000,logNSE,0.5902245798689123
G,11,03066000,NSE,0.728513705606903
G,11,03066000,KGE,0.7645502123692708
G,11,03066000,logNSE,0.6724933598386074
G,11,03069500,NSE,0.7833627937127928
G,11,03069500,KGE,0.7931006226658496
G,11,03069500,logNSE,0.7220746347223057
G,11,03070500,NSE,0.7649784824958727
G,11,03070500,KGE,0.811225583667011
G,11,03070500,logNSE,0.7025481410655178
G,11,03076600,NSE,0.6793307710335292
G,11,03076600,KGE,-0.06939432315905636
G,11,03076600,logNSE,0.6873309488973693
G,11,03078000,NSE,0.7344903825098765
G,11,03078000,KGE,0.2615133496168819
G,11,03078000,logNSE,0.6618534745064368
G,11,03140000,NSE,0.6746581239113917
G,11,03140000,KGE,0.39378119392779753
G,11,03140000,logNSE,
G,11,03144000,NSE,0.6754160532838449
G,11,03144000,KGE,0.09787962357269542
G,11,03144000,logNSE,
G,11,03159540,NSE,0.6773410753447509
G,11,03159540,KGE,0.4734598279734943
G,11,03159540,logNSE,
G,11,03161000,NSE,0.5723421186025941
G,11,03161000,KGE,-15.623275087237623
G,11,03161000,logNSE,
G,11,03164000,NSE,0.5118742212814807
G,11,03164000,KGE,0.49961646261844916
G,11,03164000,logNSE,
G,11,03165000,NSE,0.6786593524370301
G,11,03165000,KGE,0.3611878188908978
G,11,03165000,logNSE,
G,11,03170000,NSE,0.7092559793969448
G,11,03170000,KGE,0.7412774648058091
G,11,03170000,logNSE,
G,11,03173000,NSE,0.5489671348622684
G,11,03173000,KGE,0.668210597123138
G,11,03173000,logNSE,
G,11,03180500,NSE,0.7743900003643742
G,11,03180500,KGE,0.6101294478964969
G,11,03180500,logNSE,0.6886992591277927
G,11,03182500,NSE,0.7346316130811696
G,11,03182500,KGE,0.3596186339307065
G,11,03182500,logNSE,
G,11,03186500,NSE,0.7214226187700515
G,11,03186500,KGE,0.7172184954271976
G,11,03186500,logNSE,0.6282681870147271
G,11,03187500,NSE,0.7507105413561297
G,11,03187500,KGE,0.6776804811634372
G,11,03187500,logNSE,0.6577150286088639
G,11,03213700,NSE,0.64671422106374
G,11,03213700,KGE,0.745404525188877
G,11,03213700,logNSE,
G,11,03237280,NSE,0.5014922884323625
G,11,03237280,KGE,0.03277444737009472
G,11,03237280,logNSE,
G,11,03237500,NSE,0.5904998702895711
G,11,03237500,KGE,0.6144720935715587
G,11,03237500,logNSE,
G,11,03238500,NSE,0.633941285035786
G,11,03238500,KGE,0.6587090363656408
G,11,03238500,logNSE,
G,11,03241500,NSE,0.7422934425555123
G,11,03241500,KGE,-0.014609673920724209
G,11,03241500,logNSE,
G,11,03439000,NSE,0.6330186515078142
G,11,03439000,KGE,0.465676038646505
G,11,03439000,logNSE,0.37122272090492314
G,11,03450000,NSE,0.5820262640003028
G,11,03450000,KGE,-2.957690564507721
G,11,03450000,logNSE,
G,11,03455500,NSE,0.4941871635678202
G,11,03455500,KGE,0.29642656839095194
G,11,03455500,logNSE,0.4570476004407892
G,11,03456500,NSE,0.5428447735355602
G,11,03456500,KGE,0.0817705122739919
G,11,03456500,logNSE,0.43741331049942256
G,11,03460000,NSE,0.6179798120954202
G,11,03460000,KGE,-5.380106865793129
G,11,03460000,logNSE,0.4800355520434171
G,11,03463300,NSE,0.6503138673795691
G,11,03463300,KGE,0.5187945784299648
G,11,03463300,logNSE,0.5669821360230138
G,11,03471500,NSE,0.5420590462058503
G,11,03471500,KGE,0.6581783114162807
G,11,03471500,logNSE,
G,11,03473000,NSE,0.5944523165570413
G,11,03473000,KGE,0.6428933457590991
G,11,03473000,logNSE,
G,11,03479000,NSE,0.47853466390495747
G,11,03479000,KGE,-0.37794224555421474
G,11,03479000,logNSE,
G,11,03488000,NSE,0.6145763603286631
G,11,03488000,KGE,0.7644826480747369
G,11,03488000,logNSE,
G,11,03498500,NSE,0.6896270838289678
G,11,03498500,KGE,0.7221988045333727
G,11,03498500,logNSE,
G,11,03500000,NSE,0.5391061049988264
G,11,03500000,KGE,0.12629011102001175
G,11,03500000,logNSE,0.39319376561417574
G,11,03500240,NSE,0.48033966716403065
G,11,03500240,KGE,-1.147904566313005
G,11,03500240,logNSE,0.32684726974998657
G,11,03504000,NSE,0.6701913363071488
G,11,03504000,KGE,0.6800950632972749
G,11,03504000,logNSE,0.49461947051068256
G,11,04105700,NSE,-0.13086354517509569
G,11,04105700,KGE,0.4022917439172966
G,11,04105700,logNSE,
G,11,04115265,NSE,0.527581845625722
G,11,04115265,KGE,0.6390795093928301
G,11,04115265,logNSE,
G,11,04122200,NSE,0.6754367664294344
G,11,04122200,KGE,0.7355436506363265
G,11,04122200,logNSE,
G,11,04185000,NSE,0.6742340677126184
G,11,04185000,KGE,0.5925982046442151
G,11,04185000,logNSE,
G,11,04196800,NSE,0.607617199021326
G,11,04196800,KGE,-0.6524060993409253
G,11,04196800,logNSE,
G,11,04197100,NSE,0.649748145372095
G,11,04197100,KGE,-0.6590788315418628
G,11,04197100,logNSE,
G,11,04197170,NSE,0.6131154159677228
G,11,04197170,KGE,0.2355028561596243
G,11,04197170,logNSE,
G,11,04213000,NSE,0.5971678962908886
G,11,04213000,KGE,-0.044427472075052155
G,11,04213000,logNSE,0.47643494299187916
G,11,04213075,NSE,0.19315803869958204
G,11,04213075,KGE,-0.3784367238571096
G,11,04213075,logNSE,0.009755523272743427
G,11,04216418,NSE,0.5405174425712433
G,11,04216418,KGE,-27.866484163052842
G,11,04216418,logNSE,
G,11,04221000,NSE,0.6737409205787194
G,11,04221000,KGE,0.3590664309534666
G,11,04221000,logNSE,
G,11,04224775,NSE,0.575091508339384
G,11,04224775,KGE,0.46580601389134035
G,11,04224775,logNSE,
G,11,04233000,NSE,0.6091624418747446
G,11,04233000,KGE,0.009632805096366992
G,11,04233000,logNSE,
G,11,04256000,NSE,0.7492982930147041
G,11,04256000,KGE,0.5426430279792214
G,11,04256000,logNSE,0.6000978539708355
G,11,04296000,NSE,0.6145451624120699
G,11,04296000,KGE,0.3006819215645419
G,11,04296000,logNSE,0.6043023431186978
G,13,01030500,NSE,0.6972318220921823
G,13,01030500,KGE,0.6934264219227622
G,13,01030500,logNSE,0.7535392091898776
G,13,01031500,NSE,0.6744996337843739
G,13,01031500,KGE,0.36676623500438743
G,13,01031500,logNSE,0.6207931013755394
G,13,01047000,NSE,0.7169384349421173
G,13,01047000,KGE,0.5745555040833815
G,13,01047000,logNSE,0.7047191726258906
G,13,01052500,NSE,0.6544585711418609
G,13,01052500,KGE,0.5809645098594631
G,13,01052500,logNSE,0.6959565659801088
G,13,01054200,NSE,0.5374247118149662
G,13,01054200,KGE,0.4852831020153884
G,13,01054200,logNSE,0.5997866210333351
G,13,01055000,NSE,0.614730791125494
G,13,01055000,KGE,0.47614654223068664
G,13,01055000,logNSE,0.7036575738862063
G,13,01057000,NSE,0.7191439634614671
G,13,01057000,KGE,0.596313522145227
G,13,01057000,logNSE,0.5660576955228172
G,13,01078000,NSE,0.720589686456333
G,13,01078000,KGE,0.32775992179200775
G,13,01078000,logNSE,0.5988084539349205
G,13,01134500,NSE,0.6327298520530489
G,13,01134500,KGE,0.39112660303388347
G,13,01134500,logNSE,0.6048196794929468
G,13,01137500,NSE,0.6577844492848433
G,13,01137500,KGE,0.502737016692737
G,13,01137500,logNSE,0.6111105271644599
G,13,01139000,NSE,0.6782614439261809
G,13,01139000,KGE,0.5002688040768073
G,13,01139000,logNSE,0.6061610996539843
G,13,01139800,NSE,0.5407646226623446
G,13,01139800,KGE,0.1267588313671163
G,13,01139800,logNSE,0.38844569068584234
G,13,01142500,NSE,0.5837385137908779
G,13,01142500,KGE,0.1686369448877948
G,13,01142500,logNSE,0.4653790140365074
G,13,01144000,NSE,0.653493626501899
G,13,01144000,KGE,0.3314509600984271
G,13,01144000,logNSE,0.5258309458104933
G,13,01169000,NSE,0.5799356379474
G,13,01169000,KGE,0.15281575932246216
G,13,01169000,logNSE,0.5376364622430716
G,13,01181000,NSE,0.5447167084196505
G,13,01181000,KGE,0.18309278602611512
G,13,01181000,logNSE,0.6222194102523121
G,13,01187300,NSE,0.6213638523368743
G,13,01187300,KGE,0.4961367264092559
G,13,01187300,logNSE,0.6444774929137068
G,13,01333000,NSE,0.5232211663097606
G,13,01333000,KGE,0.1818521760112647
G,13,01333000,logNSE,0.5569612618556324
G,13,01350000,NSE,0.6641708971465101
G,13,01350000,KGE,0.6722179601949756
G,13,01350000,logNSE,0.6898521865171315
G,13,01350080,NSE,0.5152305583153575
G,13,01350080,KGE,-1.4190824294615991
G,13,01350080,logNSE,0.527986000675081
G,13,01350140,NSE,0.4552722506703113
G,13,01350140,KGE,0.23551033541961086
G,13,01350140,logNSE,0.4494434643157247
G,13,01365000,NSE,0.6755556317795195
G,13,01365000,KGE,0.4397414611123207
G,13,01365000,logNSE,0.5403524755251401
G,13,01411300,NSE,-0.16911342260004636
G,13,01411300,KGE,0.31478044831071916
G,13,01411300,logNSE,
G,13,01413500,NSE,0.6473808459427131
G,13,01413500,KGE,0.7736957745729273
G,13,01413500,logNSE,0.6785695264503302
G,13,01414500,NSE,0.6355964418426923
G,13,01414500,KGE,0.7628668905375976
G,13,01414500,logNSE,0.5978016262671114
G,13,01415000,NSE,0.6670747810800157
G,13,01415000,KGE,0.5778807085432067
G,13,01415000,logNSE,0.5926465031968913
G,13,01423000,NSE,0.6235337692458336
G,13,01423000,KGE,0.5595888415563741
G,13,01423000,logNSE,0.5851284897789568
G,13,01434025,NSE,0.4707692357310007
G,13,01434025,KGE,0.47115493691814603
G,13,01434025,logNSE,0.6474744268302585
G,13,01435000,NSE,0.6068883162907632
G,13,01435000,KGE,0.4761697839465414
G,13,01435000,logNSE,0.6371724216099408
G,13,01439500,NSE,0.766489705738334
G,13,01439500,KGE,0.6367036454790791
G,13,01439500,logNSE,0.6049951793927847
G,13,01440000,NSE,0.7152272676625285
G,13,01440000,KGE,0.6129998496399309
G,13,01440000,logNSE,0.6500885673641101
G,13,01440400,NSE,0.5872657830674288
G,13,01440400,KGE,0.2792403116597645
G,13,01440400,logNSE,0.6589964358124702
G,13,01451800,NSE,0.7499142737228193
G,13,01451800,KGE,0.4639956743706758
G,13,01451800,logNSE,0.6760929205246637
G,13,01466500,NSE,-0.14843426203064314
G,13,01466500,KGE,0.4988422597738945
G,13,01466500,logNSE,
G,13,01484100,NSE,0.3329970016790922
G,13,01484100,KGE,0.6087175288969788
G,13,01484100,logNSE,
G,13,01485500,NSE,0.7012970019660532
G,13,01485500,KGE,0.7639307554723137
G,13,01485500,logNSE,
G,13,01487000,NSE,0.5766048005388145
G,13,01487000,KGE,0.7085260412124537
G,13,01487000,logNSE,
G,13,01491000,NSE,0.7312738924128022
G,13,01491000,KGE,0.7167605901865204
G,13,01491000,logNSE,
G,13,01510000,NSE,0.6986501080920176
G,13,01510000,KGE,0.6704243516630486
G,13,01510000,logNSE,0.639070535056941
G,13,01516500,NSE,0.5685594290044292
G,13,01516500,KGE,0.6148135868230886
G,13,01516500,logNSE,
G,13,01518862,NSE,0.6141429060121809
G,13,01518862,KGE,0.6782018660920683
G,13,01518862,logNSE,
G,13,01532000,NSE,0.7180682220982468
G,13,01532000,KGE,0.704510593908543
G,13,01532000,logNSE,
G,13,01539000,NSE,0.5752812984927297
G,13,01539000,KGE,0.34051978890141665
G,13,01539000,logNSE,0.6873349818636778
G,13,01542810,NSE,0.6279351043490475
G,13,01542810,KGE,-20.89776905858383
G,13,01542810,logNSE,
G,13,01543000,NSE,0.7260198235234553
G,13,01543000,KGE,-0.5791956797893725
G,13,01543000,logNSE,0.6988237246449152
G,13,01543500,NSE,0.7363584143681515
G,13,01543500,KGE,0.5330135835631316
G,13,01543500,logNSE,0.6456633987975118
G,13,01544500,NSE,0.6965945908046458
G,13,01544500,KGE,0.6293480981277357
G,13,01544500,logNSE,
G,13,01545600,NSE,0.6102908564442309
G,13,01545600,KGE,0.7133039248037536
G,13,01545600,logNSE,
G,13,01547700,NSE,0.6126768952407715
G,13,01547700,KGE,0.492920793461589
G,13,01547700,logNSE,
G,13,01548500,NSE,0.7304550898690556
G,13,01548500,KGE,0.42953211690335424
G,13,01548500,logNSE,
G,13,01549500,NSE,0.7030728814880658
G,13,01549500,KGE,0.0036251075646406283
G,13,01549500,logNSE,
G,13,01550000,NSE,0.728997135469504
G,13,01550000,KGE,-3.045943245406068
G,13,01550000,logNSE,
G,13,01552000,NSE,0.7477114566904821
G,13,01552000,KGE,-0.21080741934678926
G,13,01552000,logNSE,0.6444252688411898
G,13,01552500,NSE,0.6506130645202846
G,13,01552500,KGE,0.4194963905518494
G,13,01552500,logNSE,0.6271005387955549
G,13,01557500,NSE,0.7212633071817356
G,13,01557500,KGE,-0.31026642509906144
G,13,01557500,logNSE,
G,13,01567500,NSE,0.7428340259364199
G,13,01567500,KGE,0.7441292772806898
G,13,01567500,logNSE,
G,13,01568000,NSE,0.7690965448142878
G,13,01568000,KGE,0.649741031263515
G,13,01568000,logNSE,
G,13,01580000,NSE,0.5735502559203276
G,13,01580000,KGE,0.48856611244709447
G,13,01580000,logNSE,
G,13,01583500,NSE,0.40729022107783497
G,13,01583500,KGE,0.4928486581403332
G,13,01583500,logNSE,
G,13,01586610,NSE,0.4412518756476953
G,13,01586610,KGE,0.5176656536590672
G,13,01586610,logNSE,
G,13,01591400,NSE,0.5490240255332148
G,13,01591400,KGE,0.6141388577804225
G,13,01591400,logNSE,
G,13,01594950,NSE,0.6876210140069314
G,13,01594950,KGE,0.027652259134463675
G,13,01594950,logNSE,0.5943348000389709
G,13,01596500,NSE,0.7172952667570504
G,13,01596500,KGE,-0.3937950511304513
G,13,01596500,logNSE,
G,13,01605500,NSE,0.5264098220885878
G,13,01605500,KGE,0.402267900413122
G,13,01605500,logNSE,
G,13,01606500,NSE,0.5912588425427789
G,13,01606500,KGE,0.6428339089487843
G,13,01606500,logNSE,
G,13,01613050,NSE,0.6709130182003025
G,13,01613050,KGE,0.7744902744047572
G,13,01613050,logNSE,
G,13,01620500,NSE,0.5564840650031697
G,13,01620500,KGE,0.29331054813561497
G,13,01620500,logNSE,
G,13,01632000,NSE,0.377674099241739
G,13,01632000,KGE,0.35007662068333556
G,13,01632000,logNSE,
G,13,01632900,NSE,0.4334341829561915
G,13,01632900,KGE,0.5225098358997586
G,13,01632900,logNSE,
G,13,01634500,NSE,0.5128639817036478
G,13,01634500,KGE,0.6851611744538181
G,13,01634500,logNSE,
G,13,01638480,NSE,0.3361336153757122
G,13,01638480,KGE,0.4182057532787885
G,13,01638480,logNSE,
G,13,01639500,NSE,0.5053417206466031
G,13,01639500,KGE,0.5534563455135983
G,13,01639500,logNSE,
G,13,01644000,NSE,0.6325309948000591
G,13,01644000,KGE,0.6588837368307364
G,13,01644000,logNSE,
G,13,01658500,NSE,0.3704044159920127
G,13,01658500,KGE,0.3984354007552904
G,13,01658500,logNSE,
G,13,01664000,NSE,0.6544233187159176
G,13,01664000,KGE,0.6834450538159429
G,13,01664000,logNSE,
G,13,01666500,NSE,0.4951358153142258
G,13,01666500,KGE,0.6895462884631003
G,13,01666500,logNSE,
G,13,01667500,NSE,0.5998460140237893
G,13,01667500,KGE,0.6633259690219175
G,13,01667500,logNSE,
G,13,01669000,NSE,0.6063249318897084
G,13,01669000,KGE,0.6383494620678616
G,13,01669000,logNSE,
G,13,01669520,NSE,0.6097569888657871
G,13,01669520,KGE,0.690597170966869
G,13,01669520,logNSE,
G,13,02011400,NSE,0.7226705980799102
G,13,02011400,KGE,0.7045590980604854
G,13,02011400,logNSE,
G,13,02011460,NSE,0.6423558267106948
G,13,02011460,KGE,0.31228303217841036
G,13,02011460,logNSE,
G,13,02013000,NSE,0.6846317332175155
G,13,02013000,KGE,0.7238925785408518
G,13,02013000,logNSE,
G,13,02014000,NSE,0.622360902233803
G,13,02014000,KGE,0.5601487856230861
G,13,02014000,logNSE,
G,13,02015700,NSE,0.6572823101340617
G,13,02015700,KGE,0.4742732618617256
G,13,02015700,logNSE,
G,13,02016000,NSE,0.7263047410373099
G,13,02016000,KGE,0.5314899283864245
G,13,02016000,logNSE,
G,13,02017500,NSE,0.6939016847730601
G,13,02017500,KGE,0.6532350101617623
G,13,02017500,logNSE,
G,13,02018000,NSE,0.7392136368966651
G,13,02018000,KGE,0.7659658238801539
G,13,02018000,logNSE,
G,13,02027000,NSE,0.449887163491721
G,13,02027000,KGE,0.3528758926995831
G,13,02027000,logNSE,
G,13,02027500,NSE,0.47526522962058027
G,13,02027500,KGE,0.3308598388419598
G,13,02027500,logNSE,
G,13,02028500,NSE,0.5114296514359431
G,13,02028500,KGE,0.5007936284437141
G,13,02028500,logNSE,
G,13,02038850,NSE,0.47959875513852945
G,13,02038850,KGE,0.5158464854681633
G,13,02038850,logNSE,
G,13,02046000,NSE,0.6476717695207361
G,13,02046000,KGE,0.6394511684613208
G,13,02046000,logNSE,
G,13,02051000,NSE,0.4393843442730462
G,13,02051000,KGE,0.414531237192696
G,13,02051000,logNSE,
G,13,02051500,NSE,0.6309715728534073
G,13,02051500,KGE,0.6904641260643959
G,13,02051500,logNSE,
G,13,02053200,NSE,0.4597048428805116
G,13,02053200,KGE,0.5536725554069595
G,13,02053200,logNSE,
G,13,02053800,NSE,0.6224475863679706
G,13,02053800,KGE,0.7298865040174823
G,13,02053800,logNSE,
G,13,02055100,NSE,0.5714351220490979
G,13,02055100,KGE,0.5607237027305494
G,13,02055100,logNSE,
G,13,02056900,NSE,0.6130683678676185
G,13,02056900,KGE,0.602925156168628
G,13,02056900,logNSE,
G,13,02059500,NSE,0.30898441975121704
G,13,02059500,KGE,0.6350515896017894
G,13,02059500,logNSE,
G,13,02064000,NSE,0.5946495745776881
G,13,02064000,KGE,0.6392000914467184
G,13,02064000,logNSE,
G,13,02065500,NSE,0.08465053670490874
G,13,02065500,KGE,0.43312090578628004
G,13,02065500,logNSE,
G,13,02069700,NSE,0.3398917955889613
G,13,02069700,KGE,0.44785571471667984
G,13,02069700,logNSE,
G,13,02070000,NSE,0.4224297755660257
G,13,02070000,KGE,0.5649474530822371
G,13,02070000,logNSE,
G,13,02074500,NSE,0.34088725067636794
G,13,02074500,KGE,0.4924845889601077
G,13,02074500,logNSE,
G,13,02077200,NSE,0.5365805618629444
G,13,02077200,KGE,0.5619188617250657
G,13,02077200,logNSE,
G,13,02081500,NSE,0.4966049805917879
G,13,02081500,KGE,0.7058552282482733
G,13,02081500,logNSE,
G,13,02082950,NSE,0.44418035250572596
G,13,02082950,KGE,0.7058496540760062
G,13,02082950,logNSE,
G,13,02096846,NSE,0.4043842558398558
G,13,02096846,KGE,0.5678426356274626
G,13,02096846,logNSE,
G,13,02111180,NSE,0.4678797730303398
G,13,02111180,KGE,-0.08178449678691457
G,13,02111180,logNSE,
G,13,02111500,NSE,0.337825261430589
G,13,02111500,KGE,0.35005801493244415
G,13,02111500,logNSE,
G,13,02112120,NSE,0.1517687327511369
G,13,02112120,KGE,0.30575952856461874
G,13,02112120,logNSE,
G,13,02112360,NSE,0.3745194275328184
G,13,02112360,KGE,0.22514636931929388
G,13,02112360,logNSE,
G,13,02118500,NSE,0.4011137982086279
G,13,02118500,KGE,0.48302816830697703
G,13,02118500,logNSE,
G,13,02125000,NSE,0.4953164444628476
G,13,02125000,KGE,0.48343801545207454
G,13,02125000,logNSE,
G,13,02128000,NSE,0.4644346258812496
G,13,02128000,KGE,0.5328402113912856
G,13,02128000,logNSE,
G,13,02137727,NSE,0.5436057676278281
G,13,02137727,KGE,-0.5924262274417353
G,13,02137727,logNSE,
G,13,02140991,NSE,0.48879390325792793
G,13,02140991,KGE,0.20847839285245295
G,13,02140991,logNSE,
G,13,02143000,NSE,0.5825603554087111
G,13,02143000,KGE,0.449088443776293
G,13,02143000,logNSE,
G,13,02143040,NSE,0.5874735798444745
G,13,02143040,KGE,0.2763452770675541
G,13,02143040,logNSE,
G,13,02149000,NSE,0.369379873794052
G,13,02149000,KGE,0.18060730477605702
G,13,02149000,logNSE,
G,13,02152100,NSE,0.4734050137005611
G,13,02152100,KGE,0.467332909311851
G,13,02152100,logNSE,
G,13,02177000,NSE,0.4668527068970245
G,13,02177000,KGE,0.3947095750607762
G,13,02177000,logNSE,0.36363570483345675
G,13,02178400,NSE,0.6275994046682541
G,13,02178400,KGE,0.5936039024654486
G,13,02178400,logNSE,0.4825849197081664
G,13,03010655,NSE,0.7275596464982936
G,13,03010655,KGE,-0.7670138063696219
G,13,03010655,logNSE,
G,13,03011800,NSE,0.6308126966193421
G,13,03011800,KGE,-0.23535622371784992
G,13,03011800,logNSE,0.6374661621555469
G,13,03015500,NSE,0.7099044449965113
G,13,03015500,KGE,0.5686445195393335
G,13,03015500,logNSE,0.6921570502828803
G,13,03021350,NSE,0.5537495057485724
G,13,03021350,KGE,0.3439346717767652
G,13,03021350,logNSE,0.620367085609181
G,13,03026500,NSE,0.6884469927780739
G,13,03026500,KGE,-1.1266679441998266
G,13,03026500,logNSE,0.6667851361799814
G,13,03028000,NSE,0.7233003503716163
G,13,03028000,KGE,0.22376639599834236
G,13,03028000,logNSE,0.6781678023969563
G,13,03049000,NSE,0.7320605400720686
G,13,03049000,KGE,0.7048269251933812
G,13,03049000,logNSE,
G,13,03049800,NSE,0.532065224461845
G,13,03049800,KGE,-0.2248469780103346
G,13,03049800,logNSE,
G,13,03050000,NSE,0.7496181431941384
G,13,03050000,KGE,0.37258140592796396
G,13,03050000,logNSE,0.6309780682222479
G,13,03066000,NSE,0.7038520371638122
G,13,03066000,KGE,0.5914502212964777
G,13,03066000,logNSE,0.6984210895864873
G,13,03069500,NSE,0.7712819636597414
G,13,03069500,KGE,0.6744949942735329
G,13,03069500,logNSE,0.7515995140189619
G,13,03070500,NSE,0.7475407844639854
G,13,03070500,KGE,0.7809847958258149
G,13,03070500,logNSE,0.7293762690029724
G,13,03076600,NSE,0.6572459708567169
G,13,03076600,KGE,0.11429589208057311
G,13,03076600,logNSE,0.7099882353940608
G,13,03078000,NSE,0.7217575902766225
G,13,03078000,KGE,0.32865615154176675
G,13,03078000,logNSE,0.6908992052207475
G,13,03140000,NSE,0.690781825831262
G,13,03140000,KGE,0.5804074820597792
G,13,03140000,logNSE,
G,13,03144000,NSE,0.6848105216532961
G,13,03144000,KGE,0.5166644638671734
G,13,03144000,logNSE,
G,13,03159540,NSE,0.7259204025654356
G,13,03159540,KGE,0.7082583591112064
G,13,03159540,logNSE,
G,13,03161000,NSE,0.5628219532491018
G,13,03161000,KGE,-18.96727261482957
G,13,03161000,logNSE,
G,13,03164000,NSE,0.5742138843751662
G,13,03164000,KGE,0.3807777310775634
G,13,03164000,logNSE,
G,13,03165000,NSE,0.6896422122583408
G,13,03165000,KGE,0.3041751362793125
G,13,03165000,logNSE,
G,13,03170000,NSE,0.7061811374201604
G,13,03170000,KGE,0.7054773373931278
G,13,03170000,logNSE,
G,13,03173000,NSE,0.5600454445094516
G,13,03173000,KGE,0.7288440500469415
G,13,03173000,logNSE,
G,13,03180500,NSE,0.7537581141648131
G,13,03180500,KGE,0.32465602807680116
G,13,03180500,logNSE,0.6794118456450744
G,13,03182500,NSE,0.726423322850027
G,13,03182500,KGE,0.02225942763035549
G,13,03182500,logNSE,
G,13,03186500,NSE,0.6997929445330673
G,13,03186500,KGE,0.563789928998911
G,13,03186500,logNSE,0.6859154845626327
G,13,03187500,NSE,0.731618533920969
G,13,03187500,KGE,0.4925964315834235
G,13,03187500,logNSE,0.6834020192069445
G,13,03213700,NSE,0.6204508007602945
G,13,03213700,KGE,0.6741444598974129
G,13,03213700,logNSE,
G,13,03237280,NSE,0.5239232368695006
G,13,03237280,KGE,0.2746611851114167
G,13,03237280,logNSE,
G,13,03237500,NSE,0.5875378745753903
G,13,03237500,KGE,0.564450573288885
G,13,03237500,logNSE,
G,13,03238500,NSE,0.6205927319645789
G,13,03238500,KGE,0.3675488333156093
G,13,03238500,logNSE,
G,13,03241500,NSE,0.7825695084831849
G,13,03241500,KGE,0.5789747042415982
G,13,03241500,logNSE,
G,13,03439000,NSE,0.6555374906398583
G,13,03439000,KGE,0.5491558676844601
G,13,03439000,logNSE,0.4301589340378179
G,13,03450000,NSE,0.5384584040660203
G,13,03450000,KGE,-2.0006193941614083
G,13,03450000,logNSE,
G,13,03455500,NSE,0.5444305114662771
G,13,03455500,KGE,0.50110039432536
G,13,03455500,logNSE,0.5696323670396569
G,13,03456500,NSE,0.5495859964911857
G,13,03456500,KGE,0.09445467406737273
G,13,03456500,logNSE,0.3673381609397418
G,13,03460000,NSE,0.6848701111136846
G,13,03460000,KGE,-1.6653992861614477
G,13,03460000,logNSE,0.4945630010237352
G,13,03463300,NSE,0.6624870470961379
G,13,03463300,KGE,0.6428943814623514
G,13,03463300,logNSE,0.6326683383872593
G,13,03471500,NSE,0.550251817979774
G,13,03471500,KGE,0.6457928421104457
G,13,03471500,logNSE,
G,13,03473000,NSE,0.6155918904683141
G,13,03473000,KGE,0.6535289817131373
G,13,03473000,logNSE,
G,13,03479000,NSE,0.5632675098173126
G,13,03479000,KGE,-0.1044261445784298
G,13,03479000,logNSE,
G,13,03488000,NSE,0.6053375388854404
G,13,03488000,KGE,0.7268609585200759
G,13,03488000,logNSE,
G,13,03498500,NSE,0.7006636718528005
G,13,03498500,KGE,0.8009017956537554
G,13,03498500,logNSE,
G,13,03500000,NSE,0.5507152232404096
G,13,03500000,KGE,0.2919977502868577
G,13,03500000,logNSE,0.4817201467793747
G,13,03500240,NSE,0.4999059169309723
G,13,03500240,KGE,-0.8378582493940201
G,13,03500240,logNSE,0.3802633261724835
G,13,03504000,NSE,0.684790924580934
G,13,03504000,KGE,0.7632520358584791
G,13,03504000,logNSE,0.5302397388200735
G,13,04105700,NSE,-0.2551293525051852
G,13,04105700,KGE,0.342470164566853
G,13,04105700,logNSE,
G,13,04115265,NSE,0.5475957561194886
G,13,04115265,KGE,0.6993418680953247
G,13,04115265,logNSE,
G,13,04122200,NSE,0.6755034859066609
G,13,04122200,KGE,0.7880336627369418
G,13,04122200,logNSE,
G,13,04185000,NSE,0.5267448488248125
G,13,04185000,KGE,0.7602290331366267
G,13,04185000,logNSE,
G,13,04196800,NSE,0.6638856384686034
G,13,04196800,KGE,0.2013075427776091
G,13,04196800,logNSE,
G,13,04197100,NSE,0.6882634314897937
G,13,04197100,KGE,0.11837022597380065
G,13,04197100,logNSE,
G,13,04197170,NSE,0.6227839982012648
G,13,04197170,KGE,0.4766140366004292
G,13,04197170,logNSE,
G,13,04213000,NSE,0.6042482724212648
G,13,04213000,KGE,0.21594923838440738
G,13,04213000,logNSE,0.48867348428218793
G,13,04213075,NSE,0.22353618076877213
G,13,04213075,KGE,-3.672897356384894
G,13,04213075,logNSE,0.29561953326710966
G,13,04216418,NSE,0.5295406909092356
G,13,04216418,KGE,-28.600586794476044
G,13,04216418,logNSE,
G,13,04221000,NSE,0.7084679147448203
G,13,04221000,KGE,0.5471757999024983
G,13,04221000,logNSE,
G,13,04224775,NSE,0.613078339023664
G,13,04224775,KGE,0.504870188220294
G,13,04224775,logNSE,
G,13,04233000,NSE,0.614414919063377
G,13,04233000,KGE,-0.0783970887453802
G,13,04233000,logNSE,
G,13,04256000,NSE,0.7464003471457737
G,13,04256000,KGE,0.4820847350192915
G,13,04256000,logNSE,0.6266687551449153
G,13,04296000,NSE,0.5953631292274022
G,13,04296000,KGE,0.1463778154237867
G,13,04296000,logNSE,0.616527153554822
G,17,01030500,NSE,0.6604600081170129
G,17,01030500,KGE,0.6728686983054433
G,17,01030500,logNSE,0.6834962797891695
G,17,01031500,NSE,0.7221125972116287
G,17,01031500,KGE,0.5929791622797527
G,17,01031500,logNSE,0.6834518843341472
G,17,01047000,NSE,0.7370231820499782
G,17,01047000,KGE,0.7302591402885557
G,17,01047000,logNSE,0.7081200587052777
G,17,01052500,NSE,0.6734802269990858
G,17,01052500,KGE,0.6814278177270274
G,17,01052500,logNSE,0.6830709471550456
G,17,01054200,NSE,0.5132051603948091
G,17,01054200,KGE,0.5012008328984567
G,17,01054200,logNSE,0.5897836286046574
G,17,01055000,NSE,0.6221254101471998
G,17,01055000,KGE,0.6194418451153858
G,17,01055000,logNSE,0.6618884015944879
G,17,01057000,NSE,0.7405781534940666
G,17,01057000,KGE,0.8103789794294638
G,17,01057000,logNSE,0.6387983571392386
G,17,01078000,NSE,0.7507455626187503
G,17,01078000,KGE,0.6660525710035219
G,17,01078000,logNSE,0.6965477014649548
G,17,01134500,NSE,0.6896376509466376
G,17,01134500,KGE,0.645088358210276
G,17,01134500,logNSE,0.6790682047208024
G,17,01137500,NSE,0.6492287520802691
G,17,01137500,KGE,0.487179941237056
G,17,01137500,logNSE,0.6661938275194479
G,17,01139000,NSE,0.7211784540808586
G,17,01139000,KGE,0.5645561802079311
G,17,01139000,logNSE,0.6086542426355601
G,17,01139800,NSE,0.6611069935542471
G,17,01139800,KGE,0.48329886499403163
G,17,01139800,logNSE,0.5143979295289715
G,17,01142500,NSE,0.6149236397552367
G,17,01142500,KGE,0.4655443783532611
G,17,01142500,logNSE,0.5648164215790601
G,17,01144000,NSE,0.7043047930139966
G,17,01144000,KGE,0.5523513126054669
G,17,01144000,logNSE,0.5921013659190677
G,17,01169000,NSE,0.567969864776658
G,17,01169000,KGE,0.2660466341308446
G,17,01169000,logNSE,0.5970102620258662
G,17,01181000,NSE,0.5365598080073999
G,17,01181000,KGE,0.35093778636927153
G,17,01181000,logNSE,0.6648243867686465
G,17,01187300,NSE,0.611821484040179
G,17,01187300,KGE,0.5892809242598458
G,17,01187300,logNSE,0.5699723558992913
G,17,01333000,NSE,0.5598077344489312
G,17,01333000,KGE,0.38263026289666535
G,17,01333000,logNSE,0.6324161221670515
G,17,01350000,NSE,0.6398487359931222
G,17,01350000,KGE,0.6681378154353308
G,17,01350000,logNSE,0.6951953049202462
G,17,01350080,NSE,0.433918296619358
G,17,01350080,KGE,-3.6229718909260455
G,17,01350080,logNSE,0.4467263002584716
G,17,01350140,NSE,0.37736205761207775
G,17,01350140,KGE,0.5473155758024693
G,17,01350140,logNSE,0.3850484672503419
G,17,01365000,NSE,0.6524233733782074
G,17,01365000,KGE,0.5547749496833118
G,17,01365000,logNSE,0.6103805015098744
G,17,01411300,NSE,-0.6764555016865104
G,17,01411300,KGE,0.031215230077666467
G,17,01411300,logNSE,
G,17,01413500,NSE,0.5661129080769757
G,17,01413500,KGE,0.5106075290698233
G,17,01413500,logNSE,0.6337745320637052
G,17,01414500,NSE,0.6111892234198562
G,17,01414500,KGE,0.6562346576634207
G,17,01414500,logNSE,0.5545718258906727
G,17,01415000,NSE,0.6423354139450252
G,17,01415000,KGE,0.712415562408373
G,17,01415000,logNSE,0.5238380681554965
G,17,01423000,NSE,0.6100330009526259
G,17,01423000,KGE,0.7184008113915988
G,17,01423000,logNSE,0.5916054536778605
G,17,01434025,NSE,0.4521663713385886
G,17,01434025,KGE,0.4600453901348781
G,17,01434025,logNSE,0.6525897945591594
G,17,01435000,NSE,0.5844691814031475
G,17,01435000,KGE,0.5287826005019172
G,17,01435000,logNSE,0.7212123385162235
G,17,01439500,NSE,0.6995185374828348
G,17,01439500,KGE,0.7975450396840336
G,17,01439500,logNSE,0.6327786366360071
G,17,01440000,NSE,0.6856165014840723
G,17,01440000,KGE,0.7216735415589384
G,17,01440000,logNSE,0.6944732621332113
G,17,01440400,NSE,0.5713753101712232
G,17,01440400,KGE,0.47767852570446334
G,17,01440400,logNSE,0.640903787059985
G,17,01451800,NSE,0.7240613220760855
G,17,01451800,KGE,0.09736689801196252
G,17,01451800,logNSE,0.589848781339113
G,17,01466500,NSE,-0.22830188267501716
G,17,01466500,KGE,0.47353311502615936
G,17,01466500,logNSE,
G,17,01484100,NSE,0.1865318561459588
G,17,01484100,KGE,0.46138469385906067
G,17,01484100,logNSE,
G,17,01485500,NSE,0.6514163655964047
G,17,01485500,KGE,0.7409855161103713
G,17,01485500,logNSE,
G,17,01487000,NSE,0.5671020753519362
G,17,01487000,KGE,0.6922739353436838
G,17,01487000,logNSE,
G,17,01491000,NSE,0.7174542692742172
G,17,01491000,KGE,0.691051498073507
G,17,01491000,logNSE,
G,17,01510000,NSE,0.6261924471984005
G,17,01510000,KGE,0.39279184649019827
G,17,01510000,logNSE,0.6004898840152131
G,17,01516500,NSE,0.49448967974255664
G,17,01516500,KGE,0.4617273539823209
G,17,01516500,logNSE,
G,17,01518862,NSE,0.5677862691848898
G,17,01518862,KGE,0.5087260799067441
G,17,01518862,logNSE,
G,17,01532000,NSE,0.6630830146595581
G,17,01532000,KGE,0.30925648416501184
G,17,01532000,logNSE,
G,17,01539000,NSE,0.5652108472854719
G,17,01539000,KGE,0.5004259825049422
G,17,01539000,logNSE,0.6709298496066549
G,17,01542810,NSE,0.6220123366015302
G,17,01542810,KGE,-5.9235657262840835
G,17,01542810,logNSE,
G,17,01543000,NSE,0.7268154005321195
G,17,01543000,KGE,0.5967579208300686
G,17,01543000,logNSE,0.6591946324433808
G,17,01543500,NSE,0.7414728301699146
G,17,01543500,KGE,-3.9035678675649956
G,17,01543500,logNSE,0.6187490837820038
G,17,01544500,NSE,0.6268426893466529
G,17,01544500,KGE,-0.1449945254776488
G,17,01544500,logNSE,
G,17,01545600,NSE,0.4866865617154559
G,17,01545600,KGE,0.24612933080215005
G,17,01545600,logNSE,
G,17,01547700,NSE,0.5849685964355615
G,17,01547700,KGE,0.5893478369906177
G,17,01547700,logNSE,
G,17,01548500,NSE,0.6830059240564026
G,17,01548500,KGE,-0.11539219955673397
G,17,01548500,logNSE,
G,17,01549500,NSE,0.5695209012053979
G,17,01549500,KGE,-1.2111206144366542
G,17,01549500,logNSE,
G,17,01550000,NSE,0.6621980146324771
G,17,01550000,KGE,-8.230846801526445
G,17,01550000,logNSE,
G,17,01552000,NSE,0.6906919634261082
G,17,01552000,KGE,-3.0138894408390637
G,17,01552000,logNSE,0.5795244305766021
G,17,01552500,NSE,0.6299758876612667
G,17,01552500,KGE,0.5771588729650288
G,17,01552500,logNSE,0.5975949484737179
G,17,01557500,NSE,0.635964174805633
G,17,01557500,KGE,0.7015944404333929
G,17,01557500,logNSE,
G,17,01567500,NSE,0.7346205312501306
G,17,01567500,KGE,0.7364139089284581
G,17,01567500,logNSE,
G,17,01568000,NSE,0.7448777844830828
G,17,01568000,KGE,0.4398576783485958
G,17,01568000,logNSE,
G,17,01580000,NSE,0.5489473041123825
G,17,01580000,KGE,0.10834739412003214
G,17,01580000,logNSE,
G,17,01583500,NSE,0.3483984026044592
G,17,01583500,KGE,0.3417474783210186
G,17,01583500,logNSE,
G,17,01586610,NSE,0.4050899754702433
G,17,01586610,KGE,0.35255006620687845
G,17,01586610,logNSE,
G,17,01591400,NSE,0.502036844104315
G,17,01591400,KGE,0.49421405542845265
G,17,01591400,logNSE,
G,17,01594950,NSE,0.6885728789815153
G,17,01594950,KGE,0.5838539630522166
G,17,01594950,logNSE,0.5541538368597247
G,17,01596500,NSE,0.7226482546362472
G,17,01596500,KGE,0.3208265867208163
G,17,01596500,logNSE,
G,17,01605500,NSE,0.5411585205999798
G,17,01605500,KGE,0.4362130274542959
G,17,01605500,logNSE,
G,17,01606500,NSE,0.5690806264398234
G,17,01606500,KGE,0.5948602093563495
G,17,01606500,logNSE,
G,17,01613050,NSE,0.6226076733676745
G,17,01613050,KGE,0.5391825144827913
G,17,01613050,logNSE,
G,17,01620500,NSE,0.5259380173580702
G,17,01620500,KGE,0.47090906536654875
G,17,01620500,logNSE,
G,17,01632000,NSE,0.397393134894644
G,17,01632000,KGE,0.38194563063490117
G,17,01632000,logNSE,
G,17,01632900,NSE,0.38220534599894285
G,17,01632900,KGE,0.4879254944729592
G,17,01632900,logNSE,
G,17,01634500,NSE,0.42808945729751224
G,17,01634500,KGE,0.5478411513837567
G,17,01634500,logNSE,
G,17,01638480,NSE,0.3009264624776309
G,17,01638480,KGE,0.31917144570947764
G,17,01638480,logNSE,
G,17,01639500,NSE,0.4502126373550842
G,17,01639500,KGE,0.35861795993009316
G,17,01639500,logNSE,
G,17,01644000,NSE,0.5583936464710637
G,17,01644000,KGE,0.5297646279322388
G,17,01644000,logNSE,
G,17,01658500,NSE,0.32528136976668365
G,17,01658500,KGE,0.33908803919556507
G,17,01658500,logNSE,
G,17,01664000,NSE,0.6169040445503857
G,17,01664000,KGE,0.5968862178531609
G,17,01664000,logNSE,
G,17,01666500,NSE,0.32472805566668106
G,17,01666500,KGE,0.5171201129501317
G,17,01666500,logNSE,
G,17,01667500,NSE,0.5241815177704776
G,17,01667500,KGE,0.6289762648263122
G,17,01667500,logNSE,
G,17,01669000,NSE,0.5393830576478313
G,17,01669000,KGE,0.5635948016372954
G,17,01669000,logNSE,
G,17,01669520,NSE,0.5069875953159844
G,17,01669520,KGE,0.6384008002870265
G,17,01669520,logNSE,
G,17,02011400,NSE,0.7135999287779381
G,17,02011400,KGE,0.6928034474275637
G,17,02011400,logNSE,
G,17,02011460,NSE,0.6232904546479849
G,17,02011460,KGE,0.5347675448210252
G,17,02011460,logNSE,
G,17,02013000,NSE,0.6246608694793144
G,17,02013000,KGE,0.6769185167285512
G,17,02013000,logNSE,
G,17,02014000,NSE,0.6111802591555666
G,17,02014000,KGE,0.5745901177978884
G,17,02014000,logNSE,
G,17,02015700,NSE,0.635233869353591
G,17,02015700,KGE,0.601540785976288
G,17,02015700,logNSE,
G,17,02016000,NSE,0.6692946125213068
G,17,02016000,KGE,0.5552380110111531
G,17,02016000,logNSE,
G,17,02017500,NSE,0.6655243617095334
G,17,02017500,KGE,0.6722827972607427
G,17,02017500,logNSE,
G,17,02018000,NSE,0.6815558244452538
G,17,02018000,KGE,0.7008942451201495
G,17,02018000,logNSE,
G,17,02027000,NSE,0.4881217961175064
G,17,02027000,KGE,0.42154975424717933
G,17,02027000,logNSE,
G,17,02027500,NSE,0.46578682335718335
G,17,02027500,KGE,0.37234305379094745
G,17,02027500,logNSE,
G,17,02028500,NSE,0.6071836797829496
G,17,02028500,KGE,0.6050117083175826
G,17,02028500,logNSE,
G,17,02038850,NSE,0.49865688653538787
G,17,02038850,KGE,0.482693487686905
G,17,02038850,logNSE,
G,17,02046000,NSE,0.6661620426860657
G,17,02046000,KGE,0.7407457226232983
G,17,02046000,logNSE,
G,17,02051000,NSE,0.4694784552228698
G,17,02051000,KGE,0.47376385419534706
G,17,02051000,logNSE,
G,17,02051500,NSE,0.5486987235459705
G,17,02051500,KGE,0.7190627558508266
G,17,02051500,logNSE,
G,17,02053200,NSE,0.29228165673277284
G,17,02053200,KGE,0.5571771333867022
G,17,02053200,logNSE,
G,17,02053800,NSE,0.6493171074874093
G,17,02053800,KGE,0.6817628491899446
G,17,02053800,logNSE,
G,17,02055100,NSE,0.5380455686816004
G,17,02055100,KGE,0.5146859741902338
G,17,02055100,logNSE,
G,17,02056900,NSE,0.5916917493585738
G,17,02056900,KGE,0.5610765261987145
G,17,02056900,logNSE,
G,17,02059500,NSE,0.2930868686179374
G,17,02059500,KGE,0.6195443924849838
G,17,02059500,logNSE,
G,17,02064000,NSE,0.5685804773712304
G,17,02064000,KGE,0.5998574802091935
G,17,02064000,logNSE,
G,17,02065500,NSE,0.0684725239398618
G,17,02065500,KGE,0.4075637247143321
G,17,02065500,logNSE,
G,17,02069700,NSE,0.2439770362586121
G,17,02069700,KGE,0.33912000690588373
G,17,02069700,logNSE,
G,17,02070000,NSE,0.3436547631981932
G,17,02070000,KGE,0.5154663606231777
G,17,02070000,logNSE,
G,17,02074500,NSE,0.3167446975813546
G,17,02074500,KGE,0.46735127037041735
G,17,02074500,logNSE,
G,17,02077200,NSE,0.5426757815437966
G,17,02077200,KGE,0.5627288977831022
G,17,02077200,logNSE,
G,17,02081500,NSE,0.4211935457900867
G,17,02081500,KGE,0.616872199057942
G,17,02081500,logNSE,
G,17,02082950,NSE,0.04169687879677253
G,17,02082950,KGE,0.48925485544992575
G,17,02082950,logNSE,
G,17,02096846,NSE,0.34410717648971056
G,17,02096846,KGE,0.5144104455411704
G,17,02096846,logNSE,
G,17,02111180,NSE,0.432058871312862
G,17,02111180,KGE,-0.09579626613925774
G,17,02111180,logNSE,
G,17,02111500,NSE,0.353099646845492
G,17,02111500,KGE,0.31875291075732937
G,17,02111500,logNSE,
G,17,02112120,NSE,0.08506729695893134
G,17,02112120,KGE,0.25227088981872037
G,17,02112120,logNSE,
G,17,02112360,NSE,0.3035542585583997
G,17,02112360,KGE,0.032104365139035695
G,17,02112360,logNSE,
G,17,02118500,NSE,0.3573962167135527
G,17,02118500,KGE,0.42450945524803363
G,17,02118500,logNSE,
G,17,02125000,NSE,0.4096139993934449
G,17,02125000,KGE,0.3689787555590952
G,17,02125000,logNSE,
G,17,02128000,NSE,0.32585368969053563
G,17,02128000,KGE,0.3939872432957582
G,17,02128000,logNSE,
G,17,02137727,NSE,0.5459888425014588
G,17,02137727,KGE,-0.6538771111196324
G,17,02137727,logNSE,
G,17,02140991,NSE,0.5133587493893252
G,17,02140991,KGE,0.02054496401799155
G,17,02140991,logNSE,
G,17,02143000,NSE,0.5192119315534476
G,17,02143000,KGE,0.3255987307339415
G,17,02143000,logNSE,
G,17,02143040,NSE,0.568752866421094
G,17,02143040,KGE,-0.0044684729987536365
G,17,02143040,logNSE,
G,17,02149000,NSE,0.37252513580294433
G,17,02149000,KGE,0.18214172832691244
G,17,02149000,logNSE,
G,17,02152100,NSE,0.452596128281086
G,17,02152100,KGE,0.369836464438956
G,17,02152100,logNSE,
G,17,02177000,NSE,0.4617083590382842
G,17,02177000,KGE,0.3184573064721692
G,17,02177000,logNSE,0.26621617200997616
G,17,02178400,NSE,0.6251265936453366
G,17,02178400,KGE,0.5405797573477298
G,17,02178400,logNSE,0.45137516652589516
G,17,03010655,NSE,0.6983150070251576
G,17,03010655,KGE,0.3685879662560899
G,17,03010655,logNSE,
G,17,03011800,NSE,0.6811009209475924
G,17,03011800,KGE,0.2581565112019715
G,17,03011800,logNSE,0.6264636518989789
G,17,03015500,NSE,0.6902080556672866
G,17,03015500,KGE,0.7518216024502716
G,17,03015500,logNSE,0.7005994624898682
G,17,03021350,NSE,0.5596928132117006
G,17,03021350,KGE,0.5047902372463969
G,17,03021350,logNSE,0.5843822766990964
G,17,03026500,NSE,0.7080777566093237
G,17,03026500,KGE,0.135279923204203
G,17,03026500,logNSE,0.6480593160203236
G,17,03028000,NSE,0.7276048204648848
G,17,03028000,KGE,0.758780229882399
G,17,03028000,logNSE,0.6878536561231614
G,17,03049000,NSE,0.7056286831017216
G,17,03049000,KGE,0.09356349434873823
G,17,03049000,logNSE,
G,17,03049800,NSE,0.5449663898312441
G,17,03049800,KGE,0.33171166911541716
G,17,03049800,logNSE,
G,17,03050000,NSE,0.7251691206886979
G,17,03050000,KGE,0.7127236947893397
G,17,03050000,logNSE,0.5335099653312174
G,17,03066000,NSE,0.7163550718249284
G,17,03066000,KGE,0.644125683734765
G,17,03066000,logNSE,0.6664704644500871
G,17,03069500,NSE,0.7567529152247601
G,17,03069500,KGE,0.7330792838375215
G,17,03069500,logNSE,0.6976266830040014
G,17,03070500,NSE,0.7545840821939138
G,17,03070500,KGE,0.58436785650475
G,17,03070500,logNSE,0.6616793154543149
G,17,03076600,NSE,0.7034554086927585
G,17,03076600,KGE,0.707870466653475
G,17,03076600,logNSE,0.660257423345554
G,17,03078000,NSE,0.7330537666036658
G,17,03078000,KGE,0.6826191907190607
G,17,03078000,logNSE,0.6265595222114193
G,17,03140000,NSE,0.6837625940793022
G,17,03140000,KGE,0.7046624323717579
G,17,03140000,logNSE,
G,17,03144000,NSE,0.6820647849214889
G,17,03144000,KGE,0.5881160702608916
G,17,03144000,logNSE,
G,17,03159540,NSE,0.7261588534446819
G,17,03159540,KGE,0.6402831871402703
G,17,03159540,logNSE,
G,17,03161000,NSE,0.5687518878029898
G,17,03161000,KGE,-23.003114384011308
G,17,03161000,logNSE,
G,17,03164000,NSE,0.4986979451930177
G,17,03164000,KGE,0.3860349316007735
G,17,03164000,logNSE,
G,17,03165000,NSE,0.6685402265377829
G,17,03165000,KGE,-0.6780854904390463
G,17,03165000,logNSE,
G,17,03170000,NSE,0.678947207505753
G,17,03170000,KGE,0.6188876534504006
G,17,03170000,logNSE,
G,17,03173000,NSE,0.5747895054536092
G,17,03173000,KGE,0.705887221868896
G,17,03173000,logNSE,
G,17,03180500,NSE,0.7453033282567384
G,17,03180500,KGE,0.6069903419485709
G,17,03180500,logNSE,0.6411014948826643
G,17,03182500,NSE,0.7067160917807698
G,17,03182500,KGE,0.6831885803895879
G,17,03182500,logNSE,
G,17,03186500,NSE,0.6761541544338344
G,17,03186500,KGE,0.5378570443172446
G,17,03186500,logNSE,0.6437810546460143
G,17,03187500,NSE,0.7009464664131115
G,17,03187500,KGE,0.49643482868251887
G,17,03187500,logNSE,0.6385090759781078
G,17,03213700,NSE,0.5496416043858936
G,17,03213700,KGE,0.6538245755321811
G,17,03213700,logNSE,
G,17,03237280,NSE,0.5182079303846764
G,17,03237280,KGE,0.37547041865141706
G,17,03237280,logNSE,
G,17,03237500,NSE,0.5767963837993617
G,17,03237500,KGE,0.28255896880242415
G,17,03237500,logNSE,
G,17,03238500,NSE,0.6051390617919017
G,17,03238500,KGE,-0.052892431876087276
G,17,03238500,logNSE,
G,17,03241500,NSE,0.7692263407270671
G,17,03241500,KGE,0.7971144687346547
G,17,03241500,logNSE,
G,17,03439000,NSE,0.6610284536905433
G,17,03439000,KGE,0.49777855952770855
G,17,03439000,logNSE,0.34522861167878804
G,17,03450000,NSE,0.5588648879659068
G,17,03450000,KGE,-0.7623782231729237
G,17,03450000,logNSE,
G,17,03455500,NSE,0.5216096967126531
G,17,03455500,KGE,0.44068368893999843
G,17,03455500,logNSE,0.46436849189783835
G,17,03456500,NSE,0.5570443543963093
G,17,03456500,KGE,0.1043926732804773
G,17,03456500,logNSE,0.39722881020811573
G,17,03460000,NSE,0.6888818335244437
G,17,03460000,KGE,-2.3452917532411246
G,17,03460000,logNSE,0.44597803683352344
G,17,03463300,NSE,0.646435322412633
G,17,03463300,KGE,0.6266363860484891
G,17,03463300,logNSE,0.6475162797152065
G,17,03471500,NSE,0.5385008638943038
G,17,03471500,KGE,0.6187855882053066
G,17,03471500,logNSE,
G,17,03473000,NSE,0.591995686784208
G,17,03473000,KGE,0.6368601373880585
G,17,03473000,logNSE,
G,17,03479000,NSE,0.590452836601764
G,17,03479000,KGE,0.05511349743076244
G,17,03479000,logNSE,
G,17,03488000,NSE,0.5459797165662
G,17,03488000,KGE,0.6809244089539778
G,17,03488000,logNSE,
G,17,03498500,NSE,0.6424075662078117
G,17,03498500,KGE,0.5685251634504425
G,17,03498500,logNSE,
G,17,03500000,NSE,0.5405407409062902
G,17,03500000,KGE,0.24056304034159814
G,17,03500000,logNSE,0.43112973516559006
G,17,03500240,NSE,0.5284656211953218
G,17,03500240,KGE,-0.7092120505667363
G,17,03500240,logNSE,0.3736976955244876
G,17,03504000,NSE,0.6819181247593349
G,17,03504000,KGE,0.7620901814778107
G,17,03504000,logNSE,0.5480421804317297
G,17,04105700,NSE,-0.16412458429348153
G,17,04105700,KGE,0.38537271889034863
G,17,04105700,logNSE,
G,17,04115265,NSE,0.49934200224521075
G,17,04115265,KGE,0.7118964353105823
G,17,04115265,logNSE,
G,17,04122200,NSE,0.6470393373548051
G,17,04122200,KGE,0.7608793021714076
G,17,04122200,logNSE,
G,17,04185000,NSE,0.5212807210426412
G,17,04185000,KGE,0.44900937056680057
G,17,04185000,logNSE,
G,17,04196800,NSE,0.6679338243840578
G,17,04196800,KGE,0.6129763443320282
G,17,04196800,logNSE,
G,17,04197100,NSE,0.7304385824797845
G,17,04197100,KGE,0.7384047859158678
G,17,04197100,logNSE,
G,17,04197170,NSE,0.6289843440184095
G,17,04197170,KGE,0.38907548487893484
G,17,04197170,logNSE,
G,17,04213000,NSE,0.5747568784628583
G,17,04213000,KGE,0.2779762577530782
G,17,04213000,logNSE,0.35244331228187653
G,17,04213075,NSE,0.21087160520167347
G,17,04213075,KGE,-2.5108525341130528
G,17,04213075,logNSE,0.22466581379044814
G,17,04216418,NSE,0.5618041993613658
G,17,04216418,KGE,-7.548556177345594
G,17,04216418,logNSE,
G,17,04221000,NSE,0.6757634813453748
G,17,04221000,KGE,0.5832670289481212
G,17,04221000,logNSE,
G,17,04224775,NSE,0.5897120863231458
G,17,04224775,KGE,0.6287299810257665
G,17,04224775,logNSE,
G,17,04233000,NSE,0.5854204252075629
G,17,04233000,KGE,0.6267547963740265
G,17,04233000,logNSE,
G,17,04256000,NSE,0.7841900157416284
G,17,04256000,KGE,0.699829071425015
G,17,04256000,logNSE,0.6392986848903203
G,17,04296000,NSE,0.6819250599143918
G,17,04296000,KGE,0.7316885183437913
G,17,04296000,logNSE,0.6516052149296911
G+T,11,01030500,NSE,0.6802752255357369
G+T,11,01030500,KGE,0.6796895975924744
G+T,11,01030500,logNSE,0.6933049436522104
G+T,11,01031500,NSE,0.6884690954202541
G+T,11,01031500,KGE,0.4241164807098722
G+T,11,01031500,logNSE,0.6398138612477047
G+T,11,01047000,NSE,0.7292489797473154
G+T,11,01047000,KGE,0.6866057634425844
G+T,11,01047000,logNSE,0.6998221671923606
G+T,11,01052500,NSE,0.6777673593424235
G+T,11,01052500,KGE,0.7036847359324101
G+T,11,01052500,logNSE,0.6741950552744771
G+T,11,01054200,NSE,0.5590454034681702
G+T,11,01054200,KGE,0.5394719111742248
G+T,11,01054200,logNSE,0.5862937046031699
G+T,11,01055000,NSE,0.6384694957831025
G+T,11,01055000,KGE,0.5805978929749607
G+T,11,01055000,logNSE,0.671029032850248
G+T,11,01057000,NSE,0.715512008213279
G+T,11,01057000,KGE,0.5957420478592386
G+T,11,01057000,logNSE,0.5993910535412832
G+T,11,01078000,NSE,0.7050275514454326
G+T,11,01078000,KGE,0.4275145734897784
G+T,11,01078000,logNSE,0.6152844492441307
G+T,11,01134500,NSE,0.6503357365877019
G+T,11,01134500,KGE,0.5267282835474153
G+T,11,01134500,logNSE,0.6295997446719155
G+T,11,01137500,NSE,0.6968927071735955
G+T,11,01137500,KGE,0.6173567551152424
G+T,11,01137500,logNSE,0.6582618433190601
G+T,11,01139000,NSE,0.6776523550496567
G+T,11,01139000,KGE,0.611567930977164
G+T,11,01139000,logNSE,0.5760684993424031
G+T,11,01139800,NSE,0.6054422887312703
G+T,11,01139800,KGE,0.3484528771044283
G+T,11,01139800,logNSE,0.34810536688653226
G+T,11,01142500,NSE,0.5746105380199487
G+T,11,01142500,KGE,0.27868303273131323
G+T,11,01142500,logNSE,0.47547316348345703
G+T,11,01144000,NSE,0.6664265265674912
G+T,11,01144000,KGE,0.4589205471741149
G+T,11,01144000,logNSE,0.5831181938757435
G+T,11,01169000,NSE,0.5576116438156922
G+T,11,01169000,KGE,0.2103428655820171
G+T,11,01169000,logNSE,0.5607398043564782
G+T,11,01181000,NSE,0.522410848350384
G+T,11,01181000,KGE,0.2482813209947493
G+T,11,01181000,logNSE,0.603955957032478
G+T,11,01187300,NSE,0.607696881010351
G+T,11,01187300,KGE,0.494071352628234
G+T,11,01187300,logNSE,0.5597684563330539
G+T,11,01333000,NSE,0.5478543660227924
G+T,11,01333000,KGE,0.2873505759756684
G+T,11,01333000,logNSE,0.5699494520604969
G+T,11,01350000,NSE,0.655689641660068
G+T,11,01350000,KGE,0.6789036401296578
G+T,11,01350000,logNSE,0.6853952409338995
G+T,11,01350080,NSE,0.472918529010549
G+T,11,01350080,KGE,-3.285413034776825
G+T,11,01350080,logNSE,0.4819059354860279
G+T,11,01350140,NSE,0.41028873703248536
G+T,11,01350140,KGE,0.5567712795539594
G+T,11,01350140,logNSE,0.40896493427970093
G+T,11,01365000,NSE,0.6758330290625346
G+T,11,01365000,KGE,0.5617473268056317
G+T,11,01365000,logNSE,0.6282949356343928
G+T,11,01411300,NSE,-0.022483922356665964
G+T,11,01411300,KGE,0.47211462577528196
G+T,11,01411300,logNSE,
G+T,11,01413500,NSE,0.6047712328754353
G+T,11,01413500,KGE,0.5737460665608933
G+T,11,01413500,logNSE,0.6310443424233358
G+T,11,01414500,NSE,0.6192950347183017
G+T,11,01414500,KGE,0.7076567284470505
G+T,11,01414500,logNSE,0.59445860574622
G+T,11,01415000,NSE,0.6450021425744779
G+T,11,01415000,KGE,0.7580582586577278
G+T,11,01415000,logNSE,0.5441836241468194
G+T,11,01423000,NSE,0.6205428730664934
G+T,11,01423000,KGE,0.7359696726222131
G+T,11,01423000,logNSE,0.5859254305345907
G+T,11,01434025,NSE,0.4650482811263511
G+T,11,01434025,KGE,0.4811458917893713
G+T,11,01434025,logNSE,0.6645681395344825
G+T,11,01435000,NSE,0.5804719381310144
G+T,11,01435000,KGE,0.5544616971683949
G+T,11,01435000,logNSE,0.6943346428364213
G+T,11,01439500,NSE,0.7654849171033784
G+T,11,01439500,KGE,0.5792112029090696
G+T,11,01439500,logNSE,0.6536534328290149
G+T,11,01440000,NSE,0.7130566523119624
G+T,11,01440000,KGE,0.5659647564478592
G+T,11,01440000,logNSE,0.6872654974541987
G+T,11,01440400,NSE,0.5709823428598122
G+T,11,01440400,KGE,0.3169335194159312
G+T,11,01440400,logNSE,0.6684502121232153
G+T,11,01451800,NSE,0.7309769060762229
G+T,11,01451800,KGE,0.10982349355892007
G+T,11,01451800,logNSE,0.6115605173987922
G+T,11,01466500,NSE,-0.060382611350983106
G+T,11,01466500,KGE,0.5018719502575362
G+T,11,01466500,logNSE,
G+T,11,01484100,NSE,0.41335025408197656
G+T,11,01484100,KGE,0.6554024507810159
G+T,11,01484100,logNSE,
G+T,11,01485500,NSE,0.6175378492628257
G+T,11,01485500,KGE,0.5401962151854929
G+T,11,01485500,logNSE,
G+T,11,01487000,NSE,0.5568280519847354
G+T,11,01487000,KGE,0.5718444924178743
G+T,11,01487000,logNSE,
G+T,11,01491000,NSE,0.6948140922658963
G+T,11,01491000,KGE,0.5825640217703896
G+T,11,01491000,logNSE,
G+T,11,01510000,NSE,0.6584151198910476
G+T,11,01510000,KGE,0.678871211463926
G+T,11,01510000,logNSE,0.6447198203812359
G+T,11,01516500,NSE,0.5416597328410431
G+T,11,01516500,KGE,0.6106043498462523
G+T,11,01516500,logNSE,
G+T,11,01518862,NSE,0.6154402637258615
G+T,11,01518862,KGE,0.6896980204730374
G+T,11,01518862,logNSE,
G+T,11,01532000,NSE,0.7018128169283979
G+T,11,01532000,KGE,0.6584192532250652
G+T,11,01532000,logNSE,
G+T,11,01539000,NSE,0.5570654607323866
G+T,11,01539000,KGE,0.4020699002820399
G+T,11,01539000,logNSE,0.6824308221583155
G+T,11,01542810,NSE,0.6421076452665295
G+T,11,01542810,KGE,-14.865433870899407
G+T,11,01542810,logNSE,
G+T,11,01543000,NSE,0.7437136385834288
G+T,11,01543000,KGE,0.1328611416652793
G+T,11,01543000,logNSE,0.6755343190861047
G+T,11,01543500,NSE,0.7460015527307912
G+T,11,01543500,KGE,-0.9853813950321435
G+T,11,01543500,logNSE,0.6327480739617855
G+T,11,01544500,NSE,0.6579003947010368
G+T,11,01544500,KGE,0.7915738472509173
G+T,11,01544500,logNSE,
G+T,11,01545600,NSE,0.5893098720971686
G+T,11,01545600,KGE,0.5689842692209515
G+T,11,01545600,logNSE,
G+T,11,01547700,NSE,0.605152588173095
G+T,11,01547700,KGE,0.5215947545522819
G+T,11,01547700,logNSE,
G+T,11,01548500,NSE,0.7422630948148035
G+T,11,01548500,KGE,0.6016243090098584
G+T,11,01548500,logNSE,
G+T,11,01549500,NSE,0.646996410313011
G+T,11,01549500,KGE,-0.33187725446244776
G+T,11,01549500,logNSE,
G+T,11,01550000,NSE,0.6821366423535622
G+T,11,01550000,KGE,-6.799976459381609
G+T,11,01550000,logNSE,
G+T,11,01552000,NSE,0.7165670812020644
G+T,11,01552000,KGE,-1.0360778085512452
G+T,11,01552000,logNSE,0.632958393221827
G+T,11,01552500,NSE,0.650211688145856
G+T,11,01552500,KGE,0.387584873808799
G+T,11,01552500,logNSE,0.5991481957037887
G+T,11,01557500,NSE,0.6949355033752751
G+T,11,01557500,KGE,-0.43508471043662
G+T,11,01557500,logNSE,
G+T,11,01567500,NSE,0.716573080394488
G+T,11,01567500,KGE,0.6607735163231758
G+T,11,01567500,logNSE,
G+T,11,01568000,NSE,0.7593140937573846
G+T,11,01568000,KGE,0.7628265458798946
G+T,11,01568000,logNSE,
G+T,11,01580000,NSE,0.5709246448553478
G+T,11,01580000,KGE,0.6419915989985774
G+T,11,01580000,logNSE,
G+T,11,01583500,NSE,0.44279517300221904
G+T,11,01583500,KGE,0.5656034623314729
G+T,11,01583500,logNSE,
G+T,11,01586610,NSE,0.4877220594151721
G+T,11,01586610,KGE,0.6537287054594527
G+T,11,01586610,logNSE,
G+T,11,01591400,NSE,0.5422106905842135
G+T,11,01591400,KGE,0.623971758573426
G+T,11,01591400,logNSE,
G+T,11,01594950,NSE,0.6922445417031402
G+T,11,01594950,KGE,0.5865573466858771
G+T,11,01594950,logNSE,0.5489066926464967
G+T,11,01596500,NSE,0.7335249915139421
G+T,11,01596500,KGE,0.1505360066361212
G+T,11,01596500,logNSE,
G+T,11,01605500,NSE,0.5785865920901265
G+T,11,01605500,KGE,0.5050364266999057
G+T,11,01605500,logNSE,
G+T,11,01606500,NSE,0.601616812945956
G+T,11,01606500,KGE,0.684334780873872
G+T,11,01606500,logNSE,
G+T,11,01613050,NSE,0.6671566475579864
G+T,11,01613050,KGE,0.7393865959070174
G+T,11,01613050,logNSE,
G+T,11,01620500,NSE,0.6003219918551366
G+T,11,01620500,KGE,0.7040382898266782
G+T,11,01620500,logNSE,
G+T,11,01632000,NSE,0.38070296247152013
G+T,11,01632000,KGE,0.3736152338103026
G+T,11,01632000,logNSE,
G+T,11,01632900,NSE,0.411199248399271
G+T,11,01632900,KGE,0.5293591305359581
G+T,11,01632900,logNSE,
G+T,11,01634500,NSE,0.5117605018214826
G+T,11,01634500,KGE,0.6883414191478276
G+T,11,01634500,logNSE,
G+T,11,01638480,NSE,0.35838186352591384
G+T,11,01638480,KGE,0.47385361294975936
G+T,11,01638480,logNSE,
G+T,11,01639500,NSE,0.5028309624276173
G+T,11,01639500,KGE,0.6209359236764855
G+T,11,01639500,logNSE,
G+T,11,01644000,NSE,0.538092135818062
G+T,11,01644000,KGE,0.6818643593998368
G+T,11,01644000,logNSE,
G+T,11,01658500,NSE,0.36282941397616275
G+T,11,01658500,KGE,0.32285869200255923
G+T,11,01658500,logNSE,
G+T,11,01664000,NSE,0.6544609325540397
G+T,11,01664000,KGE,0.6950610240753108
G+T,11,01664000,logNSE,
G+T,11,01666500,NSE,0.47013778053531075
G+T,11,01666500,KGE,0.6696007073344693
G+T,11,01666500,logNSE,
G+T,11,01667500,NSE,0.5657551163538976
G+T,11,01667500,KGE,0.6597856309148269
G+T,11,01667500,logNSE,
G+T,11,01669000,NSE,0.6705868619595977
G+T,11,01669000,KGE,0.7049624006178581
G+T,11,01669000,logNSE,
G+T,11,01669520,NSE,0.6279417328525309
G+T,11,01669520,KGE,0.6881414661543002
G+T,11,01669520,logNSE,
G+T,11,02011400,NSE,0.7048607803119518
G+T,11,02011400,KGE,0.774337227661787
G+T,11,02011400,logNSE,
G+T,11,02011460,NSE,0.6245041035554216
G+T,11,02011460,KGE,0.581641640691068
G+T,11,02011460,logNSE,
G+T,11,02013000,NSE,0.620286028773549
G+T,11,02013000,KGE,0.7225995152257028
G+T,11,02013000,logNSE,
G+T,11,02014000,NSE,0.6012130136120912
G+T,11,02014000,KGE,0.5512002765905002
G+T,11,02014000,logNSE,
G+T,11,02015700,NSE,0.6649354009072983
G+T,11,02015700,KGE,0.5854574826418947
G+T,11,02015700,logNSE,
G+T,11,02016000,NSE,0.7343269682409479
G+T,11,02016000,KGE,0.6388854870870054
G+T,11,02016000,logNSE,
G+T,11,02017500,NSE,0.6686285335442749
G+T,11,02017500,KGE,0.6688109389094719
G+T,11,02017500,logNSE,
G+T,11,02018000,NSE,0.6990585091082968
G+T,11,02018000,KGE,0.7954488420675268
G+T,11,02018000,logNSE,
G+T,11,02027000,NSE,0.44919955703494185
G+T,11,02027000,KGE,0.41668279831310995
G+T,11,02027000,logNSE,
G+T,11,02027500,NSE,0.5011317700005544
G+T,11,02027500,KGE,0.5134461000483956
G+T,11,02027500,logNSE,
G+T,11,02028500,NSE,0.4855776395185085
G+T,11,02028500,KGE,0.4680873824051376
G+T,11,02028500,logNSE,
G+T,11,02038850,NSE,0.4872439565911506
G+T,11,02038850,KGE,0.5192912702851105
G+T,11,02038850,logNSE,
G+T,11,02046000,NSE,0.5902233417402163
G+T,11,02046000,KGE,0.49747024953502195
G+T,11,02046000,logNSE,
G+T,11,02051000,NSE,0.4227801292614446
G+T,11,02051000,KGE,0.3952984703739173
G+T,11,02051000,logNSE,
G+T,11,02051500,NSE,0.569892914892479
G+T,11,02051500,KGE,0.6391985259593197
G+T,11,02051500,logNSE,
G+T,11,02053200,NSE,0.5545011224933367
G+T,11,02053200,KGE,0.6202055764878691
G+T,11,02053200,logNSE,
G+T,11,02053800,NSE,0.6440807309411369
G+T,11,02053800,KGE,0.7808887480639037
G+T,11,02053800,logNSE,
G+T,11,02055100,NSE,0.5683951238679708
G+T,11,02055100,KGE,0.553786118930798
G+T,11,02055100,logNSE,
G+T,11,02056900,NSE,0.5946766218847754
G+T,11,02056900,KGE,0.5934461374189981
G+T,11,02056900,logNSE,
G+T,11,02059500,NSE,0.330721854775328
G+T,11,02059500,KGE,0.6695776550325205
G+T,11,02059500,logNSE,
G+T,11,02064000,NSE,0.6193817933934567
G+T,11,02064000,KGE,0.6990180475547438
G+T,11,02064000,logNSE,
G+T,11,02065500,NSE,0.15501427797412703
G+T,11,02065500,KGE,0.47205741775336607
G+T,11,02065500,logNSE,
G+T,11,02069700,NSE,0.35098634433773235
G+T,11,02069700,KGE,0.5290124220319634
G+T,11,02069700,logNSE,
G+T,11,02070000,NSE,0.40352408844596066
G+T,11,02070000,KGE,0.555521765988485
G+T,11,02070000,logNSE,
G+T,11,02074500,NSE,0.3586132575195111
G+T,11,02074500,KGE,0.4579633468940757
G+T,11,02074500,logNSE,
G+T,11,02077200,NSE,0.5174984798521036
G+T,11,02077200,KGE,0.4659547918130641
G+T,11,02077200,logNSE,
G+T,11,02081500,NSE,0.5394028733422818
G+T,11,02081500,KGE,0.7091728241749627
G+T,11,02081500,logNSE,
G+T,11,02082950,NSE,0.5812850080085898
G+T,11,02082950,KGE,0.76441197182714
G+T,11,02082950,logNSE,
G+T,11,02096846,NSE,0.42681795772798603
G+T,11,02096846,KGE,0.6487640772577205
G+T,11,02096846,logNSE,
G+T,11,02111180,NSE,0.44275945240345593
G+T,11,02111180,KGE,-0.03307729581561847
G+T,11,02111180,logNSE,
G+T,11,02111500,NSE,0.38034780547449176
G+T,11,02111500,KGE,0.5357151436095478
G+T,11,02111500,logNSE,
G+T,11,02112120,NSE,0.1787374347475159
G+T,11,02112120,KGE,0.39604403959355405
G+T,11,02112120,logNSE,
G+T,11,02112360,NSE,0.41945005890116305
G+T,11,02112360,KGE,0.374922932230047
G+T,11,02112360,logNSE,
G+T,11,02118500,NSE,0.3927954645254593
G+T,11,02118500,KGE,0.510950688335664
G+T,11,02118500,logNSE,
G+T,11,02125000,NSE,0.5352051521076638
G+T,11,02125000,KGE,0.5571634948301567
G+T,11,02125000,logNSE,
G+T,11,02128000,NSE,0.5247396320221773
G+T,11,02128000,KGE,0.6527197875700257
G+T,11,02128000,logNSE,
G+T,11,02137727,NSE,0.5383670069381519
G+T,11,02137727,KGE,-0.3876038421847927
G+T,11,02137727,logNSE,
G+T,11,02140991,NSE,0.5079125207657283
G+T,11,02140991,KGE,0.2651317241233403
G+T,11,02140991,logNSE,
G+T,11,02143000,NSE,0.6108087964591105
G+T,11,02143000,KGE,0.5526924607077615
G+T,11,02143000,logNSE,
G+T,11,02143040,NSE,0.5834057997662141
G+T,11,02143040,KGE,0.3711618522536394
G+T,11,02143040,logNSE,
G+T,11,02149000,NSE,0.4141783085552039
G+T,11,02149000,KGE,0.36448428228966456
G+T,11,02149000,logNSE,
G+T,11,02152100,NSE,0.4750548356351041
G+T,11,02152100,KGE,0.4995863649242285
G+T,11,02152100,logNSE,
G+T,11,02177000,NSE,0.4578674591926477
G+T,11,02177000,KGE,0.27077668189126347
G+T,11,02177000,logNSE,0.2971304799302562
G+T,11,02178400,NSE,0.6119638977815198
G+T,11,02178400,KGE,0.4645873854288135
G+T,11,02178400,logNSE,0.44693204111070106
G+T,11,03010655,NSE,0.7304600231408294
G+T,11,03010655,KGE,-0.5302740859465791
G+T,11,03010655,logNSE,
G+T,11,03011800,NSE,0.6622302934877606
G+T,11,03011800,KGE,-0.11564928967900046
G+T,11,03011800,logNSE,0.6302663491360028
G+T,11,03015500,NSE,0.7050703708669432
G+T,11,03015500,KGE,0.6588586482120775
G+T,11,03015500,logNSE,0.707315916158052
G+T,11,03021350,NSE,0.5726462235828391
G+T,11,03021350,KGE,0.4745302257964412
G+T,11,03021350,logNSE,0.576095081896996
G+T,11,03026500,NSE,0.7098640224963666
G+T,11,03026500,KGE,-1.032387005226854
G+T,11,03026500,logNSE,0.6557538495337034
G+T,11,03028000,NSE,0.7509836510601917
G+T,11,03028000,KGE,0.5102834841396502
G+T,11,03028000,logNSE,0.6916617829298791
G+T,11,03049000,NSE,0.718421909328488
G+T,11,03049000,KGE,0.7767531333005113
G+T,11,03049000,logNSE,
G+T,11,03049800,NSE,0.5122052434254549
G+T,11,03049800,KGE,-0.4522475812860147
G+T,11,03049800,logNSE,
G+T,11,03050000,NSE,0.7451525826614475
G+T,11,03050000,KGE,0.7075778159522949
G+T,11,03050000,logNSE,0.5406036030064811
G+T,11,03066000,NSE,0.6912640067135554
G+T,11,03066000,KGE,0.7638492100235056
G+T,11,03066000,logNSE,0.6734500881102672
G+T,11,03069500,NSE,0.7813291305992695
G+T,11,03069500,KGE,0.7471781578769063
G+T,11,03069500,logNSE,0.6880465577499458
G+T,11,03070500,NSE,0.7632519128310342
G+T,11,03070500,KGE,0.7575498660136526
G+T,11,03070500,logNSE,0.722194812708284
G+T,11,03076600,NSE,0.6868989576289769
G+T,11,03076600,KGE,0.4496991626198188
G+T,11,03076600,logNSE,0.6910030199520454
G+T,11,03078000,NSE,0.7359848578609856
G+T,11,03078000,KGE,0.35927060600556293
G+T,11,03078000,logNSE,0.6760151543652904
G+T,11,03140000,NSE,0.6588827310289816
G+T,11,03140000,KGE,0.36891464619411796
G+T,11,03140000,logNSE,
G+T,11,03144000,NSE,0.6700660991042136
G+T,11,03144000,KGE,0.043325660813527955
G+T,11,03144000,logNSE,
G+T,11,03159540,NSE,0.6885767041604831
G+T,11,03159540,KGE,0.47861967073413514
G+T,11,03159540,logNSE,
G+T,11,03161000,NSE,0.5726151769704522
G+T,11,03161000,KGE,-22.996298948562504
G+T,11,03161000,logNSE,
G+T,11,03164000,NSE,0.46688235416999024
G+T,11,03164000,KGE,0.42336811764970794
G+T,11,03164000,logNSE,
G+T,11,03165000,NSE,0.6644185620491596
G+T,11,03165000,KGE,0.7058194689807051
G+T,11,03165000,logNSE,
G+T,11,03170000,NSE,0.7178587751126315
G+T,11,03170000,KGE,0.7796324847455802
G+T,11,03170000,logNSE,
G+T,11,03173000,NSE,0.5126291504444873
G+T,11,03173000,KGE,0.7517342675715507
G+T,11,03173000,logNSE,
G+T,11,03180500,NSE,0.766993205140469
G+T,11,03180500,KGE,0.7145813086014721
G+T,11,03180500,logNSE,0.6495856823719306
G+T,11,03182500,NSE,0.7248317026408411
G+T,11,03182500,KGE,0.5685415852943904
G+T,11,03182500,logNSE,
G+T,11,03186500,NSE,0.7112511394109371
G+T,11,03186500,KGE,0.7321917313536564
G+T,11,03186500,logNSE,0.6313019003264986
G+T,11,03187500,NSE,0.7416245474539879
G+T,11,03187500,KGE,0.6760455619975728
G+T,11,03187500,logNSE,0.6741937559955256
G+T,11,03213700,NSE,0.6084559946798003
G+T,11,03213700,KGE,0.7022246446239127
G+T,11,03213700,logNSE,
G+T,11,03237280,NSE,0.5047542051757323
G+T,11,03237280,KGE,0.07263515673050525
G+T,11,03237280,logNSE,
G+T,11,03237500,NSE,0.5757152394741158
G+T,11,03237500,KGE,0.6363040730663097
G+T,11,03237500,logNSE,
G+T,11,03238500,NSE,0.6255249294248371
G+T,11,03238500,KGE,0.6623906084788229
G+T,11,03238500,logNSE,
G+T,11,03241500,NSE,0.7450939208960509
G+T,11,03241500,KGE,0.0046638130888595475
G+T,11,03241500,logNSE,
G+T,11,03439000,NSE,0.6197868877589736
G+T,11,03439000,KGE,0.39224027690025154
G+T,11,03439000,logNSE,0.3545156667051611
G+T,11,03450000,NSE,0.5323778901000416
G+T,11,03450000,KGE,-5.065185312541143
G+T,11,03450000,logNSE,
G+T,11,03455500,NSE,0.4899290912261284
G+T,11,03455500,KGE,0.26382927733207173
G+T,11,03455500,logNSE,0.44582108889356353
G+T,11,03456500,NSE,0.5079492471496787
G+T,11,03456500,KGE,-0.19749158241132858
G+T,11,03456500,logNSE,0.28104616324829523
G+T,11,03460000,NSE,0.578641726471608
G+T,11,03460000,KGE,-7.927425840121661
G+T,11,03460000,logNSE,0.46050185798398136
G+T,11,03463300,NSE,0.6337636221085834
G+T,11,03463300,KGE,0.46506011986722107
G+T,11,03463300,logNSE,0.45311913410813764
G+T,11,03471500,NSE,0.5030599188897746
G+T,11,03471500,KGE,0.663690584543606
G+T,11,03471500,logNSE,
G+T,11,03473000,NSE,0.5763816683080585
G+T,11,03473000,KGE,0.6343496476124385
G+T,11,03473000,logNSE,
G+T,11,03479000,NSE,0.5073526819204395
G+T,11,03479000,KGE,-0.3516941817085746
G+T,11,03479000,logNSE,
G+T,11,03488000,NSE,0.5676398493717365
G+T,11,03488000,KGE,0.7424794052034511
G+T,11,03488000,logNSE,
G+T,11,03498500,NSE,0.6533788483357176
G+T,11,03498500,KGE,0.5892413007316296
G+T,11,03498500,logNSE,
G+T,11,03500000,NSE,0.5252641237958754
G+T,11,03500000,KGE,0.01191087791792178
G+T,11,03500000,logNSE,0.3881658481031456
G+T,11,03500240,NSE,0.45994660695696676
G+T,11,03500240,KGE,-1.721647522105088
G+T,11,03500240,logNSE,0.3109876165111235
G+T,11,03504000,NSE,0.6341292508034178
G+T,11,03504000,KGE,0.6346979367746473
G+T,11,03504000,logNSE,0.45312221171681755
G+T,11,04105700,NSE,0.03006261556265788
G+T,11,04105700,KGE,0.4881023512092231
G+T,11,04105700,logNSE,
G+T,11,04115265,NSE,0.5621223071303586
G+T,11,04115265,KGE,0.6493246295770012
G+T,11,04115265,logNSE,
G+T,11,04122200,NSE,0.6485861542837654
G+T,11,04122200,KGE,0.7379346348247526
G+T,11,04122200,logNSE,
G+T,11,04185000,NSE,0.6377861388016748
G+T,11,04185000,KGE,0.6995123246315706
G+T,11,04185000,logNSE,
G+T,11,04196800,NSE,0.6201855497629083
G+T,11,04196800,KGE,-0.9025820548816863
G+T,11,04196800,logNSE,
G+T,11,04197100,NSE,0.66028388916946
G+T,11,04197100,KGE,-0.675418154599942
G+T,11,04197100,logNSE,
G+T,11,04197170,NSE,0.6233489325764883
G+T,11,04197170,KGE,0.05007101441489481
G+T,11,04197170,logNSE,
G+T,11,04213000,NSE,0.5944918351237876
G+T,11,04213000,KGE,-0.015566155452928498
G+T,11,04213000,logNSE,0.48809797682348854
G+T,11,04213075,NSE,0.15949834302178278
G+T,11,04213075,KGE,-1.6535175492233076
G+T,11,04213075,logNSE,0.23226950343742803
G+T,11,04216418,NSE,0.5181367604104408
G+T,11,04216418,KGE,-28.482287537697495
G+T,11,04216418,logNSE,
G+T,11,04221000,NSE,0.7157869267685653
G+T,11,04221000,KGE,0.4391515439772683
G+T,11,04221000,logNSE,
G+T,11,04224775,NSE,0.5711761447360824
G+T,11,04224775,KGE,0.5278780078302121
G+T,11,04224775,logNSE,
G+T,11,04233000,NSE,0.5945038698240093
G+T,11,04233000,KGE,0.004230864072761853
G+T,11,04233000,logNSE,
G+T,11,04256000,NSE,0.7396200723745521
G+T,11,04256000,KGE,0.5750897000412784
G+T,11,04256000,logNSE,0.6158976371860685
G+T,11,04296000,NSE,0.6316982209949185
G+T,11,04296000,KGE,0.3434313764440191
G+T,11,04296000,logNSE,0.6263366399343124
G+T,13,01030500,NSE,0.7202572303049546
G+T,13,01030500,KGE,0.8298809227673338
G+T,13,01030500,logNSE,0.7296084570834946
G+T,13,01031500,NSE,0.6630047241754357
G+T,13,01031500,KGE,0.3585088820069816
G+T,13,01031500,logNSE,0.6504807163217935
G+T,13,01047000,NSE,0.7222752567993118
G+T,13,01047000,KGE,0.5443553233915823
G+T,13,01047000,logNSE,0.7292518710986998
G+T,13,01052500,NSE,0.6610085113295905
G+T,13,01052500,KGE,0.5165713863504606
G+T,13,01052500,logNSE,0.6983619348413075
G+T,13,01054200,NSE,0.533195302818337
G+T,13,01054200,KGE,0.4527013701334538
G+T,13,01054200,logNSE,0.6005166127629835
G+T,13,01055000,NSE,0.6128766280125892
G+T,13,01055000,KGE,0.43031808244716896
G+T,13,01055000,logNSE,0.6821102608151002
G+T,13,01057000,NSE,0.7098608771057497
G+T,13,01057000,KGE,0.4912129921057642
G+T,13,01057000,logNSE,0.5964168725408824
G+T,13,01078000,NSE,0.6997069641507674
G+T,13,01078000,KGE,0.3290399000765365
G+T,13,01078000,logNSE,0.6332937715102427
G+T,13,01134500,NSE,0.6540551581955942
G+T,13,01134500,KGE,0.465154313725921
G+T,13,01134500,logNSE,0.6678117435419869
G+T,13,01137500,NSE,0.6583920382627166
G+T,13,01137500,KGE,0.46530466162020734
G+T,13,01137500,logNSE,0.5486652939593233
G+T,13,01139000,NSE,0.7025748253289201
G+T,13,01139000,KGE,0.6414532372698178
G+T,13,01139000,logNSE,0.6260064668436507
G+T,13,01139800,NSE,0.5672530089098362
G+T,13,01139800,KGE,0.18361221118920634
G+T,13,01139800,logNSE,0.4011335228691393
G+T,13,01142500,NSE,0.5548432452800767
G+T,13,01142500,KGE,0.12460274743827116
G+T,13,01142500,logNSE,0.45486683112318893
G+T,13,01144000,NSE,0.6874412676260622
G+T,13,01144000,KGE,0.4155976417660192
G+T,13,01144000,logNSE,0.5688268352640752
G+T,13,01169000,NSE,0.5423586905986115
G+T,13,01169000,KGE,0.10977719609717373
G+T,13,01169000,logNSE,0.5690656206172664
G+T,13,01181000,NSE,0.5193515780281481
G+T,13,01181000,KGE,0.18057705217444409
G+T,13,01181000,logNSE,0.6489837629585675
G+T,13,01187300,NSE,0.6118400754034982
G+T,13,01187300,KGE,0.49163930768507147
G+T,13,01187300,logNSE,0.6009621472343465
G+T,13,01333000,NSE,0.4998229238230065
G+T,13,01333000,KGE,0.14709729442690345
G+T,13,01333000,logNSE,0.6099167872188691
G+T,13,01350000,NSE,0.6572181850769818
G+T,13,01350000,KGE,0.6019527983989291
G+T,13,01350000,logNSE,0.6758709791540105
G+T,13,01350080,NSE,0.5449330289929828
G+T,13,01350080,KGE,-1.335482654495327
G+T,13,01350080,logNSE,0.5060090307596044
G+T,13,01350140,NSE,0.387557561605258
G+T,13,01350140,KGE,0.3638729516082393
G+T,13,01350140,logNSE,0.44128051357135867
G+T,13,01365000,NSE,0.6563442968744573
G+T,13,01365000,KGE,0.44187618095279757
G+T,13,01365000,logNSE,0.5984596509607516
G+T,13,01411300,NSE,-0.13322949236860437
G+T,13,01411300,KGE,0.3126758907386584
G+T,13,01411300,logNSE,
G+T,13,01413500,NSE,0.635750426377699
G+T,13,01413500,KGE,0.775925069688415
G+T,13,01413500,logNSE,0.6611515453515259
G+T,13,01414500,NSE,0.62907075213621
G+T,13,01414500,KGE,0.7490365523433213
G+T,13,01414500,logNSE,0.6089716218532262
G+T,13,01415000,NSE,0.655963753357965
G+T,13,01415000,KGE,0.6449673145952843
G+T,13,01415000,logNSE,0.5877611783894536
G+T,13,01423000,NSE,0.6254596422202596
G+T,13,01423000,KGE,0.553923789002042
G+T,13,01423000,logNSE,0.6127558364219498
G+T,13,01434025,NSE,0.46480481461005174
G+T,13,01434025,KGE,0.4610575347840935
G+T,13,01434025,logNSE,0.6468019998620831
G+T,13,01435000,NSE,0.5913697428576208
G+T,13,01435000,KGE,0.4664345183787154
G+T,13,01435000,logNSE,0.6773433870894626
G+T,13,01439500,NSE,0.7309052719553784
G+T,13,01439500,KGE,0.6028712595005212
G+T,13,01439500,logNSE,0.6267755570358483
G+T,13,01440000,NSE,0.7037631891957763
G+T,13,01440000,KGE,0.6803299497229569
G+T,13,01440000,logNSE,0.6822217889143332
G+T,13,01440400,NSE,0.5498533966462038
G+T,13,01440400,KGE,0.2693935009708758
G+T,13,01440400,logNSE,0.6406889137143512
G+T,13,01451800,NSE,0.7314587633979943
G+T,13,01451800,KGE,0.7185526627458314
G+T,13,01451800,logNSE,0.6164990538180668
G+T,13,01466500,NSE,-0.11942839363565105
G+T,13,01466500,KGE,0.5014260544323014
G+T,13,01466500,logNSE,
G+T,13,01484100,NSE,0.2899477527901161
G+T,13,01484100,KGE,0.5959705668095079
G+T,13,01484100,logNSE,
G+T,13,01485500,NSE,0.6818261970591808
G+T,13,01485500,KGE,0.7491451937187251
G+T,13,01485500,logNSE,
G+T,13,01487000,NSE,0.5522865484652753
G+T,13,01487000,KGE,0.6901475580239009
G+T,13,01487000,logNSE,
G+T,13,01491000,NSE,0.7385652370906991
G+T,13,01491000,KGE,0.705395611077998
G+T,13,01491000,logNSE,
G+T,13,01510000,NSE,0.6762362499701025
G+T,13,01510000,KGE,0.6375194459088901
G+T,13,01510000,logNSE,0.6398602231327346
G+T,13,01516500,NSE,0.5982339492939394
G+T,13,01516500,KGE,0.6177511691100593
G+T,13,01516500,logNSE,
G+T,13,01518862,NSE,0.6169150571135213
G+T,13,01518862,KGE,0.6225333771567569
G+T,13,01518862,logNSE,
G+T,13,01532000,NSE,0.7373264693963417
G+T,13,01532000,KGE,0.565443109445297
G+T,13,01532000,logNSE,
G+T,13,01539000,NSE,0.5613446657546718
G+T,13,01539000,KGE,0.5413393918623157
G+T,13,01539000,logNSE,0.6782421445071289
G+T,13,01542810,NSE,0.6439465657493033
G+T,13,01542810,KGE,-22.296324791966697
G+T,13,01542810,logNSE,
G+T,13,01543000,NSE,0.7272908134490121
G+T,13,01543000,KGE,-0.5225601033782394
G+T,13,01543000,logNSE,0.692904488155035
G+T,13,01543500,NSE,0.728538990203184
G+T,13,01543500,KGE,-0.24546694301642402
G+T,13,01543500,logNSE,0.6635944243159427
G+T,13,01544500,NSE,0.6603963507649195
G+T,13,01544500,KGE,0.5895745804319699
G+T,13,01544500,logNSE,
G+T,13,01545600,NSE,0.567937515151451
G+T,13,01545600,KGE,0.5360628677701292
G+T,13,01545600,logNSE,
G+T,13,01547700,NSE,0.5817619922367494
G+T,13,01547700,KGE,0.5476610677134157
G+T,13,01547700,logNSE,
G+T,13,01548500,NSE,0.713284320890228
G+T,13,01548500,KGE,-0.00016064624553702167
G+T,13,01548500,logNSE,
G+T,13,01549500,NSE,0.673764561676429
G+T,13,01549500,KGE,-0.33487940013258477
G+T,13,01549500,logNSE,
G+T,13,01550000,NSE,0.720832821253518
G+T,13,01550000,KGE,-6.042232875567388
G+T,13,01550000,logNSE,
G+T,13,01552000,NSE,0.6949154949119636
G+T,13,01552000,KGE,-2.6739104179892346
G+T,13,01552000,logNSE,0.6216675104523925
G+T,13,01552500,NSE,0.6308818840073263
G+T,13,01552500,KGE,0.5190139251260016
G+T,13,01552500,logNSE,0.5942290687675422
G+T,13,01557500,NSE,0.6873332651362525
G+T,13,01557500,KGE,-0.06916877591216997
G+T,13,01557500,logNSE,
G+T,13,01567500,NSE,0.7289552510573185
G+T,13,01567500,KGE,0.7158508876629119
G+T,13,01567500,logNSE,
G+T,13,01568000,NSE,0.7559589480367699
G+T,13,01568000,KGE,0.7300379185062011
G+T,13,01568000,logNSE,
G+T,13,01580000,NSE,0.5706062578627864
G+T,13,01580000,KGE,0.4122331169232104
G+T,13,01580000,logNSE,
G+T,13,01583500,NSE,0.37737106116487584
G+T,13,01583500,KGE,0.4494617282630089
G+T,13,01583500,logNSE,
G+T,13,01586610,NSE,0.43129057100396906
G+T,13,01586610,KGE,0.5090153164305948
G+T,13,01586610,logNSE,
G+T,13,01591400,NSE,0.5343027469117134
G+T,13,01591400,KGE,0.6008216823580523
G+T,13,01591400,logNSE,
G+T,13,01594950,NSE,0.693012786773916
G+T,13,01594950,KGE,0.2678424058113834
G+T,13,01594950,logNSE,0.5775873925507784
G+T,13,01596500,NSE,0.7270842068703696
G+T,13,01596500,KGE,-0.073333808183081
G+T,13,01596500,logNSE,
G+T,13,01605500,NSE,0.5223721415818245
G+T,13,01605500,KGE,0.4243804878081785
G+T,13,01605500,logNSE,
G+T,13,01606500,NSE,0.5890811148813242
G+T,13,01606500,KGE,0.6440866056636908
G+T,13,01606500,logNSE,
G+T,13,01613050,NSE,0.6554338443372795
G+T,13,01613050,KGE,0.7096641096381275
G+T,13,01613050,logNSE,
G+T,13,01620500,NSE,0.5997512091471509
G+T,13,01620500,KGE,0.4712018811691481
G+T,13,01620500,logNSE,
G+T,13,01632000,NSE,0.38838834285800616
G+T,13,01632000,KGE,0.3800251895681459
G+T,13,01632000,logNSE,
G+T,13,01632900,NSE,0.4350768508657151
G+T,13,01632900,KGE,0.4864983292050402
G+T,13,01632900,logNSE,
G+T,13,01634500,NSE,0.5130423814213929
G+T,13,01634500,KGE,0.6481040823724957
G+T,13,01634500,logNSE,
G+T,13,01638480,NSE,0.3240836606627354
G+T,13,01638480,KGE,0.38436349073197706
G+T,13,01638480,logNSE,
G+T,13,01639500,NSE,0.49532636421960397
G+T,13,01639500,KGE,0.5081313408148127
G+T,13,01639500,logNSE,
G+T,13,01644000,NSE,0.522206182365053
G+T,13,01644000,KGE,0.5188787802541681
G+T,13,01644000,logNSE,
G+T,13,01658500,NSE,0.37396615736123406
G+T,13,01658500,KGE,0.4072424836561591
G+T,13,01658500,logNSE,
G+T,13,01664000,NSE,0.6452241641664197
G+T,13,01664000,KGE,0.6553415245046698
G+T,13,01664000,logNSE,
G+T,13,01666500,NSE,0.4596211707325374
G+T,13,01666500,KGE,0.6393275961594769
G+T,13,01666500,logNSE,
G+T,13,01667500,NSE,0.5728062852399713
G+T,13,01667500,KGE,0.672520586632811
G+T,13,01667500,logNSE,
G+T,13,01669000,NSE,0.6237914532658999
G+T,13,01669000,KGE,0.6729869137383486
G+T,13,01669000,logNSE,
G+T,13,01669520,NSE,0.5910061218063177
G+T,13,01669520,KGE,0.7130122594233372
G+T,13,01669520,logNSE,
G+T,13,02011400,NSE,0.7066862252948902
G+T,13,02011400,KGE,0.6946102598801527
G+T,13,02011400,logNSE,
G+T,13,02011460,NSE,0.6347867073091755
G+T,13,02011460,KGE,0.4191805949693752
G+T,13,02011460,logNSE,
G+T,13,02013000,NSE,0.6640434836315856
G+T,13,02013000,KGE,0.7002960717279971
G+T,13,02013000,logNSE,
G+T,13,02014000,NSE,0.6126082154187782
G+T,13,02014000,KGE,0.5435199208350414
G+T,13,02014000,logNSE,
G+T,13,02015700,NSE,0.6503361000654324
G+T,13,02015700,KGE,0.4946471710110161
G+T,13,02015700,logNSE,
G+T,13,02016000,NSE,0.7333378109454872
G+T,13,02016000,KGE,0.6162071108743876
G+T,13,02016000,logNSE,
G+T,13,02017500,NSE,0.6691774599480536
G+T,13,02017500,KGE,0.640012899797998
G+T,13,02017500,logNSE,
G+T,13,02018000,NSE,0.714486964004572
G+T,13,02018000,KGE,0.7326848417453635
G+T,13,02018000,logNSE,
G+T,13,02027000,NSE,0.4822412797139012
G+T,13,02027000,KGE,0.3581961090162361
G+T,13,02027000,logNSE,
G+T,13,02027500,NSE,0.4866394329605398
G+T,13,02027500,KGE,0.5067843108739236
G+T,13,02027500,logNSE,
G+T,13,02028500,NSE,0.5621878953127666
G+T,13,02028500,KGE,0.5780690629562013
G+T,13,02028500,logNSE,
G+T,13,02038850,NSE,0.47616041611711357
G+T,13,02038850,KGE,0.5383752716835386
G+T,13,02038850,logNSE,
G+T,13,02046000,NSE,0.65403312703213
G+T,13,02046000,KGE,0.6775887238479661
G+T,13,02046000,logNSE,
G+T,13,02051000,NSE,0.42976221785026736
G+T,13,02051000,KGE,0.43050871320179895
G+T,13,02051000,logNSE,
G+T,13,02051500,NSE,0.537650681160724
G+T,13,02051500,KGE,0.6700040133621112
G+T,13,02051500,logNSE,
G+T,13,02053200,NSE,0.5546147222503168
G+T,13,02053200,KGE,0.67085696242824
G+T,13,02053200,logNSE,
G+T,13,02053800,NSE,0.6351510483925936
G+T,13,02053800,KGE,0.7171441312003324
G+T,13,02053800,logNSE,
G+T,13,02055100,NSE,0.5807227516573883
G+T,13,02055100,KGE,0.5668610184072391
G+T,13,02055100,logNSE,
G+T,13,02056900,NSE,0.5834751206116304
G+T,13,02056900,KGE,0.5866148460644148
G+T,13,02056900,logNSE,
G+T,13,02059500,NSE,0.18511523262568008
G+T,13,02059500,KGE,0.5953048026252479
G+T,13,02059500,logNSE,
G+T,13,02064000,NSE,0.5878511452814906
G+T,13,02064000,KGE,0.6378356032146246
G+T,13,02064000,logNSE,
G+T,13,02065500,NSE,0.15271397355170302
G+T,13,02065500,KGE,0.451336036649467
G+T,13,02065500,logNSE,
G+T,13,02069700,NSE,0.3508306546295833
G+T,13,02069700,KGE,0.45986185697621285
G+T,13,02069700,logNSE,
G+T,13,02070000,NSE,0.35888249613604883
G+T,13,02070000,KGE,0.5538044308505314
G+T,13,02070000,logNSE,
G+T,13,02074500,NSE,0.34443937091712307
G+T,13,02074500,KGE,0.4868982552713228
G+T,13,02074500,logNSE,
G+T,13,02077200,NSE,0.5432386341914976
G+T,13,02077200,KGE,0.5881712990435031
G+T,13,02077200,logNSE,
G+T,13,02081500,NSE,0.47639853086433526
G+T,13,02081500,KGE,0.6536046366825328
G+T,13,02081500,logNSE,
G+T,13,02082950,NSE,0.44809963679782927
G+T,13,02082950,KGE,0.6921630378223768
G+T,13,02082950,logNSE,
G+T,13,02096846,NSE,0.3699949098505134
G+T,13,02096846,KGE,0.5749604707692826
G+T,13,02096846,logNSE,
G+T,13,02111180,NSE,0.4495620529231875
G+T,13,02111180,KGE,-0.02905244075044111
G+T,13,02111180,logNSE,
G+T,13,02111500,NSE,0.3368202657867124
G+T,13,02111500,KGE,0.3700201701821557
G+T,13,02111500,logNSE,
G+T,13,02112120,NSE,0.10434727172449132
G+T,13,02112120,KGE,0.29406019927854055
G+T,13,02112120,logNSE,
G+T,13,02112360,NSE,0.37030655928382683
G+T,13,02112360,KGE,0.20495108358542735
G+T,13,02112360,logNSE,
G+T,13,02118500,NSE,0.3867191946996126
G+T,13,02118500,KGE,0.4756300610533225
G+T,13,02118500,logNSE,
G+T,13,02125000,NSE,0.4708702379621893
G+T,13,02125000,KGE,0.4535782385629331
G+T,13,02125000,logNSE,
G+T,13,02128000,NSE,0.4558161648835143
G+T,13,02128000,KGE,0.5883668185671594
G+T,13,02128000,logNSE,
G+T,13,02137727,NSE,0.53469309714604
G+T,13,02137727,KGE,-0.45793708489035456
G+T,13,02137727,logNSE,
G+T,13,02140991,NSE,0.4736758754784842
G+T,13,02140991,KGE,-0.009141184893861842
G+T,13,02140991,logNSE,
G+T,13,02143000,NSE,0.5696175646845987
G+T,13,02143000,KGE,0.4412367478176632
G+T,13,02143000,logNSE,
G+T,13,02143040,NSE,0.5706037531638584
G+T,13,02143040,KGE,0.25920037102596105
G+T,13,02143040,logNSE,
G+T,13,02149000,NSE,0.37763135086166333
G+T,13,02149000,KGE,0.18108990920248635
G+T,13,02149000,logNSE,
G+T,13,02152100,NSE,0.4484808932795856
G+T,13,02152100,KGE,0.45945149225171533
G+T,13,02152100,logNSE,
G+T,13,02177000,NSE,0.4735218184602302
G+T,13,02177000,KGE,0.4794437952614313
G+T,13,02177000,logNSE,0.3921997641947823
G+T,13,02178400,NSE,0.6521065036171354
G+T,13,02178400,KGE,0.6641606332172141
G+T,13,02178400,logNSE,0.5353905779257244
G+T,13,03010655,NSE,0.7268042477344685
G+T,13,03010655,KGE,-0.20002624408169445
G+T,13,03010655,logNSE,
G+T,13,03011800,NSE,0.6251998451184337
G+T,13,03011800,KGE,-0.16873807700567167
G+T,13,03011800,logNSE,0.6300442762766336
G+T,13,03015500,NSE,0.7051141905810887
G+T,13,03015500,KGE,0.6868075723306133
G+T,13,03015500,logNSE,0.7160850723760117
G+T,13,03021350,NSE,0.5633680849846029
G+T,13,03021350,KGE,0.37479310320250037
G+T,13,03021350,logNSE,0.6285976727024862
G+T,13,03026500,NSE,0.7031495246103603
G+T,13,03026500,KGE,-0.8580497167306245
G+T,13,03026500,logNSE,0.6608180801255845
G+T,13,03028000,NSE,0.7368950429773555
G+T,13,03028000,KGE,0.405059135456441
G+T,13,03028000,logNSE,0.6914356965902562
G+T,13,03049000,NSE,0.7283778733630104
G+T,13,03049000,KGE,0.7367429800760894
G+T,13,03049000,logNSE,
G+T,13,03049800,NSE,0.5328075821190708
G+T,13,03049800,KGE,0.013311179984674126
G+T,13,03049800,logNSE,
G+T,13,03050000,NSE,0.7354870000711063
G+T,13,03050000,KGE,0.36272367134037564
G+T,13,03050000,logNSE,0.591885108927722
G+T,13,03066000,NSE,0.7047359880855346
G+T,13,03066000,KGE,0.5599568212550685
G+T,13,03066000,logNSE,0.6838976545433699
G+T,13,03069500,NSE,0.7709590173978857
G+T,13,03069500,KGE,0.6948718756555621
G+T,13,03069500,logNSE,0.7471294631326786
G+T,13,03070500,NSE,0.7551113996556383
G+T,13,03070500,KGE,0.7499781885425667
G+T,13,03070500,logNSE,0.7181315298040959
G+T,13,03076600,NSE,0.6753134593947624
G+T,13,03076600,KGE,0.15047858777377265
G+T,13,03076600,logNSE,0.6997341338172558
G+T,13,03078000,NSE,0.7208662310019787
G+T,13,03078000,KGE,0.3676969113121279
G+T,13,03078000,logNSE,0.6807580604665621
G+T,13,03140000,NSE,0.683750651056243
G+T,13,03140000,KGE,0.6585352105980513
G+T,13,03140000,logNSE,
G+T,13,03144000,NSE,0.6830749181516438
G+T,13,03144000,KGE,0.5651262665144474
G+T,13,03144000,logNSE,
G+T,13,03159540,NSE,0.7362937377757677
G+T,13,03159540,KGE,0.7215641225714938
G+T,13,03159540,logNSE,
G+T,13,03161000,NSE,0.6044586399887328
G+T,13,03161000,KGE,-17.810594862366553
G+T,13,03161000,logNSE,
G+T,13,03164000,NSE,0.5109184776923349
G+T,13,03164000,KGE,0.346108254397576
G+T,13,03164000,logNSE,
G+T,13,03165000,NSE,0.6472735706753137
G+T,13,03165000,KGE,0.4388672713170061
G+T,13,03165000,logNSE,
G+T,13,03170000,NSE,0.7087466877353388
G+T,13,03170000,KGE,0.6805609822574151
G+T,13,03170000,logNSE,
G+T,13,03173000,NSE,0.5501796371363277
G+T,13,03173000,KGE,0.6989204938240292
G+T,13,03173000,logNSE,
G+T,13,03180500,NSE,0.7588726892213908
G+T,13,03180500,KGE,0.39111936643003586
G+T,13,03180500,logNSE,0.6811041615594128
G+T,13,03182500,NSE,0.7207991282300492
G+T,13,03182500,KGE,0.541292175702881
G+T,13,03182500,logNSE,
G+T,13,03186500,NSE,0.6998744898738146
G+T,13,03186500,KGE,0.5979887642380814
G+T,13,03186500,logNSE,0.6681279694085227
G+T,13,03187500,NSE,0.7246123684192385
G+T,13,03187500,KGE,0.5167763214097072
G+T,13,03187500,logNSE,0.6855282988251031
G+T,13,03213700,NSE,0.5614166517803545
G+T,13,03213700,KGE,0.5712485882617493
G+T,13,03213700,logNSE,
G+T,13,03237280,NSE,0.5181259631157493
G+T,13,03237280,KGE,0.2852300449548736
G+T,13,03237280,logNSE,
G+T,13,03237500,NSE,0.5915534323303457
G+T,13,03237500,KGE,0.528997184408039
G+T,13,03237500,logNSE,
G+T,13,03238500,NSE,0.6196231890592017
G+T,13,03238500,KGE,0.39222859690558964
G+T,13,03238500,logNSE,
G+T,13,03241500,NSE,0.7694912978042887
G+T,13,03241500,KGE,0.6525357853327385
G+T,13,03241500,logNSE,
G+T,13,03439000,NSE,0.6722221155137036
G+T,13,03439000,KGE,0.6106943291652331
G+T,13,03439000,logNSE,0.4200747907849751
G+T,13,03450000,NSE,0.5381201906236406
G+T,13,03450000,KGE,-1.3147046515026037
G+T,13,03450000,logNSE,
G+T,13,03455500,NSE,0.5419855918334855
G+T,13,03455500,KGE,0.5184881927796128
G+T,13,03455500,logNSE,0.5424688204031849
G+T,13,03456500,NSE,0.5835717042980252
G+T,13,03456500,KGE,0.3804540269847213
G+T,13,03456500,logNSE,0.44718922851658627
G+T,13,03460000,NSE,0.668380372461821
G+T,13,03460000,KGE,0.0097207414803685
G+T,13,03460000,logNSE,0.4452616166948409
G+T,13,03463300,NSE,0.6599121291255968
G+T,13,03463300,KGE,0.6068376949612218
G+T,13,03463300,logNSE,0.5839403920455397
G+T,13,03471500,NSE,0.5450009053199932
G+T,13,03471500,KGE,0.6360343932276347
G+T,13,03471500,logNSE,
G+T,13,03473000,NSE,0.6299431806493624
G+T,13,03473000,KGE,0.6603020658583958
G+T,13,03473000,logNSE,
G+T,13,03479000,NSE,0.5561021086017597
G+T,13,03479000,KGE,0.017334019890543284
G+T,13,03479000,logNSE,
G+T,13,03488000,NSE,0.5926380826524511
G+T,13,03488000,KGE,0.6919652288388662
G+T,13,03488000,logNSE,
G+T,13,03498500,NSE,0.6923999058317603
G+T,13,03498500,KGE,0.7751218314471365
G+T,13,03498500,logNSE,
G+T,13,03500000,NSE,0.5736117605477079
G+T,13,03500000,KGE,0.4715550222777912
G+T,13,03500000,logNSE,0.5010038233932514
G+T,13,03500240,NSE,0.5157762371205281
G+T,13,03500240,KGE,-0.37088044417275445
G+T,13,03500240,logNSE,0.46354050070604325
G+T,13,03504000,NSE,0.6595625670224107
G+T,13,03504000,KGE,0.7559379617703736
G+T,13,03504000,logNSE,0.5554036066989001
G+T,13,04105700,NSE,0.04999567847355357
G+T,13,04105700,KGE,0.4770682089468816
G+T,13,04105700,logNSE,
G+T,13,04115265,NSE,0.5630540818457682
G+T,13,04115265,KGE,0.6863445606367687
G+T,13,04115265,logNSE,
G+T,13,04122200,NSE,0.6610264684056188
G+T,13,04122200,KGE,0.7560649925378735
G+T,13,04122200,logNSE,
G+T,13,04185000,NSE,0.6469576715464047
G+T,13,04185000,KGE,0.7179918527151539
G+T,13,04185000,logNSE,
G+T,13,04196800,NSE,0.6651896370486432
G+T,13,04196800,KGE,0.4826055975022804
G+T,13,04196800,logNSE,
G+T,13,04197100,NSE,0.7106711439422542
G+T,13,04197100,KGE,0.2390942402972004
G+T,13,04197100,logNSE,
G+T,13,04197170,NSE,0.6256569012103746
G+T,13,04197170,KGE,0.5609959502999229
G+T,13,04197170,logNSE,
G+T,13,04213000,NSE,0.6183353951538559
G+T,13,04213000,KGE,0.507217877926176
G+T,13,04213000,logNSE,0.5144368286868419
G+T,13,04213075,NSE,0.1441990028100617
G+T,13,04213075,KGE,-3.4642081034235
G+T,13,04213075,logNSE,0.2259931819552844
G+T,13,04216418,NSE,0.5460023479537239
G+T,13,04216418,KGE,-22.060339144496886
G+T,13,04216418,logNSE,
G+T,13,04221000,NSE,0.7054588585918273
G+T,13,04221000,KGE,0.6601339645495803
G+T,13,04221000,logNSE,
G+T,13,04224775,NSE,0.6196432985676685
G+T,13,04224775,KGE,0.6103971092689486
G+T,13,04224775,logNSE,
G+T,13,04233000,NSE,0.6174424207423332
G+T,13,04233000,KGE,-0.008220677545378807
G+T,13,04233000,logNSE,
G+T,13,04256000,NSE,0.7234685075015924
G+T,13,04256000,KGE,0.44610027427497
G+T,13,04256000,logNSE,0.6299974772660062
G+T,13,04296000,NSE,0.6046281421993829
G+T,13,04296000,KGE,0.19365659931210377
G+T,13,04296000,logNSE,0.6242689748502974
G+T,17,01030500,NSE,0.624706469485937
G+T,17,01030500,KGE,0.6789700863937216
G+T,17,01030500,logNSE,0.7401113978596092
G+T,17,01031500,NSE,0.7086090988725936
G+T,17,01031500,KGE,0.6566151012225614
G+T,17,01031500,logNSE,0.6518894057134942
G+T,17,01047000,NSE,0.749039556798166
G+T,17,01047000,KGE,0.7595958794002594
G+T,17,01047000,logNSE,0.7360970899268011
G+T,17,01052500,NSE,0.6950967734820148
G+T,17,01052500,KGE,0.7182521625420486
G+T,17,01052500,logNSE,0.6684976854729394
G+T,17,01054200,NSE,0.5793382489035328
G+T,17,01054200,KGE,0.5712629138635633
G+T,17,01054200,logNSE,0.6018963445298362
G+T,17,01055000,NSE,0.6690187373784705
G+T,17,01055000,KGE,0.6564746889478228
G+T,17,01055000,logNSE,0.6772999160168633
G+T,17,01057000,NSE,0.7201742796397842
G+T,17,01057000,KGE,0.8128224546187719
G+T,17,01057000,logNSE,0.6061182275864136
G+T,17,01078000,NSE,0.7455522769248601
G+T,17,01078000,KGE,0.6021736993919924
G+T,17,01078000,logNSE,0.6682560065062847
G+T,17,01134500,NSE,0.6950561414664924
G+T,17,01134500,KGE,0.672050274477018
G+T,17,01134500,logNSE,0.6646793487291642
G+T,17,01137500,NSE,0.7026638732262297
G+T,17,01137500,KGE,0.5951072723097499
G+T,17,01137500,logNSE,0.6531049933599782
G+T,17,01139000,NSE,0.6652792963518999
G+T,17,01139000,KGE,0.6594384307445729
G+T,17,01139000,logNSE,0.5634804570347536
G+T,17,01139800,NSE,0.6177524811061608
G+T,17,01139800,KGE,0.48581127598698803
G+T,17,01139800,logNSE,0.4159542769732558
G+T,17,01142500,NSE,0.7071535388478751
G+T,17,01142500,KGE,0.5471181694862063
G+T,17,01142500,logNSE,0.5720671117848561
G+T,17,01144000,NSE,0.6894208665172126
G+T,17,01144000,KGE,0.5119462156441126
G+T,17,01144000,logNSE,0.5576811788528753
G+T,17,01169000,NSE,0.5735843125018485
G+T,17,01169000,KGE,0.30065005092578523
G+T,17,01169000,logNSE,0.5731131103112697
G+T,17,01181000,NSE,0.545846268070437
G+T,17,01181000,KGE,0.35545364242199573
G+T,17,01181000,logNSE,0.6346904272475813
G+T,17,01187300,NSE,0.6276737711316378
G+T,17,01187300,KGE,0.5803879357869309
G+T,17,01187300,logNSE,0.5096657636335178
G+T,17,01333000,NSE,0.5800948940065163
G+T,17,01333000,KGE,0.41520641853529194
G+T,17,01333000,logNSE,0.6440425734122154
G+T,17,01350000,NSE,0.6562918083137612
G+T,17,01350000,KGE,0.67920544757069
G+T,17,01350000,logNSE,0.6653940921505457
G+T,17,01350080,NSE,0.4327735801170268
G+T,17,01350080,KGE,-3.9475812241571706
G+T,17,01350080,logNSE,0.4219546685874449
G+T,17,01350140,NSE,0.37673877374625475
G+T,17,01350140,KGE,0.43868021887615216
G+T,17,01350140,logNSE,0.40704262079588194
G+T,17,01365000,NSE,0.6808245695709658
G+T,17,01365000,KGE,0.5345900322722541
G+T,17,01365000,logNSE,0.6555795142596246
G+T,17,01411300,NSE,-0.41903246797127625
G+T,17,01411300,KGE,0.050277882738460344
G+T,17,01411300,logNSE,
G+T,17,01413500,NSE,0.5872284599420345
G+T,17,01413500,KGE,0.461034085731134
G+T,17,01413500,logNSE,0.5897715499033646
G+T,17,01414500,NSE,0.6057117732783646
G+T,17,01414500,KGE,0.6664827703659884
G+T,17,01414500,logNSE,0.5446621343453403
G+T,17,01415000,NSE,0.6195929313825325
G+T,17,01415000,KGE,0.6287505062213521
G+T,17,01415000,logNSE,0.5631707701191451
G+T,17,01423000,NSE,0.6363520854696463
G+T,17,01423000,KGE,0.6916360376496633
G+T,17,01423000,logNSE,0.6552383353518345
G+T,17,01434025,NSE,0.464874002563895
G+T,17,01434025,KGE,0.459112596520477
G+T,17,01434025,logNSE,0.6516365491525966
G+T,17,01435000,NSE,0.5986882337357151
G+T,17,01435000,KGE,0.5261141826385112
G+T,17,01435000,logNSE,0.7057178504207458
G+T,17,01439500,NSE,0.754454088890695
G+T,17,01439500,KGE,0.7534455381488663
G+T,17,01439500,logNSE,0.5935794226192762
G+T,17,01440000,NSE,0.7292518901105454
G+T,17,01440000,KGE,0.7576412032679734
G+T,17,01440000,logNSE,0.6951651467670001
G+T,17,01440400,NSE,0.5705427031532901
G+T,17,01440400,KGE,0.4334414968122672
G+T,17,01440400,logNSE,0.6192261121726237
G+T,17,01451800,NSE,0.739762070214058
G+T,17,01451800,KGE,0.32332161028758344
G+T,17,01451800,logNSE,0.5801854748513764
G+T,17,01466500,NSE,-0.2903219571700715
G+T,17,01466500,KGE,0.45174682721142667
G+T,17,01466500,logNSE,
G+T,17,01484100,NSE,0.2226888766672105
G+T,17,01484100,KGE,0.4261405846770513
G+T,17,01484100,logNSE,
G+T,17,01485500,NSE,0.6648276099121455
G+T,17,01485500,KGE,0.6335778835456751
G+T,17,01485500,logNSE,
G+T,17,01487000,NSE,0.5443400601705636
G+T,17,01487000,KGE,0.6208650673594595
G+T,17,01487000,logNSE,
G+T,17,01491000,NSE,0.7240570117232172
G+T,17,01491000,KGE,0.6319715792126785
G+T,17,01491000,logNSE,
G+T,17,01510000,NSE,0.6561834980101344
G+T,17,01510000,KGE,0.4884078498764298
G+T,17,01510000,logNSE,0.5735273627548398
G+T,17,01516500,NSE,0.5857417306903522
G+T,17,01516500,KGE,0.5049802269552082
G+T,17,01516500,logNSE,
G+T,17,01518862,NSE,0.5728860084231866
G+T,17,01518862,KGE,0.4725235010903307
G+T,17,01518862,logNSE,
G+T,17,01532000,NSE,0.6996083150403134
G+T,17,01532000,KGE,0.27054425931646187
G+T,17,01532000,logNSE,
G+T,17,01539000,NSE,0.5692814874671834
G+T,17,01539000,KGE,0.5053059256991157
G+T,17,01539000,logNSE,0.6762704470564052
G+T,17,01542810,NSE,0.6206687945790124
G+T,17,01542810,KGE,-29.575044124485384
G+T,17,01542810,logNSE,
G+T,17,01543000,NSE,0.7216244123559705
G+T,17,01543000,KGE,0.6504612279536977
G+T,17,01543000,logNSE,0.6634931193555067
G+T,17,01543500,NSE,0.7180378546765289
G+T,17,01543500,KGE,-4.504738392530644
G+T,17,01543500,logNSE,0.6001579130406739
G+T,17,01544500,NSE,0.6084542870714709
G+T,17,01544500,KGE,-0.5089148630223097
G+T,17,01544500,logNSE,
G+T,17,01545600,NSE,0.5133714133522238
G+T,17,01545600,KGE,0.0717016461970208
G+T,17,01545600,logNSE,
G+T,17,01547700,NSE,0.5832293382349198
G+T,17,01547700,KGE,0.4352320474672635
G+T,17,01547700,logNSE,
G+T,17,01548500,NSE,0.6941251964870319
G+T,17,01548500,KGE,-0.03649075104722388
G+T,17,01548500,logNSE,
G+T,17,01549500,NSE,0.6201203736564752
G+T,17,01549500,KGE,-1.2973801940598597
G+T,17,01549500,logNSE,
G+T,17,01550000,NSE,0.6632047130879188
G+T,17,01550000,KGE,-8.50778816353029
G+T,17,01550000,logNSE,
G+T,17,01552000,NSE,0.6866728395790008
G+T,17,01552000,KGE,-3.040011169324959
G+T,17,01552000,logNSE,0.5968144378101794
G+T,17,01552500,NSE,0.6446266781331398
G+T,17,01552500,KGE,0.5863725292175858
G+T,17,01552500,logNSE,0.584388196564158
G+T,17,01557500,NSE,0.672917863633957
G+T,17,01557500,KGE,-0.06618259778576241
G+T,17,01557500,logNSE,
G+T,17,01567500,NSE,0.7191677292001011
G+T,17,01567500,KGE,0.5038848684396404
G+T,17,01567500,logNSE,
G+T,17,01568000,NSE,0.7684481044257137
G+T,17,01568000,KGE,0.36407282907436544
G+T,17,01568000,logNSE,
G+T,17,01580000,NSE,0.541730614208563
G+T,17,01580000,KGE,0.06017356563938636
G+T,17,01580000,logNSE,
G+T,17,01583500,NSE,0.3511318763231809
G+T,17,01583500,KGE,0.27574365273261725
G+T,17,01583500,logNSE,
G+T,17,01586610,NSE,0.4040279757171561
G+T,17,01586610,KGE,0.32204342519102014
G+T,17,01586610,logNSE,
G+T,17,01591400,NSE,0.49478717619347734
G+T,17,01591400,KGE,0.43830750300975196
G+T,17,01591400,logNSE,
G+T,17,01594950,NSE,0.681859675188303
G+T,17,01594950,KGE,0.632084718560634
G+T,17,01594950,logNSE,0.5489104050627776
G+T,17,01596500,NSE,0.7387607583950859
G+T,17,01596500,KGE,0.665043639802594
G+T,17,01596500,logNSE,
G+T,17,01605500,NSE,0.5574785475683666
G+T,17,01605500,KGE,0.4913116136434086
G+T,17,01605500,logNSE,
G+T,17,01606500,NSE,0.5831477052656795
G+T,17,01606500,KGE,0.635255604197341
G+T,17,01606500,logNSE,
G+T,17,01613050,NSE,0.6543917095892773
G+T,17,01613050,KGE,0.47637395313015096
G+T,17,01613050,logNSE,
G+T,17,01620500,NSE,0.5602603040320873
G+T,17,01620500,KGE,0.17029159025159946
G+T,17,01620500,logNSE,
G+T,17,01632000,NSE,0.3876625227224658
G+T,17,01632000,KGE,0.3979757191194787
G+T,17,01632000,logNSE,
G+T,17,01632900,NSE,0.4053027215659456
G+T,17,01632900,KGE,0.5294980296822068
G+T,17,01632900,logNSE,
G+T,17,01634500,NSE,0.4167786866160582
G+T,17,01634500,KGE,0.5768005410263015
G+T,17,01634500,logNSE,
G+T,17,01638480,NSE,0.2995308668713841
G+T,17,01638480,KGE,0.25646552982360205
G+T,17,01638480,logNSE,
G+T,17,01639500,NSE,0.44980288879595964
G+T,17,01639500,KGE,0.28258534687451164
G+T,17,01639500,logNSE,
G+T,17,01644000,NSE,0.5570089485319263
G+T,17,01644000,KGE,0.5248450724885475
G+T,17,01644000,logNSE,
G+T,17,01658500,NSE,0.3745635868513474
G+T,17,01658500,KGE,0.34070239164958604
G+T,17,01658500,logNSE,
G+T,17,01664000,NSE,0.6474981031247476
G+T,17,01664000,KGE,0.6468655722324828
G+T,17,01664000,logNSE,
G+T,17,01666500,NSE,0.39061794948892115
G+T,17,01666500,KGE,0.573687608522407
G+T,17,01666500,logNSE,
G+T,17,01667500,NSE,0.5523453631844303
G+T,17,01667500,KGE,0.6085165309562424
G+T,17,01667500,logNSE,
G+T,17,01669000,NSE,0.5433513847024869
G+T,17,01669000,KGE,0.5379149598888116
G+T,17,01669000,logNSE,
G+T,17,01669520,NSE,0.5401175413471433
G+T,17,01669520,KGE,0.5399727509194128
G+T,17,01669520,logNSE,
G+T,17,02011400,NSE,0.7077319550552355
G+T,17,02011400,KGE,0.6991424430266192
G+T,17,02011400,logNSE,
G+T,17,02011460,NSE,0.633963309076353
G+T,17,02011460,KGE,0.5880064280362485
G+T,17,02011460,logNSE,
G+T,17,02013000,NSE,0.6429941140117424
G+T,17,02013000,KGE,0.6802837793056585
G+T,17,02013000,logNSE,
G+T,17,02014000,NSE,0.6100399018458174
G+T,17,02014000,KGE,0.554861343818636
G+T,17,02014000,logNSE,
G+T,17,02015700,NSE,0.6623541029574005
G+T,17,02015700,KGE,0.6637253152232483
G+T,17,02015700,logNSE,
G+T,17,02016000,NSE,0.748515671485516
G+T,17,02016000,KGE,0.6682981980265892
G+T,17,02016000,logNSE,
G+T,17,02017500,NSE,0.6658656162593177
G+T,17,02017500,KGE,0.6481351968589153
G+T,17,02017500,logNSE,
G+T,17,02018000,NSE,0.7097427691750029
G+T,17,02018000,KGE,0.7410023334439
G+T,17,02018000,logNSE,
G+T,17,02027000,NSE,0.4932490539081297
G+T,17,02027000,KGE,0.40263803309375423
G+T,17,02027000,logNSE,
G+T,17,02027500,NSE,0.5007028613249636
G+T,17,02027500,KGE,-0.24242399837140738
G+T,17,02027500,logNSE,
G+T,17,02028500,NSE,0.522110651585102
G+T,17,02028500,KGE,0.5395774747175024
G+T,17,02028500,logNSE,
G+T,17,02038850,NSE,0.45739821521493507
G+T,17,02038850,KGE,0.4465311127936854
G+T,17,02038850,logNSE,
G+T,17,02046000,NSE,0.6342714258680813
G+T,17,02046000,KGE,0.6730778098998998
G+T,17,02046000,logNSE,
G+T,17,02051000,NSE,0.4937715505342203
G+T,17,02051000,KGE,0.48553358895017373
G+T,17,02051000,logNSE,
G+T,17,02051500,NSE,0.5982767558398628
G+T,17,02051500,KGE,0.6558007674937449
G+T,17,02051500,logNSE,
G+T,17,02053200,NSE,0.4508436498028535
G+T,17,02053200,KGE,0.5516609069792338
G+T,17,02053200,logNSE,
G+T,17,02053800,NSE,0.5996137583845221
G+T,17,02053800,KGE,0.6449321967334181
G+T,17,02053800,logNSE,
G+T,17,02055100,NSE,0.5704789292870931
G+T,17,02055100,KGE,0.5331997516023459
G+T,17,02055100,logNSE,
G+T,17,02056900,NSE,0.5930405192342466
G+T,17,02056900,KGE,0.5395306485904894
G+T,17,02056900,logNSE,
G+T,17,02059500,NSE,0.2859412915395537
G+T,17,02059500,KGE,0.6147793677989346
G+T,17,02059500,logNSE,
G+T,17,02064000,NSE,0.6086939464158798
G+T,17,02064000,KGE,0.6142861543580267
G+T,17,02064000,logNSE,
G+T,17,02065500,NSE,0.18953719171910577
G+T,17,02065500,KGE,0.4782291430303578
G+T,17,02065500,logNSE,
G+T,17,02069700,NSE,0.26652121433621234
G+T,17,02069700,KGE,0.2903973430230087
G+T,17,02069700,logNSE,
G+T,17,02070000,NSE,0.37614874488873196
G+T,17,02070000,KGE,0.45726537102046205
G+T,17,02070000,logNSE,
G+T,17,02074500,NSE,0.3607617788188836
G+T,17,02074500,KGE,0.45849770223676767
G+T,17,02074500,logNSE,
G+T,17,02077200,NSE,0.4855251151115584
G+T,17,02077200,KGE,0.5406951975369745
G+T,17,02077200,logNSE,
G+T,17,02081500,NSE,0.5028353802393305
G+T,17,02081500,KGE,0.6492590760163158
G+T,17,02081500,logNSE,
G+T,17,02082950,NSE,0.3538880699147633
G+T,17,02082950,KGE,0.6565760190859975
G+T,17,02082950,logNSE,
G+T,17,02096846,NSE,0.3278941387177531
G+T,17,02096846,KGE,0.5009392501736007
G+T,17,02096846,logNSE,
G+T,17,02111180,NSE,0.4032198416070727
G+T,17,02111180,KGE,-0.31864490632463904
G+T,17,02111180,logNSE,
G+T,17,02111500,NSE,0.27338420006836317
G+T,17,02111500,KGE,0.1933398130621805
G+T,17,02111500,logNSE,
G+T,17,02112120,NSE,0.0027781169245356674
G+T,17,02112120,KGE,0.17126484174949796
G+T,17,02112120,logNSE,
G+T,17,02112360,NSE,0.35653702603078585
G+T,17,02112360,KGE,0.07083682065271946
G+T,17,02112360,logNSE,
G+T,17,02118500,NSE,0.37635399875003084
G+T,17,02118500,KGE,0.4247362848120245
G+T,17,02118500,logNSE,
G+T,17,02125000,NSE,0.43913243633712773
G+T,17,02125000,KGE,0.36289516271569777
G+T,17,02125000,logNSE,
G+T,17,02128000,NSE,0.33568962426554916
G+T,17,02128000,KGE,0.3949972717983149
G+T,17,02128000,logNSE,
G+T,17,02137727,NSE,0.5380983739011893
G+T,17,02137727,KGE,-0.7482399972686353
G+T,17,02137727,logNSE,
G+T,17,02140991,NSE,0.4693938765588308
G+T,17,02140991,KGE,-0.01719537925861858
G+T,17,02140991,logNSE,
G+T,17,02143000,NSE,0.536433915262835
G+T,17,02143000,KGE,0.25745040346306336
G+T,17,02143000,logNSE,
G+T,17,02143040,NSE,0.5552424231850897
G+T,17,02143040,KGE,-0.33287998052604917
G+T,17,02143040,logNSE,
G+T,17,02149000,NSE,0.34056741394013446
G+T,17,02149000,KGE,0.09624459576850863
G+T,17,02149000,logNSE,
G+T,17,02152100,NSE,0.4317752465845147
G+T,17,02152100,KGE,0.26860950905333003
G+T,17,02152100,logNSE,
G+T,17,02177000,NSE,0.4663230108571893
G+T,17,02177000,KGE,0.28895811357184775
G+T,17,02177000,logNSE,0.27934507484185767
G+T,17,02178400,NSE,0.6178028148549461
G+T,17,02178400,KGE,0.4795510760771726
G+T,17,02178400,logNSE,0.40465865841005433
G+T,17,03010655,NSE,0.7179888511150418
G+T,17,03010655,KGE,0.4447725743533584
G+T,17,03010655,logNSE,
G+T,17,03011800,NSE,0.6534973518159858
G+T,17,03011800,KGE,0.21390690534476597
G+T,17,03011800,logNSE,0.6258147021718463
G+T,17,03015500,NSE,0.7053124992409093
G+T,17,03015500,KGE,0.7617729717074881
G+T,17,03015500,logNSE,0.7129878161489953
G+T,17,03021350,NSE,0.5861164091336615
G+T,17,03021350,KGE,0.5812665532438819
G+T,17,03021350,logNSE,0.5561151768615871
G+T,17,03026500,NSE,0.6849063441730199
G+T,17,03026500,KGE,0.5362452641959125
G+T,17,03026500,logNSE,0.6298107666899128
G+T,17,03028000,NSE,0.682788956585167
G+T,17,03028000,KGE,0.7715349655177008
G+T,17,03028000,logNSE,0.6738783701732325
G+T,17,03049000,NSE,0.718091124220416
G+T,17,03049000,KGE,0.314556074377927
G+T,17,03049000,logNSE,
G+T,17,03049800,NSE,0.5501491924919472
G+T,17,03049800,KGE,0.470289545643061
G+T,17,03049800,logNSE,
G+T,17,03050000,NSE,0.7619431313398182
G+T,17,03050000,KGE,0.611033852846997
G+T,17,03050000,logNSE,0.5692812655615758
G+T,17,03066000,NSE,0.7171516478440221
G+T,17,03066000,KGE,0.7343646280377354
G+T,17,03066000,logNSE,0.6694680106158459
G+T,17,03069500,NSE,0.7840616957106832
G+T,17,03069500,KGE,0.7776978473663786
G+T,17,03069500,logNSE,0.7147161705262217
G+T,17,03070500,NSE,0.7714541634074296
G+T,17,03070500,KGE,0.33967008716196245
G+T,17,03070500,logNSE,0.6550876407944435
G+T,17,03076600,NSE,0.7180199209985365
G+T,17,03076600,KGE,0.6438253168801273
G+T,17,03076600,logNSE,0.627049399572323
G+T,17,03078000,NSE,0.7443473542769634
G+T,17,03078000,KGE,0.45710346244811284
G+T,17,03078000,logNSE,0.5981809703750098
G+T,17,03140000,NSE,0.7138566343121366
G+T,17,03140000,KGE,0.6728030866380472
G+T,17,03140000,logNSE,
G+T,17,03144000,NSE,0.6886260248563805
G+T,17,03144000,KGE,0.48973463084560453
G+T,17,03144000,logNSE,
G+T,17,03159540,NSE,0.7269179594279052
G+T,17,03159540,KGE,0.5541769379551706
G+T,17,03159540,logNSE,
G+T,17,03161000,NSE,0.5964283789442223
G+T,17,03161000,KGE,-23.09922376753025
G+T,17,03161000,logNSE,
G+T,17,03164000,NSE,0.46965847477224276
G+T,17,03164000,KGE,0.18853136193751174
G+T,17,03164000,logNSE,
G+T,17,03165000,NSE,0.6734123331517146
G+T,17,03165000,KGE,-0.6556673909234034
G+T,17,03165000,logNSE,
G+T,17,03170000,NSE,0.6915045455828457
G+T,17,03170000,KGE,0.6289590836257216
G+T,17,03170000,logNSE,
G+T,17,03173000,NSE,0.5211005904930335
G+T,17,03173000,KGE,0.6943121452072938
G+T,17,03173000,logNSE,
G+T,17,03180500,NSE,0.7704499807605751
G+T,17,03180500,KGE,0.7833806443343392
G+T,17,03180500,logNSE,0.6759312099056971
G+T,17,03182500,NSE,0.7331291577313814
G+T,17,03182500,KGE,0.1300233613429259
G+T,17,03182500,logNSE,
G+T,17,03186500,NSE,0.7147260613505149
G+T,17,03186500,KGE,0.7043048744049751
G+T,17,03186500,logNSE,0.6166572442961826
G+T,17,03187500,NSE,0.7376279480923447
G+T,17,03187500,KGE,0.6708129070739544
G+T,17,03187500,logNSE,0.6686350035810925
G+T,17,03213700,NSE,0.6086184075675045
G+T,17,03213700,KGE,0.6183811757580928
G+T,17,03213700,logNSE,
G+T,17,03237280,NSE,0.5527696337614743
G+T,17,03237280,KGE,0.4842182756047535
G+T,17,03237280,logNSE,
G+T,17,03237500,NSE,0.5750374604390909
G+T,17,03237500,KGE,0.1664602723324583
G+T,17,03237500,logNSE,
G+T,17,03238500,NSE,0.613873667913833
G+T,17,03238500,KGE,-0.1499108535401208
G+T,17,03238500,logNSE,
G+T,17,03241500,NSE,0.7862967760247448
G+T,17,03241500,KGE,0.7801035674926269
G+T,17,03241500,logNSE,
G+T,17,03439000,NSE,0.6550768814267209
G+T,17,03439000,KGE,0.3995067074542946
G+T,17,03439000,logNSE,0.2794093419611805
G+T,17,03450000,NSE,0.5436222074050774
G+T,17,03450000,KGE,-4.2460947589966915
G+T,17,03450000,logNSE,
G+T,17,03455500,NSE,0.5368128886630054
G+T,17,03455500,KGE,0.4595736482266368
G+T,17,03455500,logNSE,0.5401200376667263
G+T,17,03456500,NSE,0.5516898116199611
G+T,17,03456500,KGE,0.02586793737737547
G+T,17,03456500,logNSE,0.3801503197796813
G+T,17,03460000,NSE,0.6600936969166176
G+T,17,03460000,KGE,-4.809403652356599
G+T,17,03460000,logNSE,0.4871103747987149
G+T,17,03463300,NSE,0.6599311259212968
G+T,17,03463300,KGE,0.5906172376388283
G+T,17,03463300,logNSE,0.6423749142410431
G+T,17,03471500,NSE,0.5186781415760267
G+T,17,03471500,KGE,0.615249374799475
G+T,17,03471500,logNSE,
G+T,17,03473000,NSE,0.5934788862627121
G+T,17,03473000,KGE,0.595936314619943
G+T,17,03473000,logNSE,
G+T,17,03479000,NSE,0.5452457343702517
G+T,17,03479000,KGE,-0.4107643123662521
G+T,17,03479000,logNSE,
G+T,17,03488000,NSE,0.5333631657662702
G+T,17,03488000,KGE,0.611368975782453
G+T,17,03488000,logNSE,
G+T,17,03498500,NSE,0.6800637797310896
G+T,17,03498500,KGE,0.5542415711254125
G+T,17,03498500,logNSE,
G+T,17,03500000,NSE,0.5825388523689423
G+T,17,03500000,KGE,0.18834996097174272
G+T,17,03500000,logNSE,0.39537828406443054
G+T,17,03500240,NSE,0.5100848716678534
G+T,17,03500240,KGE,-1.1616149094796646
G+T,17,03500240,logNSE,0.30114613176048566
G+T,17,03504000,NSE,0.6708326830671392
G+T,17,03504000,KGE,0.6900143441356263
G+T,17,03504000,logNSE,0.4572526632618723
G+T,17,04105700,NSE,-0.4242711720169092
G+T,17,04105700,KGE,0.25390955905059076
G+T,17,04105700,logNSE,
G+T,17,04115265,NSE,0.5166365319864976
G+T,17,04115265,KGE,0.7292701755969468
G+T,17,04115265,logNSE,
G+T,17,04122200,NSE,0.5967034070025165
G+T,17,04122200,KGE,0.6913424548688194
G+T,17,04122200,logNSE,
G+T,17,04185000,NSE,0.6242862780497243
G+T,17,04185000,KGE,0.6510654594991555
G+T,17,04185000,logNSE,
G+T,17,04196800,NSE,0.6600428071578167
G+T,17,04196800,KGE,0.7130660346437039
G+T,17,04196800,logNSE,
G+T,17,04197100,NSE,0.7224670850449515
G+T,17,04197100,KGE,0.6951267766299756
G+T,17,04197100,logNSE,
G+T,17,04197170,NSE,0.6498834971959618
G+T,17,04197170,KGE,0.3977072668040177
G+T,17,04197170,logNSE,
G+T,17,04213000,NSE,0.6336328282564585
G+T,17,04213000,KGE,0.519521857366998
G+T,17,04213000,logNSE,0.4495822829968611
G+T,17,04213075,NSE,0.1595814830792497
G+T,17,04213075,KGE,-2.4195892397477343
G+T,17,04213075,logNSE,0.12811927052596617
G+T,17,04216418,NSE,0.5766138986300438
G+T,17,04216418,KGE,-6.1153737527847944
G+T,17,04216418,logNSE,
G+T,17,04221000,NSE,0.7199655173882066
G+T,17,04221000,KGE,0.654333427787271
G+T,17,04221000,logNSE,
G+T,17,04224775,NSE,0.6032093813277466
G+T,17,04224775,KGE,0.6252174534211115
G+T,17,04224775,logNSE,
G+T,17,04233000,NSE,0.6509418200868999
G+T,17,04233000,KGE,0.6647124757243744
G+T,17,04233000,logNSE,
G+T,17,04256000,NSE,0.7741306597236095
G+T,17,04256000,KGE,0.7872393279266481
G+T,17,04256000,logNSE,0.6458696158903653
G+T,17,04296000,NSE,0.6973726590669027
G+T,17,04296000,KGE,0.6194810787237444
G+T,17,04296000,logNSE,0.6406030789541279
G+M,11,01030500,NSE,0.7284844410550806
G+M,11,01030500,KGE,0.713624488551974
G+M,11,01030500,logNSE,0.6996767138524804
G+M,11,01031500,NSE,0.7155289096880935
G+M,11,01031500,KGE,0.4950667124185103
G+M,11,01031500,logNSE,0.7126938403867253
G+M,11,01047000,NSE,0.7462654714492764
G+M,11,01047000,KGE,0.575295790465559
G+M,11,01047000,logNSE,0.7256405012287737
G+M,11,01052500,NSE,0.7058761898401502
G+M,11,01052500,KGE,0.6157748179705363
G+M,11,01052500,logNSE,0.674229546335976
G+M,11,01054200,NSE,0.5547646741065024
G+M,11,01054200,KGE,0.511068136785062
G+M,11,01054200,logNSE,0.5907884575201496
G+M,11,01055000,NSE,0.6039281674821908
G+M,11,01055000,KGE,0.42869305154260584
G+M,11,01055000,logNSE,0.6742334331858111
G+M,11,01057000,NSE,0.7608214904976871
G+M,11,01057000,KGE,0.6275222729545498
G+M,11,01057000,logNSE,0.5601640234897293
G+M,11,01078000,NSE,0.7262803647134878
G+M,11,01078000,KGE,0.3768238216885753
G+M,11,01078000,logNSE,0.5830112048078473
G+M,11,01134500,NSE,0.6500841483181683
G+M,11,01134500,KGE,0.5284710597270437
G+M,11,01134500,logNSE,0.6446632247671509
G+M,11,01137500,NSE,0.6489715913340517
G+M,11,01137500,KGE,0.4964117527605215
G+M,11,01137500,logNSE,0.5828591369181648
G+M,11,01139000,NSE,0.7219874982365375
G+M,11,01139000,KGE,0.7293985209214542
G+M,11,01139000,logNSE,0.6038758638108741
G+M,11,01139800,NSE,0.45796201061267794
G+M,11,01139800,KGE,0.16686958402928553
G+M,11,01139800,logNSE,0.25046444353196107
G+M,11,01142500,NSE,0.6102626782474054
G+M,11,01142500,KGE,0.24415025567080295
G+M,11,01142500,logNSE,0.5161249504177297
G+M,11,01144000,NSE,0.6544054893499556
G+M,11,01144000,KGE,0.28496706169982045
G+M,11,01144000,logNSE,0.568638269514989
G+M,11,01169000,NSE,0.6003695909236548
G+M,11,01169000,KGE,0.2535842248982153
G+M,11,01169000,logNSE,0.5958984088152872
G+M,11,01181000,NSE,0.5832314074054508
G+M,11,01181000,KGE,0.33787497499870955
G+M,11,01181000,logNSE,0.68574335153548
G+M,11,01187300,NSE,0.6427350851696303
G+M,11,01187300,KGE,0.6372811400335128
G+M,11,01187300,logNSE,0.5721908767899153
G+M,11,01333000,NSE,0.5921607005310914
G+M,11,01333000,KGE,0.2944531033930946
G+M,11,01333000,logNSE,0.6438217674166793
G+M,11,01350000,NSE,0.6976790484109365
G+M,11,01350000,KGE,0.7327386144948571
G+M,11,01350000,logNSE,0.7013062452064442
G+M,11,01350080,NSE,0.47125542977555424
G+M,11,01350080,KGE,-2.0222188053412693
G+M,11,01350080,logNSE,0.5306558681684673
G+M,11,01350140,NSE,0.3438879879882233
G+M,11,01350140,KGE,0.5286481036219159
G+M,11,01350140,logNSE,0.49309084532912373
G+M,11,01365000,NSE,0.7236576277997673
G+M,11,01365000,KGE,0.6058072824162624
G+M,11,01365000,logNSE,0.6033000880343093
G+M,11,01411300,NSE,-0.05957424107122855
G+M,11,01411300,KGE,0.4047609913263158
G+M,11,01411300,logNSE,
G+M,11,01413500,NSE,0.5923819699492232
G+M,11,01413500,KGE,0.6349301618281211
G+M,11,01413500,logNSE,0.6729686781636324
G+M,11,01414500,NSE,0.5829054126727141
G+M,11,01414500,KGE,0.7081165644443399
G+M,11,01414500,logNSE,0.5334205863964433
G+M,11,01415000,NSE,0.701861720081727
G+M,11,01415000,KGE,0.7549189930096879
G+M,11,01415000,logNSE,0.5770448444031931
G+M,11,01423000,NSE,0.6971673471089387
G+M,11,01423000,KGE,0.7479927313733971
G+M,11,01423000,logNSE,0.6575675992729826
G+M,11,01434025,NSE,0.4190253691949489
G+M,11,01434025,KGE,0.4214379560278916
G+M,11,01434025,logNSE,0.5797549342553259
G+M,11,01435000,NSE,0.644328313778491
G+M,11,01435000,KGE,0.5884788920714579
G+M,11,01435000,logNSE,0.6698581749239436
G+M,11,01439500,NSE,0.7840020622890554
G+M,11,01439500,KGE,0.7134551179838475
G+M,11,01439500,logNSE,0.6684154489697022
G+M,11,01440000,NSE,0.7715264737319556
G+M,11,01440000,KGE,0.7695500413010175
G+M,11,01440000,logNSE,0.6956848219431596
G+M,11,01440400,NSE,0.6553611723744044
G+M,11,01440400,KGE,0.4790898332534944
G+M,11,01440400,logNSE,0.6918632740401658
G+M,11,01451800,NSE,0.7662670995794177
G+M,11,01451800,KGE,0.3094955841153084
G+M,11,01451800,logNSE,0.6092281144338727
G+M,11,01466500,NSE,-0.33015396616368187
G+M,11,01466500,KGE,0.4343305586229519
G+M,11,01466500,logNSE,
G+M,11,01484100,NSE,0.3545616039592837
G+M,11,01484100,KGE,0.6591042253744774
G+M,11,01484100,logNSE,
G+M,11,01485500,NSE,0.65928295975952
G+M,11,01485500,KGE,0.5735771553676638
G+M,11,01485500,logNSE,
G+M,11,01487000,NSE,0.5004086977903743
G+M,11,01487000,KGE,0.615706711068502
G+M,11,01487000,logNSE,
G+M,11,01491000,NSE,0.7355461684156721
G+M,11,01491000,KGE,0.6860272906637437
G+M,11,01491000,logNSE,
G+M,11,01510000,NSE,0.6837989572067158
G+M,11,01510000,KGE,0.686591726450213
G+M,11,01510000,logNSE,0.6735612952937675
G+M,11,01516500,NSE,0.5838826490419439
G+M,11,01516500,KGE,0.6084148258864477
G+M,11,01516500,logNSE,
G+M,11,01518862,NSE,0.5716127202162311
G+M,11,01518862,KGE,0.6638087715073188
G+M,11,01518862,logNSE,
G+M,11,01532000,NSE,0.7402238115429753
G+M,11,01532000,KGE,0.7240257119949229
G+M,11,01532000,logNSE,
G+M,11,01539000,NSE,0.5739121545074501
G+M,11,01539000,KGE,0.28078991577875134
G+M,11,01539000,logNSE,0.6626646832666097
G+M,11,01542810,NSE,0.576110710142797
G+M,11,01542810,KGE,-7.413576240920669
G+M,11,01542810,logNSE,
G+M,11,01543000,NSE,0.7366912523394099
G+M,11,01543000,KGE,-1.0576372835479049
G+M,11,01543000,logNSE,0.6689628946017222
G+M,11,01543500,NSE,0.7528657764149473
G+M,11,01543500,KGE,-2.2150794212577773
G+M,11,01543500,logNSE,0.619287024924747
G+M,11,01544500,NSE,0.6512895641604138
G+M,11,01544500,KGE,0.6567647716730016
G+M,11,01544500,logNSE,
G+M,11,01545600,NSE,0.5566475873099428
G+M,11,01545600,KGE,0.7327418859878806
G+M,11,01545600,logNSE,
G+M,11,01547700,NSE,0.6396474076092757
G+M,11,01547700,KGE,0.5852793245038881
G+M,11,01547700,logNSE,
G+M,11,01548500,NSE,0.7029441375129747
G+M,11,01548500,KGE,0.8294663271496426
G+M,11,01548500,logNSE,
G+M,11,01549500,NSE,0.6527728159303658
G+M,11,01549500,KGE,0.19636153802613376
G+M,11,01549500,logNSE,
G+M,11,01550000,NSE,0.7109294197750863
G+M,11,01550000,KGE,-1.3446727343200107
G+M,11,01550000,logNSE,
G+M,11,01552000,NSE,0.7262431339114717
G+M,11,01552000,KGE,0.6899799648404501
G+M,11,01552000,logNSE,0.6138746006187531
G+M,11,01552500,NSE,0.6474924831294113
G+M,11,01552500,KGE,0.4214710112457646
G+M,11,01552500,logNSE,0.6073313154540305
G+M,11,01557500,NSE,0.6757320024441393
G+M,11,01557500,KGE,-0.5866565935610843
G+M,11,01557500,logNSE,
G+M,11,01567500,NSE,0.715815603245501
G+M,11,01567500,KGE,0.7944875287610103
G+M,11,01567500,logNSE,
G+M,11,01568000,NSE,0.785186941966771
G+M,11,01568000,KGE,0.6854792154257986
G+M,11,01568000,logNSE,
G+M,11,01580000,NSE,0.5645542378770023
G+M,11,01580000,KGE,0.6246035812956211
G+M,11,01580000,logNSE,
G+M,11,01583500,NSE,0.3950683337683544
G+M,11,01583500,KGE,0.5621102073573949
G+M,11,01583500,logNSE,
G+M,11,01586610,NSE,0.4513995013806994
G+M,11,01586610,KGE,0.6362704178247265
G+M,11,01586610,logNSE,
G+M,11,01591400,NSE,0.5146199160781033
G+M,11,01591400,KGE,0.6504858918952172
G+M,11,01591400,logNSE,
G+M,11,01594950,NSE,0.6949446608330925
G+M,11,01594950,KGE,0.6461015053438777
G+M,11,01594950,logNSE,0.5127576339108446
G+M,11,01596500,NSE,0.6560793691353968
G+M,11,01596500,KGE,-0.24952353957192464
G+M,11,01596500,logNSE,
G+M,11,01605500,NSE,0.48772622588676207
G+M,11,01605500,KGE,0.5221309572632649
G+M,11,01605500,logNSE,
G+M,11,01606500,NSE,0.5819379482614173
G+M,11,01606500,KGE,0.6478005824884493
G+M,11,01606500,logNSE,
G+M,11,01613050,NSE,0.5753180702938392
G+M,11,01613050,KGE,0.7090974985683718
G+M,11,01613050,logNSE,
G+M,11,01620500,NSE,0.5126692359856424
G+M,11,01620500,KGE,0.625077228252378
G+M,11,01620500,logNSE,
G+M,11,01632000,NSE,0.3896186020201816
G+M,11,01632000,KGE,0.4216477979418618
G+M,11,01632000,logNSE,
G+M,11,01632900,NSE,0.2957053845882349
G+M,11,01632900,KGE,0.5735653822662907
G+M,11,01632900,logNSE,
G+M,11,01634500,NSE,0.4748390931762737
G+M,11,01634500,KGE,0.6269174028106577
G+M,11,01634500,logNSE,
G+M,11,01638480,NSE,0.3809348186431314
G+M,11,01638480,KGE,0.47341848959323696
G+M,11,01638480,logNSE,
G+M,11,01639500,NSE,0.5465849040770359
G+M,11,01639500,KGE,0.6358686530573747
G+M,11,01639500,logNSE,
G+M,11,01644000,NSE,0.6206362827170389
G+M,11,01644000,KGE,0.642215007650821
G+M,11,01644000,logNSE,
G+M,11,01658500,NSE,0.34793815641585624
G+M,11,01658500,KGE,0.3496285893762068
G+M,11,01658500,logNSE,
G+M,11,01664000,NSE,0.6430754771841531
G+M,11,01664000,KGE,0.6258669020781603
G+M,11,01664000,logNSE,
G+M,11,01666500,NSE,0.5689938934191885
G+M,11,01666500,KGE,0.6642162884000153
G+M,11,01666500,logNSE,
G+M,11,01667500,NSE,0.5983621202939116
G+M,11,01667500,KGE,0.5953126004824446
G+M,11,01667500,logNSE,
G+M,11,01669000,NSE,0.47375899212242834
G+M,11,01669000,KGE,0.6511955384570736
G+M,11,01669000,logNSE,
G+M,11,01669520,NSE,0.6107082541870437
G+M,11,01669520,KGE,0.7477581185210755
G+M,11,01669520,logNSE,
G+M,11,02011400,NSE,0.6170819228142177
G+M,11,02011400,KGE,0.7117985518326588
G+M,11,02011400,logNSE,
G+M,11,02011460,NSE,0.5059952223036237
G+M,11,02011460,KGE,0.5489945908122612
G+M,11,02011460,logNSE,
G+M,11,02013000,NSE,0.6436583983731088
G+M,11,02013000,KGE,0.7013715558148053
G+M,11,02013000,logNSE,
G+M,11,02014000,NSE,0.5759018650599538
G+M,11,02014000,KGE,0.5727650619314786
G+M,11,02014000,logNSE,
G+M,11,02015700,NSE,0.6129579338559962
G+M,11,02015700,KGE,0.531608024901426
G+M,11,02015700,logNSE,
G+M,11,02016000,NSE,0.7057369596075183
G+M,11,02016000,KGE,0.6170916600375146
G+M,11,02016000,logNSE,
G+M,11,02017500,NSE,0.6854456175677002
G+M,11,02017500,KGE,0.6838697454407852
G+M,11,02017500,logNSE,
G+M,11,02018000,NSE,0.6348278343481621
G+M,11,02018000,KGE,0.7339561079597384
G+M,11,02018000,logNSE,
G+M,11,02027000,NSE,0.4539080825755698
G+M,11,02027000,KGE,0.35726048880950734
G+M,11,02027000,logNSE,
G+M,11,02027500,NSE,0.4766825001123802
G+M,11,02027500,KGE,0.4734953794850192
G+M,11,02027500,logNSE,
G+M,11,02028500,NSE,0.5197829587348166
G+M,11,02028500,KGE,0.4970897660820256
G+M,11,02028500,logNSE,
G+M,11,02038850,NSE,0.45286285318353914
G+M,11,02038850,KGE,0.5261595202421516
G+M,11,02038850,logNSE,
G+M,11,02046000,NSE,0.6633030763157414
G+M,11,02046000,KGE,0.5798872704102516
G+M,11,02046000,logNSE,
G+M,11,02051000,NSE,0.40721997740778804
G+M,11,02051000,KGE,0.36469723753318906
G+M,11,02051000,logNSE,
G+M,11,02051500,NSE,0.5384170327895631
G+M,11,02051500,KGE,0.7115696895909225
G+M,11,02051500,logNSE,
G+M,11,02053200,NSE,0.42555575206557406
G+M,11,02053200,KGE,0.6582286788296945
G+M,11,02053200,logNSE,
G+M,11,02053800,NSE,0.4991352400252359
G+M,11,02053800,KGE,0.6877866674768712
G+M,11,02053800,logNSE,
G+M,11,02055100,NSE,0.5489046852406069
G+M,11,02055100,KGE,0.6504734862722622
G+M,11,02055100,logNSE,
G+M,11,02056900,NSE,0.6098002633215946
G+M,11,02056900,KGE,0.683385616149291
G+M,11,02056900,logNSE,
G+M,11,02059500,NSE,0.3464668532503715
G+M,11,02059500,KGE,0.6748734822780544
G+M,11,02059500,logNSE,
G+M,11,02064000,NSE,0.5322228867320971
G+M,11,02064000,KGE,0.6470773876916142
G+M,11,02064000,logNSE,
G+M,11,02065500,NSE,0.2401399620107154
G+M,11,02065500,KGE,0.5359364676685836
G+M,11,02065500,logNSE,
G+M,11,02069700,NSE,0.36276095508445916
G+M,11,02069700,KGE,0.47685057530403474
G+M,11,02069700,logNSE,
G+M,11,02070000,NSE,0.38853376605106027
G+M,11,02070000,KGE,0.5751904898166091
G+M,11,02070000,logNSE,
G+M,11,02074500,NSE,0.29782828240705617
G+M,11,02074500,KGE,0.4136628526239403
G+M,11,02074500,logNSE,
G+M,11,02077200,NSE,0.46753908848115955
G+M,11,02077200,KGE,0.4589668113663776
G+M,11,02077200,logNSE,
G+M,11,02081500,NSE,0.6342309794759674
G+M,11,02081500,KGE,0.7718001172450999
G+M,11,02081500,logNSE,
G+M,11,02082950,NSE,0.4377649331245934
G+M,11,02082950,KGE,0.7293771863794332
G+M,11,02082950,logNSE,
G+M,11,02096846,NSE,0.3405279498996404
G+M,11,02096846,KGE,0.5662207555648173
G+M,11,02096846,logNSE,
G+M,11,02111180,NSE,0.3492366066827899
G+M,11,02111180,KGE,-0.22650031502886803
G+M,11,02111180,logNSE,
G+M,11,02111500,NSE,0.3319798467898627
G+M,11,02111500,KGE,0.21282021584767818
G+M,11,02111500,logNSE,
G+M,11,02112120,NSE,0.06341385076366401
G+M,11,02112120,KGE,0.18590396964369738
G+M,11,02112120,logNSE,
G+M,11,02112360,NSE,0.29907678131196413
G+M,11,02112360,KGE,-0.005810529812864118
G+M,11,02112360,logNSE,
G+M,11,02118500,NSE,0.3884703462395256
G+M,11,02118500,KGE,0.457172019521742
G+M,11,02118500,logNSE,
G+M,11,02125000,NSE,0.4737401859213387
G+M,11,02125000,KGE,0.45371269446032503
G+M,11,02125000,logNSE,
G+M,11,02128000,NSE,0.3830110545052803
G+M,11,02128000,KGE,0.5300857374710248
G+M,11,02128000,logNSE,
G+M,11,02137727,NSE,0.5137130986173895
G+M,11,02137727,KGE,-1.4878455344131
G+M,11,02137727,logNSE,
G+M,11,02140991,NSE,0.48241927755783254
G+M,11,02140991,KGE,-0.36953214642930865
G+M,11,02140991,logNSE,
G+M,11,02143000,NSE,0.4675906906215199
G+M,11,02143000,KGE,0.21205659470223348
G+M,11,02143000,logNSE,
G+M,11,02143040,NSE,0.5128413913724515
G+M,11,02143040,KGE,-0.45715615196647685
G+M,11,02143040,logNSE,
G+M,11,02149000,NSE,0.3000232388761347
G+M,11,02149000,KGE,-0.13236423927764807
G+M,11,02149000,logNSE,
G+M,11,02152100,NSE,0.437348647576823
G+M,11,02152100,KGE,0.38119851612910294
G+M,11,02152100,logNSE,
G+M,11,02177000,NSE,0.4928705425842165
G+M,11,02177000,KGE,-0.1041419449970209
G+M,11,02177000,logNSE,-0.10904102034899732
G+M,11,02178400,NSE,0.6005007264337574
G+M,11,02178400,KGE,0.3467672349102632
G+M,11,02178400,logNSE,0.31593019434353187
G+M,11,03010655,NSE,0.6622160388843652
G+M,11,03010655,KGE,-0.496399065855446
G+M,11,03010655,logNSE,
G+M,11,03011800,NSE,0.6290872530038083
G+M,11,03011800,KGE,-0.21126772397305693
G+M,11,03011800,logNSE,0.621376421148184
G+M,11,03015500,NSE,0.7180320292074793
G+M,11,03015500,KGE,0.489871977702235
G+M,11,03015500,logNSE,0.6627757732525117
G+M,11,03021350,NSE,0.5471128615360679
G+M,11,03021350,KGE,0.29001109310501993
G+M,11,03021350,logNSE,0.6175296490519393
G+M,11,03026500,NSE,0.6691916218624775
G+M,11,03026500,KGE,-0.848448089077682
G+M,11,03026500,logNSE,0.5590365597889853
G+M,11,03028000,NSE,0.7219519845726603
G+M,11,03028000,KGE,0.271314449633855
G+M,11,03028000,logNSE,0.6555896446915386
G+M,11,03049000,NSE,0.7039476681693226
G+M,11,03049000,KGE,0.5156268993350812
G+M,11,03049000,logNSE,
G+M,11,03049800,NSE,0.44164685838099826
G+M,11,03049800,KGE,-0.4042190351377859
G+M,11,03049800,logNSE,
G+M,11,03050000,NSE,0.7523080181676047
G+M,11,03050000,KGE,0.5488969589028164
G+M,11,03050000,logNSE,0.5845360166018626
G+M,11,03066000,NSE,0.7014676684672552
G+M,11,03066000,KGE,0.7325616756218516
G+M,11,03066000,logNSE,0.5936778003241974
G+M,11,03069500,NSE,0.7987382971905206
G+M,11,03069500,KGE,0.7908709503260974
G+M,11,03069500,logNSE,0.6957915541940778
G+M,11,03070500,NSE,0.772491109334982
G+M,11,03070500,KGE,0.7839408654401793
G+M,11,03070500,logNSE,0.6893197511327189
G+M,11,03076600,NSE,0.6335583759178789
G+M,11,03076600,KGE,0.07624173814244584
G+M,11,03076600,logNSE,0.6689429613262576
G+M,11,03078000,NSE,0.6597780980913388
G+M,11,03078000,KGE,0.2233570246842781
G+M,11,03078000,logNSE,0.6815458475630856
G+M,11,03140000,NSE,0.6625288651161877
G+M,11,03140000,KGE,0.5378380602469988
G+M,11,03140000,logNSE,
G+M,11,03144000,NSE,0.6369569463492304
G+M,11,03144000,KGE,0.45623087652796435
G+M,11,03144000,logNSE,
G+M,11,03159540,NSE,0.6918162997954037
G+M,11,03159540,KGE,0.5809914070691813
G+M,11,03159540,logNSE,
G+M,11,03161000,NSE,0.5673805605893839
G+M,11,03161000,KGE,-33.798692590674584
G+M,11,03161000,logNSE,
G+M,11,03164000,NSE,0.5057992379134613
G+M,11,03164000,KGE,0.0927076809582108
G+M,11,03164000,logNSE,
G+M,11,03165000,NSE,0.6192745885538231
G+M,11,03165000,KGE,0.22840260109725619
G+M,11,03165000,logNSE,
G+M,11,03170000,NSE,0.5315860862965467
G+M,11,03170000,KGE,0.6516604439021276
G+M,11,03170000,logNSE,
G+M,11,03173000,NSE,0.5012710268406537
G+M,11,03173000,KGE,0.7045669330226241
G+M,11,03173000,logNSE,
G+M,11,03180500,NSE,0.7375641265969605
G+M,11,03180500,KGE,0.4640019218903787
G+M,11,03180500,logNSE,0.5653212970234143
G+M,11,03182500,NSE,0.7245560169028353
G+M,11,03182500,KGE,0.747332681469491
G+M,11,03182500,logNSE,
G+M,11,03186500,NSE,0.7395513397607782
G+M,11,03186500,KGE,0.7226207501167539
G+M,11,03186500,logNSE,0.6613303109834956
G+M,11,03187500,NSE,0.6978931395057023
G+M,11,03187500,KGE,0.6401461928840211
G+M,11,03187500,logNSE,0.6123857513481402
G+M,11,03213700,NSE,0.5645582418994952
G+M,11,03213700,KGE,0.6281835211952749
G+M,11,03213700,logNSE,
G+M,11,03237280,NSE,0.4955136777025214
G+M,11,03237280,KGE,0.21166825008970003
G+M,11,03237280,logNSE,
G+M,11,03237500,NSE,0.602608089170674
G+M,11,03237500,KGE,0.7197028889705341
G+M,11,03237500,logNSE,
G+M,11,03238500,NSE,0.6383797089826739
G+M,11,03238500,KGE,0.6360930050110346
G+M,11,03238500,logNSE,
G+M,11,03241500,NSE,0.7459196297194488
G+M,11,03241500,KGE,0.44437572194588326
G+M,11,03241500,logNSE,
G+M,11,03439000,NSE,0.5517777372786183
G+M,11,03439000,KGE,0.2061515385606172
G+M,11,03439000,logNSE,0.033586749057219145
G+M,11,03450000,NSE,0.49604758589834974
G+M,11,03450000,KGE,-2.8285680579221224
G+M,11,03450000,logNSE,
G+M,11,03455500,NSE,0.48469604080017326
G+M,11,03455500,KGE,0.4308364275552382
G+M,11,03455500,logNSE,0.5315866284611831
G+M,11,03456500,NSE,0.5188965434698826
G+M,11,03456500,KGE,-0.23500068720425848
G+M,11,03456500,logNSE,0.2390312140540347
G+M,11,03460000,NSE,0.37530613510434085
G+M,11,03460000,KGE,-9.310859170773034
G+M,11,03460000,logNSE,0.32248864470043737
G+M,11,03463300,NSE,0.6691294668158803
G+M,11,03463300,KGE,0.4365976119735643
G+M,11,03463300,logNSE,0.3817290212214858
G+M,11,03471500,NSE,0.21445751620608577
G+M,11,03471500,KGE,0.39266077689999745
G+M,11,03471500,logNSE,
G+M,11,03473000,NSE,0.4758928617664353
G+M,11,03473000,KGE,0.41460512394971916
G+M,11,03473000,logNSE,
G+M,11,03479000,NSE,0.4259199207055351
G+M,11,03479000,KGE,-1.0310193354637258
G+M,11,03479000,logNSE,
G+M,11,03488000,NSE,0.4590547568731811
G+M,11,03488000,KGE,0.574049164196833
G+M,11,03488000,logNSE,
G+M,11,03498500,NSE,0.6363908526255102
G+M,11,03498500,KGE,0.14807324410600653
G+M,11,03498500,logNSE,
G+M,11,03500000,NSE,0.4933549909246635
G+M,11,03500000,KGE,-0.6046391601407213
G+M,11,03500000,logNSE,0.08045749208102226
G+M,11,03500240,NSE,0.3936533722702481
G+M,11,03500240,KGE,-2.076017321138683
G+M,11,03500240,logNSE,0.16406147773172164
G+M,11,03504000,NSE,0.6156319744295884
G+M,11,03504000,KGE,0.58241819530928
G+M,11,03504000,logNSE,0.3312245501065195
G+M,11,04105700,NSE,0.08998840800734464
G+M,11,04105700,KGE,0.4437825820561455
G+M,11,04105700,logNSE,
G+M,11,04115265,NSE,0.5410345237739662
G+M,11,04115265,KGE,0.7521217502493093
G+M,11,04115265,logNSE,
G+M,11,04122200,NSE,0.4590961256263715
G+M,11,04122200,KGE,0.6580548210688228
G+M,11,04122200,logNSE,
G+M,11,04185000,NSE,0.5241367351248472
G+M,11,04185000,KGE,0.5889450607570859
G+M,11,04185000,logNSE,
G+M,11,04196800,NSE,0.6327509046767066
G+M,11,04196800,KGE,-0.4373459706171001
G+M,11,04196800,logNSE,
G+M,11,04197100,NSE,0.6808224028993806
G+M,11,04197100,KGE,-0.10447108903345015
G+M,11,04197100,logNSE,
G+M,11,04197170,NSE,0.5607215466970129
G+M,11,04197170,KGE,0.516439104103521
G+M,11,04197170,logNSE,
G+M,11,04213000,NSE,0.6082836367357585
G+M,11,04213000,KGE,-0.01495973047742738
G+M,11,04213000,logNSE,0.512602289161865
G+M,11,04213075,NSE,0.14347035737808655
G+M,11,04213075,KGE,-2.641763165946135
G+M,11,04213075,logNSE,0.3781664829770691
G+M,11,04216418,NSE,0.4825662968457194
G+M,11,04216418,KGE,-33.39750677999742
G+M,11,04216418,logNSE,
G+M,11,04221000,NSE,0.6441203279337591
G+M,11,04221000,KGE,0.7164233602770287
G+M,11,04221000,logNSE,
G+M,11,04224775,NSE,0.5555116762679844
G+M,11,04224775,KGE,0.3866606942526163
G+M,11,04224775,logNSE,
G+M,11,04233000,NSE,0.6026321313666744
G+M,11,04233000,KGE,-0.10916780838083251
G+M,11,04233000,logNSE,
G+M,11,04256000,NSE,0.753336055914266
G+M,11,04256000,KGE,0.5863973906129467
G+M,11,04256000,logNSE,0.6110648871811586
G+M,11,04296000,NSE,0.5928978061063493
G+M,11,04296000,KGE,0.43710072151045254
G+M,11,04296000,logNSE,0.6046663677880608
G+M,13,01030500,NSE,0.678152043031291
G+M,13,01030500,KGE,0.7032097922538224
G+M,13,01030500,logNSE,0.7460388501309976
G+M,13,01031500,NSE,0.7115528282650594
G+M,13,01031500,KGE,0.5084911771891831
G+M,13,01031500,logNSE,0.6548543463499593
G+M,13,01047000,NSE,0.7619615857895861
G+M,13,01047000,KGE,0.6404257837151761
G+M,13,01047000,logNSE,0.7364440103659307
G+M,13,01052500,NSE,0.6858621558017137
G+M,13,01052500,KGE,0.597262437202835
G+M,13,01052500,logNSE,0.7030729719526245
G+M,13,01054200,NSE,0.5269628561886579
G+M,13,01054200,KGE,0.5509199491464335
G+M,13,01054200,logNSE,0.531857274900799
G+M,13,01055000,NSE,0.603010265162585
G+M,13,01055000,KGE,0.48324093262077783
G+M,13,01055000,logNSE,0.6493923697732242
G+M,13,01057000,NSE,0.7506843585203822
G+M,13,01057000,KGE,0.7768898247296648
G+M,13,01057000,logNSE,0.5731662171136942
G+M,13,01078000,NSE,0.738381763238805
G+M,13,01078000,KGE,0.5358196383664179
G+M,13,01078000,logNSE,0.6307939252445703
G+M,13,01134500,NSE,0.641278369975197
G+M,13,01134500,KGE,0.5588664120787304
G+M,13,01134500,logNSE,0.6334123611748272
G+M,13,01137500,NSE,0.6236576898413404
G+M,13,01137500,KGE,0.45436225177443523
G+M,13,01137500,logNSE,0.4962128154908847
G+M,13,01139000,NSE,0.7050478780631357
G+M,13,01139000,KGE,0.7764825671587804
G+M,13,01139000,logNSE,0.6134112760195155
G+M,13,01139800,NSE,0.40272347187464275
G+M,13,01139800,KGE,0.13255248795753238
G+M,13,01139800,logNSE,0.24700553678680404
G+M,13,01142500,NSE,0.6238257791488224
G+M,13,01142500,KGE,0.331880978521886
G+M,13,01142500,logNSE,0.47952114820374503
G+M,13,01144000,NSE,0.6574921114766531
G+M,13,01144000,KGE,0.39784502525079546
G+M,13,01144000,logNSE,0.5744492509725536
G+M,13,01169000,NSE,0.6222038817258031
G+M,13,01169000,KGE,0.35029026990816214
G+M,13,01169000,logNSE,0.5703652852726099
G+M,13,01181000,NSE,0.6146235022270425
G+M,13,01181000,KGE,0.37744709575300595
G+M,13,01181000,logNSE,0.6744159873041395
G+M,13,01187300,NSE,0.6716959841728622
G+M,13,01187300,KGE,0.667266770739233
G+M,13,01187300,logNSE,0.5624436338705834
G+M,13,01333000,NSE,0.5659572782419562
G+M,13,01333000,KGE,0.342152398125243
G+M,13,01333000,logNSE,0.5952542397978375
G+M,13,01350000,NSE,0.7249008878272716
G+M,13,01350000,KGE,0.7614207450653292
G+M,13,01350000,logNSE,0.7530592784325765
G+M,13,01350080,NSE,0.5057782238810584
G+M,13,01350080,KGE,-1.7808260357860477
G+M,13,01350080,logNSE,0.519638090296392
G+M,13,01350140,NSE,0.4393381814918499
G+M,13,01350140,KGE,0.46244603837353115
G+M,13,01350140,logNSE,0.5134335365484334
G+M,13,01365000,NSE,0.7438904592652911
G+M,13,01365000,KGE,0.5906046273740073
G+M,13,01365000,logNSE,0.6158175102316048
G+M,13,01411300,NSE,0.07444340995689513
G+M,13,01411300,KGE,0.30982953625213827
G+M,13,01411300,logNSE,
G+M,13,01413500,NSE,0.648802119982582
G+M,13,01413500,KGE,0.7525565139695665
G+M,13,01413500,logNSE,0.6954588465056155
G+M,13,01414500,NSE,0.5953672293767713
G+M,13,01414500,KGE,0.7440466071251801
G+M,13,01414500,logNSE,0.5685392944853391
G+M,13,01415000,NSE,0.6896377374573698
G+M,13,01415000,KGE,0.6962847165686314
G+M,13,01415000,logNSE,0.56086898909975
G+M,13,01423000,NSE,0.7020032111244057
G+M,13,01423000,KGE,0.7265018685011252
G+M,13,01423000,logNSE,0.626635004132367
G+M,13,01434025,NSE,0.43342540233204774
G+M,13,01434025,KGE,0.3989125668067218
G+M,13,01434025,logNSE,0.6015183589016304
G+M,13,01435000,NSE,0.6667878397371034
G+M,13,01435000,KGE,0.6060984475160439
G+M,13,01435000,logNSE,0.7077990450529655
G+M,13,01439500,NSE,0.8036844163421377
G+M,13,01439500,KGE,0.6728753520828022
G+M,13,01439500,logNSE,0.7095836093792083
G+M,13,01440000,NSE,0.78907800696448
G+M,13,01440000,KGE,0.7991765608489259
G+M,13,01440000,logNSE,0.7397067117255776
G+M,13,01440400,NSE,0.672959614174421
G+M,13,01440400,KGE,0.5023263866997366
G+M,13,01440400,logNSE,0.7382911250141384
G+M,13,01451800,NSE,0.7896489061696327
G+M,13,01451800,KGE,0.7806922743247879
G+M,13,01451800,logNSE,0.6082282134934326
G+M,13,01466500,NSE,-0.4555485185694075
G+M,13,01466500,KGE,0.3679733881780781
G+M,13,01466500,logNSE,
G+M,13,01484100,NSE,0.27983947126153663
G+M,13,01484100,KGE,0.5152173925570662
G+M,13,01484100,logNSE,
G+M,13,01485500,NSE,0.6579414775560379
G+M,13,01485500,KGE,0.6832918912221673
G+M,13,01485500,logNSE,
G+M,13,01487000,NSE,0.5608058020184804
G+M,13,01487000,KGE,0.664093239231949
G+M,13,01487000,logNSE,
G+M,13,01491000,NSE,0.7456400710907752
G+M,13,01491000,KGE,0.6466613454602592
G+M,13,01491000,logNSE,
G+M,13,01510000,NSE,0.715055803478754
G+M,13,01510000,KGE,0.5677479624531774
G+M,13,01510000,logNSE,0.6369336069041094
G+M,13,01516500,NSE,0.5835715196011255
G+M,13,01516500,KGE,0.5578222909600412
G+M,13,01516500,logNSE,
G+M,13,01518862,NSE,0.6117975940810472
G+M,13,01518862,KGE,0.6245219900558726
G+M,13,01518862,logNSE,
G+M,13,01532000,NSE,0.7477371824541436
G+M,13,01532000,KGE,0.470465193061103
G+M,13,01532000,logNSE,
G+M,13,01539000,NSE,0.6040050361270196
G+M,13,01539000,KGE,0.5632271509357238
G+M,13,01539000,logNSE,0.7001601795683814
G+M,13,01542810,NSE,0.6041288110771657
G+M,13,01542810,KGE,-3.6791987928306638
G+M,13,01542810,logNSE,
G+M,13,01543000,NSE,0.7707410461552366
G+M,13,01543000,KGE,0.1493587599124031
G+M,13,01543000,logNSE,0.685240725501903
G+M,13,01543500,NSE,0.7760045073906605
G+M,13,01543500,KGE,-1.0052189695128502
G+M,13,01543500,logNSE,0.6077082122337564
G+M,13,01544500,NSE,0.686808206042732
G+M,13,01544500,KGE,-0.03538528006414765
G+M,13,01544500,logNSE,
G+M,13,01545600,NSE,0.5893918877777475
G+M,13,01545600,KGE,0.4436699704976258
G+M,13,01545600,logNSE,
G+M,13,01547700,NSE,0.6456791022574158
G+M,13,01547700,KGE,0.663482558920695
G+M,13,01547700,logNSE,
G+M,13,01548500,NSE,0.7510442474524187
G+M,13,01548500,KGE,0.4712875179179108
G+M,13,01548500,logNSE,
G+M,13,01549500,NSE,0.6856983726424599
G+M,13,01549500,KGE,-0.6396585690509908
G+M,13,01549500,logNSE,
G+M,13,01550000,NSE,0.7061692270525572
G+M,13,01550000,KGE,-6.506792607520421
G+M,13,01550000,logNSE,
G+M,13,01552000,NSE,0.7490162216656513
G+M,13,01552000,KGE,-1.543409213796358
G+M,13,01552000,logNSE,0.6315110077445544
G+M,13,01552500,NSE,0.6794654327466314
G+M,13,01552500,KGE,0.6349223172978343
G+M,13,01552500,logNSE,0.6198558614721095
G+M,13,01557500,NSE,0.7172916054226839
G+M,13,01557500,KGE,0.7038224763567584
G+M,13,01557500,logNSE,
G+M,13,01567500,NSE,0.7252836582087339
G+M,13,01567500,KGE,0.8100915895292423
G+M,13,01567500,logNSE,
G+M,13,01568000,NSE,0.8133934856868723
G+M,13,01568000,KGE,0.7693476274486092
G+M,13,01568000,logNSE,
G+M,13,01580000,NSE,0.5447577353240463
G+M,13,01580000,KGE,0.27347972171668034
G+M,13,01580000,logNSE,
G+M,13,01583500,NSE,0.41677997897332075
G+M,13,01583500,KGE,0.4719073226864777
G+M,13,01583500,logNSE,
G+M,13,01586610,NSE,0.4457629513358359
G+M,13,01586610,KGE,0.5660055587939317
G+M,13,01586610,logNSE,
G+M,13,01591400,NSE,0.5292425091317862
G+M,13,01591400,KGE,0.6264037060628687
G+M,13,01591400,logNSE,
G+M,13,01594950,NSE,0.7141452664906278
G+M,13,01594950,KGE,0.5584973926736138
G+M,13,01594950,logNSE,0.5754218480419484
G+M,13,01596500,NSE,0.689532973656889
G+M,13,01596500,KGE,0.060770731511974874
G+M,13,01596500,logNSE,
G+M,13,01605500,NSE,0.5489194785184859
G+M,13,01605500,KGE,0.565946515248333
G+M,13,01605500,logNSE,
G+M,13,01606500,NSE,0.6291889600719732
G+M,13,01606500,KGE,0.7201505191516702
G+M,13,01606500,logNSE,
G+M,13,01613050,NSE,0.5992532893405405
G+M,13,01613050,KGE,0.597658873796142
G+M,13,01613050,logNSE,
G+M,13,01620500,NSE,0.5482617850307615
G+M,13,01620500,KGE,0.6931522573546876
G+M,13,01620500,logNSE,
G+M,13,01632000,NSE,0.4304241890533296
G+M,13,01632000,KGE,0.48315786536227423
G+M,13,01632000,logNSE,
G+M,13,01632900,NSE,0.2928391762244569
G+M,13,01632900,KGE,0.621933810104741
G+M,13,01632900,logNSE,
G+M,13,01634500,NSE,0.4865713289198689
G+M,13,01634500,KGE,0.6652535631421306
G+M,13,01634500,logNSE,
G+M,13,01638480,NSE,0.3855185383311659
G+M,13,01638480,KGE,0.4199846601622942
G+M,13,01638480,logNSE,
G+M,13,01639500,NSE,0.5488114716562584
G+M,13,01639500,KGE,0.5374859967430239
G+M,13,01639500,logNSE,
G+M,13,01644000,NSE,0.6334090214879199
G+M,13,01644000,KGE,0.6288635271485989
G+M,13,01644000,logNSE,
G+M,13,01658500,NSE,0.3550357063153534
G+M,13,01658500,KGE,0.3851545731911914
G+M,13,01658500,logNSE,
G+M,13,01664000,NSE,0.6686174778900357
G+M,13,01664000,KGE,0.6886777073250132
G+M,13,01664000,logNSE,
G+M,13,01666500,NSE,0.5674016223103076
G+M,13,01666500,KGE,0.7046363693990692
G+M,13,01666500,logNSE,
G+M,13,01667500,NSE,0.6307183479403995
G+M,13,01667500,KGE,0.6611216626173768
G+M,13,01667500,logNSE,
G+M,13,01669000,NSE,0.42733283384214626
G+M,13,01669000,KGE,0.6231196709752833
G+M,13,01669000,logNSE,
G+M,13,01669520,NSE,0.5144385744055437
G+M,13,01669520,KGE,0.6648791479337981
G+M,13,01669520,logNSE,
G+M,13,02011400,NSE,0.649371097091148
G+M,13,02011400,KGE,0.7598432871526215
G+M,13,02011400,logNSE,
G+M,13,02011460,NSE,0.5593280480801017
G+M,13,02011460,KGE,0.6154972866384272
G+M,13,02011460,logNSE,
G+M,13,02013000,NSE,0.6778017337829811
G+M,13,02013000,KGE,0.7583741142073528
G+M,13,02013000,logNSE,
G+M,13,02014000,NSE,0.6184107111458587
G+M,13,02014000,KGE,0.6378745862896773
G+M,13,02014000,logNSE,
G+M,13,02015700,NSE,0.6445091627136728
G+M,13,02015700,KGE,0.6216580660702085
G+M,13,02015700,logNSE,
G+M,13,02016000,NSE,0.7192583436299325
G+M,13,02016000,KGE,0.5692059915517311
G+M,13,02016000,logNSE,
G+M,13,02017500,NSE,0.7267639785443459
G+M,13,02017500,KGE,0.7242462205349067
G+M,13,02017500,logNSE,
G+M,13,02018000,NSE,0.6859323964079715
G+M,13,02018000,KGE,0.7896672768857081
G+M,13,02018000,logNSE,
G+M,13,02027000,NSE,0.4410425310233339
G+M,13,02027000,KGE,0.35954473601239434
G+M,13,02027000,logNSE,
G+M,13,02027500,NSE,0.4669942130446142
G+M,13,02027500,KGE,0.4919865886786732
G+M,13,02027500,logNSE,
G+M,13,02028500,NSE,0.5337870028922035
G+M,13,02028500,KGE,0.5365467927295123
G+M,13,02028500,logNSE,
G+M,13,02038850,NSE,0.4604750634833612
G+M,13,02038850,KGE,0.504911921627299
G+M,13,02038850,logNSE,
G+M,13,02046000,NSE,0.6220169546876699
G+M,13,02046000,KGE,0.619799604333185
G+M,13,02046000,logNSE,
G+M,13,02051000,NSE,0.40392557903440895
G+M,13,02051000,KGE,0.38726720978688844
G+M,13,02051000,logNSE,
G+M,13,02051500,NSE,0.5249012244151012
G+M,13,02051500,KGE,0.6693034232362247
G+M,13,02051500,logNSE,
G+M,13,02053200,NSE,0.4780939230075336
G+M,13,02053200,KGE,0.6184946706943557
G+M,13,02053200,logNSE,
G+M,13,02053800,NSE,0.5455558401309835
G+M,13,02053800,KGE,0.6800178476005037
G+M,13,02053800,logNSE,
G+M,13,02055100,NSE,0.5927628983958724
G+M,13,02055100,KGE,0.6856180678750798
G+M,13,02055100,logNSE,
G+M,13,02056900,NSE,0.6439243447672387
G+M,13,02056900,KGE,0.6694602423454403
G+M,13,02056900,logNSE,
G+M,13,02059500,NSE,0.39341566367187797
G+M,13,02059500,KGE,0.6970428719892692
G+M,13,02059500,logNSE,
G+M,13,02064000,NSE,0.5757566237232921
G+M,13,02064000,KGE,0.6537631146200762
G+M,13,02064000,logNSE,
G+M,13,02065500,NSE,0.2765585669644073
G+M,13,02065500,KGE,0.5630225722557007
G+M,13,02065500,logNSE,
G+M,13,02069700,NSE,0.39982673601455865
G+M,13,02069700,KGE,0.5261473201855726
G+M,13,02069700,logNSE,
G+M,13,02070000,NSE,0.41327140505486304
G+M,13,02070000,KGE,0.6068363258025432
G+M,13,02070000,logNSE,
G+M,13,02074500,NSE,0.28500723192987587
G+M,13,02074500,KGE,0.4738734860493985
G+M,13,02074500,logNSE,
G+M,13,02077200,NSE,0.47591215384823937
G+M,13,02077200,KGE,0.5471116177253423
G+M,13,02077200,logNSE,
G+M,13,02081500,NSE,0.5836395216574589
G+M,13,02081500,KGE,0.7169484796523391
G+M,13,02081500,logNSE,
G+M,13,02082950,NSE,0.35859668807221146
G+M,13,02082950,KGE,0.656224523701117
G+M,13,02082950,logNSE,
G+M,13,02096846,NSE,0.307339594669064
G+M,13,02096846,KGE,0.5626360060628794
G+M,13,02096846,logNSE,
G+M,13,02111180,NSE,0.426723941630626
G+M,13,02111180,KGE,-0.04777558992429354
G+M,13,02111180,logNSE,
G+M,13,02111500,NSE,0.40013760197836734
G+M,13,02111500,KGE,0.41646399134103573
G+M,13,02111500,logNSE,
G+M,13,02112120,NSE,0.17982073240219698
G+M,13,02112120,KGE,0.3552748643062029
G+M,13,02112120,logNSE,
G+M,13,02112360,NSE,0.4232802485617757
G+M,13,02112360,KGE,0.3126046267135646
G+M,13,02112360,logNSE,
G+M,13,02118500,NSE,0.394492039703098
G+M,13,02118500,KGE,0.5171008446360343
G+M,13,02118500,logNSE,
G+M,13,02125000,NSE,0.4742102708524353
G+M,13,02125000,KGE,0.5261812839645248
G+M,13,02125000,logNSE,
G+M,13,02128000,NSE,0.39863892143390023
G+M,13,02128000,KGE,0.559226812959104
G+M,13,02128000,logNSE,
G+M,13,02137727,NSE,0.58659183199818
G+M,13,02137727,KGE,-0.3491882092092726
G+M,13,02137727,logNSE,
G+M,13,02140991,NSE,0.5030442925072047
G+M,13,02140991,KGE,0.42397759506062227
G+M,13,02140991,logNSE,
G+M,13,02143000,NSE,0.5430165902073394
G+M,13,02143000,KGE,0.49618316414293795
G+M,13,02143000,logNSE,
G+M,13,02143040,NSE,0.5429375058844881
G+M,13,02143040,KGE,0.027041684278415246
G+M,13,02143040,logNSE,
G+M,13,02149000,NSE,0.3949392762009555
G+M,13,02149000,KGE,0.27751432283047384
G+M,13,02149000,logNSE,
G+M,13,02152100,NSE,0.45021765179484663
G+M,13,02152100,KGE,0.4987338856974495
G+M,13,02152100,logNSE,
G+M,13,02177000,NSE,0.5688737766876747
G+M,13,02177000,KGE,0.4440632220336431
G+M,13,02177000,logNSE,0.39191876765446476
G+M,13,02178400,NSE,0.6212022997926561
G+M,13,02178400,KGE,0.5809050487384895
G+M,13,02178400,logNSE,0.5002872131513605
G+M,13,03010655,NSE,0.6958288201842479
G+M,13,03010655,KGE,0.3920160203511327
G+M,13,03010655,logNSE,
G+M,13,03011800,NSE,0.6843805784282575
G+M,13,03011800,KGE,0.19457165720405667
G+M,13,03011800,logNSE,0.658866614385367
G+M,13,03015500,NSE,0.7177436034588217
G+M,13,03015500,KGE,0.6599160977249732
G+M,13,03015500,logNSE,0.6912367450472836
G+M,13,03021350,NSE,0.5563904837681035
G+M,13,03021350,KGE,0.42776283967161366
G+M,13,03021350,logNSE,0.5656785147818795
G+M,13,03026500,NSE,0.6999750620791008
G+M,13,03026500,KGE,-1.0864745876355584
G+M,13,03026500,logNSE,0.574455146721488
G+M,13,03028000,NSE,0.7752935618404102
G+M,13,03028000,KGE,0.47913515136614837
G+M,13,03028000,logNSE,0.7046619479440911
G+M,13,03049000,NSE,0.7273960384741367
G+M,13,03049000,KGE,0.8086154589276484
G+M,13,03049000,logNSE,
G+M,13,03049800,NSE,0.5171989797881302
G+M,13,03049800,KGE,-0.07185984190908012
G+M,13,03049800,logNSE,
G+M,13,03050000,NSE,0.7606009024255374
G+M,13,03050000,KGE,0.44718181125807166
G+M,13,03050000,logNSE,0.6185660032844402
G+M,13,03066000,NSE,0.7170611810709349
G+M,13,03066000,KGE,0.63658843279516
G+M,13,03066000,logNSE,0.6432554461934727
G+M,13,03069500,NSE,0.7966691603046353
G+M,13,03069500,KGE,0.7000149300163286
G+M,13,03069500,logNSE,0.7480877469225311
G+M,13,03070500,NSE,0.7724065649692436
G+M,13,03070500,KGE,0.7902323009098124
G+M,13,03070500,logNSE,0.7264100126553048
G+M,13,03076600,NSE,0.6687358981750267
G+M,13,03076600,KGE,0.5041653072360388
G+M,13,03076600,logNSE,0.677081942281825
G+M,13,03078000,NSE,0.7081143130168981
G+M,13,03078000,KGE,0.6198759194639534
G+M,13,03078000,logNSE,0.6651098989490261
G+M,13,03140000,NSE,0.6594333432529421
G+M,13,03140000,KGE,0.6713980622564943
G+M,13,03140000,logNSE,
G+M,13,03144000,NSE,0.6423306787087962
G+M,13,03144000,KGE,0.5865572567007902
G+M,13,03144000,logNSE,
G+M,13,03159540,NSE,0.7095876990693802
G+M,13,03159540,KGE,0.6991450842838207
G+M,13,03159540,logNSE,
G+M,13,03161000,NSE,0.6521402676611212
G+M,13,03161000,KGE,-16.80819637083669
G+M,13,03161000,logNSE,
G+M,13,03164000,NSE,0.6114366679048968
G+M,13,03164000,KGE,0.5071803997167754
G+M,13,03164000,logNSE,
G+M,13,03165000,NSE,0.6168302944149593
G+M,13,03165000,KGE,0.23487532838303693
G+M,13,03165000,logNSE,
G+M,13,03170000,NSE,0.5663255903693847
G+M,13,03170000,KGE,0.7394685020477001
G+M,13,03170000,logNSE,
G+M,13,03173000,NSE,0.5585547394029868
G+M,13,03173000,KGE,0.7663935686265754
G+M,13,03173000,logNSE,
G+M,13,03180500,NSE,0.7575826683218078
G+M,13,03180500,KGE,0.3763938011214266
G+M,13,03180500,logNSE,0.6245133521530637
G+M,13,03182500,NSE,0.7322051338550829
G+M,13,03182500,KGE,0.4405923245012171
G+M,13,03182500,logNSE,
G+M,13,03186500,NSE,0.7309422744734634
G+M,13,03186500,KGE,0.6143159762379691
G+M,13,03186500,logNSE,0.6646656795375909
G+M,13,03187500,NSE,0.6939395417821085
G+M,13,03187500,KGE,0.5193972991632105
G+M,13,03187500,logNSE,0.6073152029906768
G+M,13,03213700,NSE,0.5692060208811835
G+M,13,03213700,KGE,0.710701139063421
G+M,13,03213700,logNSE,
G+M,13,03237280,NSE,0.5033572052651507
G+M,13,03237280,KGE,0.3083767103941335
G+M,13,03237280,logNSE,
G+M,13,03237500,NSE,0.5925218426204465
G+M,13,03237500,KGE,0.41593890530481625
G+M,13,03237500,logNSE,
G+M,13,03238500,NSE,0.6251072698990257
G+M,13,03238500,KGE,0.020922119239531245
G+M,13,03238500,logNSE,
G+M,13,03241500,NSE,0.7587186468033955
G+M,13,03241500,KGE,0.5450406371549941
G+M,13,03241500,logNSE,
G+M,13,03439000,NSE,0.6310143160229101
G+M,13,03439000,KGE,0.528244448730774
G+M,13,03439000,logNSE,0.409063488907513
G+M,13,03450000,NSE,0.48906927853233373
G+M,13,03450000,KGE,-1.0383484435015529
G+M,13,03450000,logNSE,
G+M,13,03455500,NSE,0.5300079816906975
G+M,13,03455500,KGE,0.6467627976830158
G+M,13,03455500,logNSE,0.580957833657457
G+M,13,03456500,NSE,0.5884986034047673
G+M,13,03456500,KGE,0.42617692716859057
G+M,13,03456500,logNSE,0.45982767136440506
G+M,13,03460000,NSE,0.47669907419361357
G+M,13,03460000,KGE,-2.7863983363531624
G+M,13,03460000,logNSE,0.4184731927079314
G+M,13,03463300,NSE,0.6936034818090366
G+M,13,03463300,KGE,0.6720918331189938
G+M,13,03463300,logNSE,0.5181097559815631
G+M,13,03471500,NSE,0.31043044182213764
G+M,13,03471500,KGE,0.6355294489481556
G+M,13,03471500,logNSE,
G+M,13,03473000,NSE,0.5442769959303666
G+M,13,03473000,KGE,0.6971310035727464
G+M,13,03473000,logNSE,
G+M,13,03479000,NSE,0.5375123990818294
G+M,13,03479000,KGE,0.10900004132701713
G+M,13,03479000,logNSE,
G+M,13,03488000,NSE,0.486205078197293
G+M,13,03488000,KGE,0.6882936746206865
G+M,13,03488000,logNSE,
G+M,13,03498500,NSE,0.6926825779467007
G+M,13,03498500,KGE,0.8255476397438579
G+M,13,03498500,logNSE,
G+M,13,03500000,NSE,0.6429392291461635
G+M,13,03500000,KGE,0.38150387375643646
G+M,13,03500000,logNSE,0.4642900625220927
G+M,13,03500240,NSE,0.5008661934765908
G+M,13,03500240,KGE,-0.48959740744439517
G+M,13,03500240,logNSE,0.3530119541329231
G+M,13,03504000,NSE,0.6646318382912355
G+M,13,03504000,KGE,0.749248490685567
G+M,13,03504000,logNSE,0.5955194013870878
G+M,13,04105700,NSE,0.09084829960128216
G+M,13,04105700,KGE,0.407612243547977
G+M,13,04105700,logNSE,
G+M,13,04115265,NSE,0.5554756746901155
G+M,13,04115265,KGE,0.7785181927477041
G+M,13,04115265,logNSE,
G+M,13,04122200,NSE,0.4738025389216587
G+M,13,04122200,KGE,0.6828381512195222
G+M,13,04122200,logNSE,
G+M,13,04185000,NSE,0.45879197246326664
G+M,13,04185000,KGE,0.588391755423876
G+M,13,04185000,logNSE,
G+M,13,04196800,NSE,0.6593417142413971
G+M,13,04196800,KGE,0.658311614564534
G+M,13,04196800,logNSE,
G+M,13,04197100,NSE,0.6910172297520227
G+M,13,04197100,KGE,0.42780944247160047
G+M,13,04197100,logNSE,
G+M,13,04197170,NSE,0.5708464520625065
G+M,13,04197170,KGE,0.4925300864863059
G+M,13,04197170,logNSE,
G+M,13,04213000,NSE,0.5906476042315527
G+M,13,04213000,KGE,0.2702349148536486
G+M,13,04213000,logNSE,0.4913267280746597
G+M,13,04213075,NSE,0.21315117002755601
G+M,13,04213075,KGE,-2.7643311327219853
G+M,13,04213075,logNSE,0.21274984204916192
G+M,13,04216418,NSE,0.5190992296649185
G+M,13,04216418,KGE,-25.60195326323412
G+M,13,04216418,logNSE,
G+M,13,04221000,NSE,0.6770760009790634
G+M,13,04221000,KGE,0.7073020152230016
G+M,13,04221000,logNSE,
G+M,13,04224775,NSE,0.5804832041811875
G+M,13,04224775,KGE,0.6685124799467692
G+M,13,04224775,logNSE,
G+M,13,04233000,NSE,0.6489846207275198
G+M,13,04233000,KGE,0.20228006268675247
G+M,13,04233000,logNSE,
G+M,13,04256000,NSE,0.7379409645408772
G+M,13,04256000,KGE,0.5696361268249363
G+M,13,04256000,logNSE,0.6012142889825823
G+M,13,04296000,NSE,0.6792944766313185
G+M,13,04296000,KGE,0.4692763501837486
G+M,13,04296000,logNSE,0.6182487430371278
G+M,17,01030500,NSE,0.6520950645884191
G+M,17,01030500,KGE,0.772812271166242
G+M,17,01030500,logNSE,0.7242571621321952
G+M,17,01031500,NSE,0.7629987082527556
G+M,17,01031500,KGE,0.7222842787688937
G+M,17,01031500,logNSE,0.6480989169934729
G+M,17,01047000,NSE,0.7740517182149196
G+M,17,01047000,KGE,0.7473957207583796
G+M,17,01047000,logNSE,0.7086570186586444
G+M,17,01052500,NSE,0.7121616685132305
G+M,17,01052500,KGE,0.6842945005264673
G+M,17,01052500,logNSE,0.7020086627308335
G+M,17,01054200,NSE,0.542012997579419
G+M,17,01054200,KGE,0.5768355788871837
G+M,17,01054200,logNSE,0.4955653252435628
G+M,17,01055000,NSE,0.5987905063092505
G+M,17,01055000,KGE,0.5023716252166668
G+M,17,01055000,logNSE,0.621611206136541
G+M,17,01057000,NSE,0.7536538579281504
G+M,17,01057000,KGE,0.8266110734815871
G+M,17,01057000,logNSE,0.5676167016706446
G+M,17,01078000,NSE,0.7533537502871547
G+M,17,01078000,KGE,0.4538125392025233
G+M,17,01078000,logNSE,0.6146281583136828
G+M,17,01134500,NSE,0.6985247323275168
G+M,17,01134500,KGE,0.6520267579843084
G+M,17,01134500,logNSE,0.6374677711137742
G+M,17,01137500,NSE,0.6379556320839836
G+M,17,01137500,KGE,0.4654476464921946
G+M,17,01137500,logNSE,0.5423606512350001
G+M,17,01139000,NSE,0.7524296571146881
G+M,17,01139000,KGE,0.7127257891663759
G+M,17,01139000,logNSE,0.6427586579394684
G+M,17,01139800,NSE,0.48220373216737256
G+M,17,01139800,KGE,0.35679344579687056
G+M,17,01139800,logNSE,0.2925381673601152
G+M,17,01142500,NSE,0.6792458039167657
G+M,17,01142500,KGE,0.37176012437158623
G+M,17,01142500,logNSE,0.5475472773453576
G+M,17,01144000,NSE,0.6857798361705889
G+M,17,01144000,KGE,0.41175321478926097
G+M,17,01144000,logNSE,0.6196794435820374
G+M,17,01169000,NSE,0.6080292146634441
G+M,17,01169000,KGE,0.38581901758966297
G+M,17,01169000,logNSE,0.5414464831605206
G+M,17,01181000,NSE,0.5802930453731785
G+M,17,01181000,KGE,0.4823087022732171
G+M,17,01181000,logNSE,0.6057433274465656
G+M,17,01187300,NSE,0.6492006953496003
G+M,17,01187300,KGE,0.6373621455705563
G+M,17,01187300,logNSE,0.5234431600021086
G+M,17,01333000,NSE,0.5810384498191039
G+M,17,01333000,KGE,0.37790769445294126
G+M,17,01333000,logNSE,0.5933282655448291
G+M,17,01350000,NSE,0.6846550485210143
G+M,17,01350000,KGE,0.7380382271553165
G+M,17,01350000,logNSE,0.6863911429976034
G+M,17,01350080,NSE,0.4654552033646434
G+M,17,01350080,KGE,-2.050224411198226
G+M,17,01350080,logNSE,0.487845216565126
G+M,17,01350140,NSE,0.4135764357557029
G+M,17,01350140,KGE,0.6185551365751152
G+M,17,01350140,logNSE,0.5012263144333715
G+M,17,01365000,NSE,0.6958284242755418
G+M,17,01365000,KGE,0.6393069171153716
G+M,17,01365000,logNSE,0.5577126341842751
G+M,17,01411300,NSE,-0.6287755818219285
G+M,17,01411300,KGE,0.06680399083427324
G+M,17,01411300,logNSE,
G+M,17,01413500,NSE,0.5474580439036625
G+M,17,01413500,KGE,0.6918904092990766
G+M,17,01413500,logNSE,0.5987992696374282
G+M,17,01414500,NSE,0.5614343933935341
G+M,17,01414500,KGE,0.7021307231521925
G+M,17,01414500,logNSE,0.5005857759246115
G+M,17,01415000,NSE,0.6650548569779972
G+M,17,01415000,KGE,0.7205653651093653
G+M,17,01415000,logNSE,0.5038527015479426
G+M,17,01423000,NSE,0.62112574498732
G+M,17,01423000,KGE,0.7662410598373334
G+M,17,01423000,logNSE,0.5476828784367624
G+M,17,01434025,NSE,0.39887686753202867
G+M,17,01434025,KGE,0.38917647064533945
G+M,17,01434025,logNSE,0.5415977825797167
G+M,17,01435000,NSE,0.6214048409419849
G+M,17,01435000,KGE,0.6316461220667259
G+M,17,01435000,logNSE,0.6481185263507949
G+M,17,01439500,NSE,0.7661469119750769
G+M,17,01439500,KGE,0.8568742102030125
G+M,17,01439500,logNSE,0.6829484768985292
G+M,17,01440000,NSE,0.7430342855068758
G+M,17,01440000,KGE,0.831340904774712
G+M,17,01440000,logNSE,0.7092088729314059
G+M,17,01440400,NSE,0.6479540437636326
G+M,17,01440400,KGE,0.6514072569515447
G+M,17,01440400,logNSE,0.6779420461205015
G+M,17,01451800,NSE,0.7595833864048691
G+M,17,01451800,KGE,0.3149114247890217
G+M,17,01451800,logNSE,0.5393780420940348
G+M,17,01466500,NSE,-0.8518035957143595
G+M,17,01466500,KGE,0.225545970911181
G+M,17,01466500,logNSE,
G+M,17,01484100,NSE,0.20928300298076663
G+M,17,01484100,KGE,0.5702311427897283
G+M,17,01484100,logNSE,
G+M,17,01485500,NSE,0.6591016320357835
G+M,17,01485500,KGE,0.7767036360064337
G+M,17,01485500,logNSE,
G+M,17,01487000,NSE,0.5357535570960281
G+M,17,01487000,KGE,0.726095966014852
G+M,17,01487000,logNSE,
G+M,17,01491000,NSE,0.724946654208753
G+M,17,01491000,KGE,0.8187283232969096
G+M,17,01491000,logNSE,
G+M,17,01510000,NSE,0.6202705195154351
G+M,17,01510000,KGE,0.33985568321332094
G+M,17,01510000,logNSE,0.5695646042409436
G+M,17,01516500,NSE,0.5362124838740928
G+M,17,01516500,KGE,0.534829474866839
G+M,17,01516500,logNSE,
G+M,17,01518862,NSE,0.5532824987771776
G+M,17,01518862,KGE,0.7038383599866014
G+M,17,01518862,logNSE,
G+M,17,01532000,NSE,0.6769938775632747
G+M,17,01532000,KGE,0.3155264759620937
G+M,17,01532000,logNSE,
G+M,17,01539000,NSE,0.5768200600260815
G+M,17,01539000,KGE,0.561785858704813
G+M,17,01539000,logNSE,0.6449252718579503
G+M,17,01542810,NSE,0.5707512720085686
G+M,17,01542810,KGE,-11.068158866668005
G+M,17,01542810,logNSE,
G+M,17,01543000,NSE,0.7260052998825451
G+M,17,01543000,KGE,-0.17147021404070673
G+M,17,01543000,logNSE,0.6255208846073893
G+M,17,01543500,NSE,0.7346177203919281
G+M,17,01543500,KGE,-2.2505765149498047
G+M,17,01543500,logNSE,0.5801892427915227
G+M,17,01544500,NSE,0.6081875225565712
G+M,17,01544500,KGE,0.4970154824998785
G+M,17,01544500,logNSE,
G+M,17,01545600,NSE,0.49898916934584137
G+M,17,01545600,KGE,0.36335348163485737
G+M,17,01545600,logNSE,
G+M,17,01547700,NSE,0.5873386478997982
G+M,17,01547700,KGE,0.6726281343960896
G+M,17,01547700,logNSE,
G+M,17,01548500,NSE,0.6901757863744455
G+M,17,01548500,KGE,0.4361524307943323
G+M,17,01548500,logNSE,
G+M,17,01549500,NSE,0.5665333898503013
G+M,17,01549500,KGE,-0.8551034691266304
G+M,17,01549500,logNSE,
G+M,17,01550000,NSE,0.6142174494656738
G+M,17,01550000,KGE,-6.956508165523923
G+M,17,01550000,logNSE,
G+M,17,01552000,NSE,0.6713936045978812
G+M,17,01552000,KGE,-1.9646767804176646
G+M,17,01552000,logNSE,0.5671540604817644
G+M,17,01552500,NSE,0.6543577309470585
G+M,17,01552500,KGE,0.6383687909446831
G+M,17,01552500,logNSE,0.5666960485142554
G+M,17,01557500,NSE,0.660291722521277
G+M,17,01557500,KGE,0.307958472954179
G+M,17,01557500,logNSE,
G+M,17,01567500,NSE,0.6802483240360192
G+M,17,01567500,KGE,0.8059371089538135
G+M,17,01567500,logNSE,
G+M,17,01568000,NSE,0.7436199043442804
G+M,17,01568000,KGE,0.7050409416434656
G+M,17,01568000,logNSE,
G+M,17,01580000,NSE,0.5773089373558693
G+M,17,01580000,KGE,0.7046820202655297
G+M,17,01580000,logNSE,
G+M,17,01583500,NSE,0.44590305848223644
G+M,17,01583500,KGE,0.6276379145787123
G+M,17,01583500,logNSE,
G+M,17,01586610,NSE,0.45914697796684645
G+M,17,01586610,KGE,0.6238386323874843
G+M,17,01586610,logNSE,
G+M,17,01591400,NSE,0.5007865022310841
G+M,17,01591400,KGE,0.6631486868645362
G+M,17,01591400,logNSE,
G+M,17,01594950,NSE,0.6912602475674472
G+M,17,01594950,KGE,0.6054825768791796
G+M,17,01594950,logNSE,0.5068779578322482
G+M,17,01596500,NSE,0.6746799108981761
G+M,17,01596500,KGE,-0.7275069073070695
G+M,17,01596500,logNSE,
G+M,17,01605500,NSE,0.5029714546506374
G+M,17,01605500,KGE,0.3736661512548044
G+M,17,01605500,logNSE,
G+M,17,01606500,NSE,0.6076923235990658
G+M,17,01606500,KGE,0.6996239662839214
G+M,17,01606500,logNSE,
G+M,17,01613050,NSE,0.5893291597913741
G+M,17,01613050,KGE,0.7204205618414088
G+M,17,01613050,logNSE,
G+M,17,01620500,NSE,0.46993146963476917
G+M,17,01620500,KGE,0.4298646774643001
G+M,17,01620500,logNSE,
G+M,17,01632000,NSE,0.4103496099428833
G+M,17,01632000,KGE,0.488041678667266
G+M,17,01632000,logNSE,
G+M,17,01632900,NSE,0.21130782510142165
G+M,17,01632900,KGE,0.6092483895237538
G+M,17,01632900,logNSE,
G+M,17,01634500,NSE,0.40929907350322425
G+M,17,01634500,KGE,0.6843220856633294
G+M,17,01634500,logNSE,
G+M,17,01638480,NSE,0.34978364887906543
G+M,17,01638480,KGE,0.43141179130559026
G+M,17,01638480,logNSE,
G+M,17,01639500,NSE,0.5379322290491289
G+M,17,01639500,KGE,0.6289625474811162
G+M,17,01639500,logNSE,
G+M,17,01644000,NSE,0.5872922949344311
G+M,17,01644000,KGE,0.7020325509462666
G+M,17,01644000,logNSE,
G+M,17,01658500,NSE,0.31714851321644466
G+M,17,01658500,KGE,0.3646816902769796
G+M,17,01658500,logNSE,
G+M,17,01664000,NSE,0.6729992879182132
G+M,17,01664000,KGE,0.7356330874431118
G+M,17,01664000,logNSE,
G+M,17,01666500,NSE,0.5162308028996452
G+M,17,01666500,KGE,0.7361783598896752
G+M,17,01666500,logNSE,
G+M,17,01667500,NSE,0.6467885261972548
G+M,17,01667500,KGE,0.7311407580218853
G+M,17,01667500,logNSE,
G+M,17,01669000,NSE,0.4769116435681232
G+M,17,01669000,KGE,0.7015073728836887
G+M,17,01669000,logNSE,
G+M,17,01669520,NSE,0.5478001322052654
G+M,17,01669520,KGE,0.7574225791743407
G+M,17,01669520,logNSE,
G+M,17,02011400,NSE,0.62357343030656
G+M,17,02011400,KGE,0.6317428950053765
G+M,17,02011400,logNSE,
G+M,17,02011460,NSE,0.5043925962392306
G+M,17,02011460,KGE,0.34425742467265874
G+M,17,02011460,logNSE,
G+M,17,02013000,NSE,0.6116530186035989
G+M,17,02013000,KGE,0.7675333619039918
G+M,17,02013000,logNSE,
G+M,17,02014000,NSE,0.5971823986591233
G+M,17,02014000,KGE,0.6140325413652974
G+M,17,02014000,logNSE,
G+M,17,02015700,NSE,0.6144243152033774
G+M,17,02015700,KGE,0.28642035843092173
G+M,17,02015700,logNSE,
G+M,17,02016000,NSE,0.712006185103643
G+M,17,02016000,KGE,0.5684237157101515
G+M,17,02016000,logNSE,
G+M,17,02017500,NSE,0.6709588204695893
G+M,17,02017500,KGE,0.7511903526568047
G+M,17,02017500,logNSE,
G+M,17,02018000,NSE,0.6083839734681222
G+M,17,02018000,KGE,0.7825909016494511
G+M,17,02018000,logNSE,
G+M,17,02027000,NSE,0.48791727428061205
G+M,17,02027000,KGE,0.07803836561155919
G+M,17,02027000,logNSE,
G+M,17,02027500,NSE,0.4899489828743592
G+M,17,02027500,KGE,0.149102555403002
G+M,17,02027500,logNSE,
G+M,17,02028500,NSE,0.5574038409802727
G+M,17,02028500,KGE,0.4376276011771636
G+M,17,02028500,logNSE,
G+M,17,02038850,NSE,0.4341420906887685
G+M,17,02038850,KGE,0.5133878804193546
G+M,17,02038850,logNSE,
G+M,17,02046000,NSE,0.6957412316257839
G+M,17,02046000,KGE,0.733158333412551
G+M,17,02046000,logNSE,
G+M,17,02051000,NSE,0.42531461373088875
G+M,17,02051000,KGE,0.39625511227180066
G+M,17,02051000,logNSE,
G+M,17,02051500,NSE,0.5066962343590881
G+M,17,02051500,KGE,0.7523461531152853
G+M,17,02051500,logNSE,
G+M,17,02053200,NSE,0.3958618423234741
G+M,17,02053200,KGE,0.6802140805163144
G+M,17,02053200,logNSE,
G+M,17,02053800,NSE,0.614982387762963
G+M,17,02053800,KGE,0.7979685375114853
G+M,17,02053800,logNSE,
G+M,17,02055100,NSE,0.5500417631395973
G+M,17,02055100,KGE,0.5950795974850731
G+M,17,02055100,logNSE,
G+M,17,02056900,NSE,0.6607817553367406
G+M,17,02056900,KGE,0.7014464576116657
G+M,17,02056900,logNSE,
G+M,17,02059500,NSE,0.23239883398366445
G+M,17,02059500,KGE,0.6071127696900451
G+M,17,02059500,logNSE,
G+M,17,02064000,NSE,0.5203402666990969
G+M,17,02064000,KGE,0.7024034824021658
G+M,17,02064000,logNSE,
G+M,17,02065500,NSE,0.1618700519443711
G+M,17,02065500,KGE,0.5485730276278489
G+M,17,02065500,logNSE,
G+M,17,02069700,NSE,0.43711775772973827
G+M,17,02069700,KGE,0.6498853045284643
G+M,17,02069700,logNSE,
G+M,17,02070000,NSE,0.40741377608503404
G+M,17,02070000,KGE,0.6143108902298843
G+M,17,02070000,logNSE,
G+M,17,02074500,NSE,0.3118980460719786
G+M,17,02074500,KGE,0.48656845369005974
G+M,17,02074500,logNSE,
G+M,17,02077200,NSE,0.5254412093247678
G+M,17,02077200,KGE,0.5848583733044961
G+M,17,02077200,logNSE,
G+M,17,02081500,NSE,0.4611732327147513
G+M,17,02081500,KGE,0.6613444450826635
G+M,17,02081500,logNSE,
G+M,17,02082950,NSE,0.13859236526232355
G+M,17,02082950,KGE,0.5197187537147817
G+M,17,02082950,logNSE,
G+M,17,02096846,NSE,0.2549902059284942
G+M,17,02096846,KGE,0.5401677756484076
G+M,17,02096846,logNSE,
G+M,17,02111180,NSE,0.45016430290590725
G+M,17,02111180,KGE,0.32524716525936925
G+M,17,02111180,logNSE,
G+M,17,02111500,NSE,0.5047116646926506
G+M,17,02111500,KGE,0.5711622939284031
G+M,17,02111500,logNSE,
G+M,17,02112120,NSE,0.3205040168494028
G+M,17,02112120,KGE,0.4850610311448714
G+M,17,02112120,logNSE,
G+M,17,02112360,NSE,0.4442529179800764
G+M,17,02112360,KGE,0.4060687209522138
G+M,17,02112360,logNSE,
G+M,17,02118500,NSE,0.3796261816950821
G+M,17,02118500,KGE,0.5706732234539323
G+M,17,02118500,logNSE,
G+M,17,02125000,NSE,0.37615866697810985
G+M,17,02125000,KGE,0.446633836435011
G+M,17,02125000,logNSE,
G+M,17,02128000,NSE,0.35032811717079615
G+M,17,02128000,KGE,0.512270469078822
G+M,17,02128000,logNSE,
G+M,17,02137727,NSE,0.540987805135767
G+M,17,02137727,KGE,-0.03776236392915644
G+M,17,02137727,logNSE,
G+M,17,02140991,NSE,0.4820555764428086
G+M,17,02140991,KGE,0.6300586938114356
G+M,17,02140991,logNSE,
G+M,17,02143000,NSE,0.5106409644011551
G+M,17,02143000,KGE,0.4901980863312594
G+M,17,02143000,logNSE,
G+M,17,02143040,NSE,0.5600922307975547
G+M,17,02143040,KGE,0.21045217627779655
G+M,17,02143040,logNSE,
G+M,17,02149000,NSE,0.38057021914979383
G+M,17,02149000,KGE,0.30527408482444485
G+M,17,02149000,logNSE,
G+M,17,02152100,NSE,0.4616818325631359
G+M,17,02152100,KGE,0.5202307432885845
G+M,17,02152100,logNSE,
G+M,17,02177000,NSE,0.5141521329958675
G+M,17,02177000,KGE,0.38522879606066796
G+M,17,02177000,logNSE,0.34147059673110025
G+M,17,02178400,NSE,0.6205009579243488
G+M,17,02178400,KGE,0.5467490043114142
G+M,17,02178400,logNSE,0.4680300457074119
G+M,17,03010655,NSE,0.6462177991542114
G+M,17,03010655,KGE,0.7422991348144126
G+M,17,03010655,logNSE,
G+M,17,03011800,NSE,0.6464781991194148
G+M,17,03011800,KGE,0.22247742610781807
G+M,17,03011800,logNSE,0.6213754301351788
G+M,17,03015500,NSE,0.6927890484957625
G+M,17,03015500,KGE,0.78730727680111
G+M,17,03015500,logNSE,0.653845765506355
G+M,17,03021350,NSE,0.5650380504280443
G+M,17,03021350,KGE,0.49329627129330866
G+M,17,03021350,logNSE,0.5641587486029365
G+M,17,03026500,NSE,0.6657383062739347
G+M,17,03026500,KGE,-0.6010996635646848
G+M,17,03026500,logNSE,0.5734779511622049
G+M,17,03028000,NSE,0.7101720929739113
G+M,17,03028000,KGE,0.4905321170986977
G+M,17,03028000,logNSE,0.68310582642236
G+M,17,03049000,NSE,0.7191049152828533
G+M,17,03049000,KGE,0.7715624740961696
G+M,17,03049000,logNSE,
G+M,17,03049800,NSE,0.46920981986884047
G+M,17,03049800,KGE,-0.43522144184745004
G+M,17,03049800,logNSE,
G+M,17,03050000,NSE,0.7420503427782945
G+M,17,03050000,KGE,0.027252150745491588
G+M,17,03050000,logNSE,0.5654273066675645
G+M,17,03066000,NSE,0.6825419446762049
G+M,17,03066000,KGE,0.53171785678482
G+M,17,03066000,logNSE,0.6138839454137162
G+M,17,03069500,NSE,0.7837842202797233
G+M,17,03069500,KGE,0.7172753493812247
G+M,17,03069500,logNSE,0.6895910748734907
G+M,17,03070500,NSE,0.7630603426599571
G+M,17,03070500,KGE,0.8018628136099439
G+M,17,03070500,logNSE,0.643854126612819
G+M,17,03076600,NSE,0.6783101050358538
G+M,17,03076600,KGE,0.3159122277552673
G+M,17,03076600,logNSE,0.6709541114089888
G+M,17,03078000,NSE,0.7176103566145986
G+M,17,03078000,KGE,0.4612624207412658
G+M,17,03078000,logNSE,0.6638434495816246
G+M,17,03140000,NSE,0.6586251897912214
G+M,17,03140000,KGE,0.6905294981920103
G+M,17,03140000,logNSE,
G+M,17,03144000,NSE,0.616652797846347
G+M,17,03144000,KGE,0.5991283623422212
G+M,17,03144000,logNSE,
G+M,17,03159540,NSE,0.7214433697212427
G+M,17,03159540,KGE,0.7664555681065206
G+M,17,03159540,logNSE,
G+M,17,03161000,NSE,0.6809056497855186
G+M,17,03161000,KGE,-12.19808992797903
G+M,17,03161000,logNSE,
G+M,17,03164000,NSE,0.5838750292061307
G+M,17,03164000,KGE,0.6496569846721987
G+M,17,03164000,logNSE,
G+M,17,03165000,NSE,0.5739238568633689
G+M,17,03165000,KGE,-0.23700217613622998
G+M,17,03165000,logNSE,
G+M,17,03170000,NSE,0.5603104571814879
G+M,17,03170000,KGE,0.7492799422873777
G+M,17,03170000,logNSE,
G+M,17,03173000,NSE,0.5003585364780632
G+M,17,03173000,KGE,0.757862151278538
G+M,17,03173000,logNSE,
G+M,17,03180500,NSE,0.7303509000634247
G+M,17,03180500,KGE,0.3147503345167685
G+M,17,03180500,logNSE,0.5982689993849688
G+M,17,03182500,NSE,0.7065455710799939
G+M,17,03182500,KGE,-0.04674744725800317
G+M,17,03182500,logNSE,
G+M,17,03186500,NSE,0.7116149514260481
G+M,17,03186500,KGE,0.6048169287763457
G+M,17,03186500,logNSE,0.6140151346222735
G+M,17,03187500,NSE,0.652641548396698
G+M,17,03187500,KGE,0.48564854598942775
G+M,17,03187500,logNSE,0.5589458050379899
G+M,17,03213700,NSE,0.5468472729512949
G+M,17,03213700,KGE,0.7658603538286834
G+M,17,03213700,logNSE,
G+M,17,03237280,NSE,0.48240842631731395
G+M,17,03237280,KGE,0.19581757262368082
G+M,17,03237280,logNSE,
G+M,17,03237500,NSE,0.568176436019296
G+M,17,03237500,KGE,0.4380099375376434
G+M,17,03237500,logNSE,
G+M,17,03238500,NSE,0.6031729902671055
G+M,17,03238500,KGE,0.23425530112683735
G+M,17,03238500,logNSE,
G+M,17,03241500,NSE,0.7207537814864065
G+M,17,03241500,KGE,0.4872087121579979
G+M,17,03241500,logNSE,
G+M,17,03439000,NSE,0.6427560803474733
G+M,17,03439000,KGE,0.5100893859608964
G+M,17,03439000,logNSE,0.3316652943507441
G+M,17,03450000,NSE,0.5467882927413492
G+M,17,03450000,KGE,-3.9513816832977833
G+M,17,03450000,logNSE,
G+M,17,03455500,NSE,0.49879234499278846
G+M,17,03455500,KGE,0.6410179661054745
G+M,17,03455500,logNSE,0.5683385254689393
G+M,17,03456500,NSE,0.5927221889935657
G+M,17,03456500,KGE,0.4421883321305161
G+M,17,03456500,logNSE,0.4660499037041983
G+M,17,03460000,NSE,0.5070515838084295
G+M,17,03460000,KGE,-2.6956227667105104
G+M,17,03460000,logNSE,0.35349956612848066
G+M,17,03463300,NSE,0.6701947823581558
G+M,17,03463300,KGE,0.6323377451863708
G+M,17,03463300,logNSE,0.5079895065080882
G+M,17,03471500,NSE,0.31811462617335473
G+M,17,03471500,KGE,0.6582694758019498
G+M,17,03471500,logNSE,
G+M,17,03473000,NSE,0.5626892053493147
G+M,17,03473000,KGE,0.7580090583893081
G+M,17,03473000,logNSE,
G+M,17,03479000,NSE,0.57145124649427
G+M,17,03479000,KGE,0.4444544886033529
G+M,17,03479000,logNSE,
G+M,17,03488000,NSE,0.42077520271411906
G+M,17,03488000,KGE,0.6630055334659295
G+M,17,03488000,logNSE,
G+M,17,03498500,NSE,0.6416029134094892
G+M,17,03498500,KGE,0.7689361859529942
G+M,17,03498500,logNSE,
G+M,17,03500000,NSE,0.6042107655744915
G+M,17,03500000,KGE,0.3430945558485674
G+M,17,03500000,logNSE,0.452451647657406
G+M,17,03500240,NSE,0.4749707912882133
G+M,17,03500240,KGE,-0.44875550418522514
G+M,17,03500240,logNSE,0.37133565913801314
G+M,17,03504000,NSE,0.6347964090453337
G+M,17,03504000,KGE,0.7260838397732925
G+M,17,03504000,logNSE,0.5081047958283216
G+M,17,04105700,NSE,0.34155067078584567
G+M,17,04105700,KGE,0.5639542192058286
G+M,17,04105700,logNSE,
G+M,17,04115265,NSE,0.5806184858879729
G+M,17,04115265,KGE,0.7563037044510945
G+M,17,04115265,logNSE,
G+M,17,04122200,NSE,0.4755297517599155
G+M,17,04122200,KGE,0.6448975583874976
G+M,17,04122200,logNSE,
G+M,17,04185000,NSE,0.39705847750467427
G+M,17,04185000,KGE,0.36307540015876294
G+M,17,04185000,logNSE,
G+M,17,04196800,NSE,0.6531051569662834
G+M,17,04196800,KGE,0.5950908027050363
G+M,17,04196800,logNSE,
G+M,17,04197100,NSE,0.7061346405273594
G+M,17,04197100,KGE,0.7114280345190305
G+M,17,04197100,logNSE,
G+M,17,04197170,NSE,0.5504870604198155
G+M,17,04197170,KGE,0.5305405776689132
G+M,17,04197170,logNSE,
G+M,17,04213000,NSE,0.5782611539375684
G+M,17,04213000,KGE,0.5875262809028722
G+M,17,04213000,logNSE,0.3742930692306936
G+M,17,04213075,NSE,0.22404873756497512
G+M,17,04213075,KGE,-0.5029166106445151
G+M,17,04213075,logNSE,0.007403082641189607
G+M,17,04216418,NSE,0.5124627994171636
G+M,17,04216418,KGE,-27.723738230145933
G+M,17,04216418,logNSE,
G+M,17,04221000,NSE,0.6298595587805458
G+M,17,04221000,KGE,0.758167253901652
G+M,17,04221000,logNSE,
G+M,17,04224775,NSE,0.5494335104131213
G+M,17,04224775,KGE,0.5651329139149613
G+M,17,04224775,logNSE,
G+M,17,04233000,NSE,0.6157081118624217
G+M,17,04233000,KGE,0.4895071303236116
G+M,17,04233000,logNSE,
G+M,17,04256000,NSE,0.7619959706417686
G+M,17,04256000,KGE,0.7041592796498166
G+M,17,04256000,logNSE,0.5734736122869312
G+M,17,04296000,NSE,0.6714717982550273
G+M,17,04296000,KGE,0.6745688752544438
G+M,17,04296000,logNSE,0.6185616205328464
G+T+M,11,01030500,NSE,0.7276689122544215
G+T+M,11,01030500,KGE,0.5409812798440845
G+T+M,11,01030500,logNSE,0.7466568491321476
G+T+M,11,01031500,NSE,0.7486037856218508
G+T+M,11,01031500,KGE,0.5372049813693309
G+T+M,11,01031500,logNSE,0.6662815507074004
G+T+M,11,01047000,NSE,0.7825146134582212
G+T+M,11,01047000,KGE,0.7220028582478559
G+T+M,11,01047000,logNSE,0.7268329045226511
G+T+M,11,01052500,NSE,0.6953318355599392
G+T+M,11,01052500,KGE,0.7615993793249232
G+T+M,11,01052500,logNSE,0.6686924547654454
G+T+M,11,01054200,NSE,0.6109463809139879
G+T+M,11,01054200,KGE,0.6037775914860846
G+T+M,11,01054200,logNSE,0.6186001371361
G+T+M,11,01055000,NSE,0.6436705608413513
G+T+M,11,01055000,KGE,0.5817986831317729
G+T+M,11,01055000,logNSE,0.6511455366498695
G+T+M,11,01057000,NSE,0.7713098382943496
G+T+M,11,01057000,KGE,0.6825573129883649
G+T+M,11,01057000,logNSE,0.5901711098178372
G+T+M,11,01078000,NSE,0.7286296815500711
G+T+M,11,01078000,KGE,0.3827943175082156
G+T+M,11,01078000,logNSE,0.6169217848428242
G+T+M,11,01134500,NSE,0.6960869618098687
G+T+M,11,01134500,KGE,0.6061081780795632
G+T+M,11,01134500,logNSE,0.6635378080953201
G+T+M,11,01137500,NSE,0.675546947321303
G+T+M,11,01137500,KGE,0.6442130937151993
G+T+M,11,01137500,logNSE,0.6474390068378278
G+T+M,11,01139000,NSE,0.7519262081569328
G+T+M,11,01139000,KGE,0.632412196801283
G+T+M,11,01139000,logNSE,0.6024573221029516
G+T+M,11,01139800,NSE,0.5923126107234302
G+T+M,11,01139800,KGE,0.38353811246205927
G+T+M,11,01139800,logNSE,0.3191579011321034
G+T+M,11,01142500,NSE,0.6748106094401038
G+T+M,11,01142500,KGE,0.31657618989531566
G+T+M,11,01142500,logNSE,0.5206562337551381
G+T+M,11,01144000,NSE,0.6938464942077869
G+T+M,11,01144000,KGE,0.3581043374675873
G+T+M,11,01144000,logNSE,0.5585750875157725
G+T+M,11,01169000,NSE,0.6018927235542741
G+T+M,11,01169000,KGE,0.3654233997005226
G+T+M,11,01169000,logNSE,0.5497842557637596
G+T+M,11,01181000,NSE,0.5834399222972455
G+T+M,11,01181000,KGE,0.4256548793008411
G+T+M,11,01181000,logNSE,0.6642378788993886
G+T+M,11,01187300,NSE,0.6286684029525257
G+T+M,11,01187300,KGE,0.6561155637786795
G+T+M,11,01187300,logNSE,0.5485765822733898
G+T+M,11,01333000,NSE,0.5721724830373882
G+T+M,11,01333000,KGE,0.4372957474745097
G+T+M,11,01333000,logNSE,0.6192961393997969
G+T+M,11,01350000,NSE,0.6646551288837206
G+T+M,11,01350000,KGE,0.7368712510388711
G+T+M,11,01350000,logNSE,0.6999279057095487
G+T+M,11,01350080,NSE,0.34789069810422957
G+T+M,11,01350080,KGE,-3.144563477091734
G+T+M,11,01350080,logNSE,0.4293581247267414
G+T+M,11,01350140,NSE,0.28281102175943995
G+T+M,11,01350140,KGE,0.4105307220266703
G+T+M,11,01350140,logNSE,0.4047280580238318
G+T+M,11,01365000,NSE,0.6858440357443425
G+T+M,11,01365000,KGE,0.6589288791398626
G+T+M,11,01365000,logNSE,0.5824427257606205
G+T+M,11,01411300,NSE,0.3427052691963126
G+T+M,11,01411300,KGE,0.5333026351330117
G+T+M,11,01411300,logNSE,
G+T+M,11,01413500,NSE,0.5394748870984101
G+T+M,11,01413500,KGE,0.5076896110329147
G+T+M,11,01413500,logNSE,0.6483550294385692
G+T+M,11,01414500,NSE,0.524525883633165
G+T+M,11,01414500,KGE,0.64154805124511
G+T+M,11,01414500,logNSE,0.5611338258330492
G+T+M,11,01415000,NSE,0.6466931450839373
G+T+M,11,01415000,KGE,0.7154466692594623
G+T+M,11,01415000,logNSE,0.5195884409470055
G+T+M,11,01423000,NSE,0.620447982259706
G+T+M,11,01423000,KGE,0.7387629491439004
G+T+M,11,01423000,logNSE,0.6162032817208095
G+T+M,11,01434025,NSE,0.39740986026703073
G+T+M,11,01434025,KGE,0.420240371212827
G+T+M,11,01434025,logNSE,0.6091530569607937
G+T+M,11,01435000,NSE,0.6079860492110001
G+T+M,11,01435000,KGE,0.6441290034354918
G+T+M,11,01435000,logNSE,0.713161072052276
G+T+M,11,01439500,NSE,0.7401554088974597
G+T+M,11,01439500,KGE,0.7803290686812766
G+T+M,11,01439500,logNSE,0.6571280986823367
G+T+M,11,01440000,NSE,0.7212318378608211
G+T+M,11,01440000,KGE,0.824774783259432
G+T+M,11,01440000,logNSE,0.6737306338476847
G+T+M,11,01440400,NSE,0.6455937894117754
G+T+M,11,01440400,KGE,0.5602218493430416
G+T+M,11,01440400,logNSE,0.6782086838668795
G+T+M,11,01451800,NSE,0.7572791063642262
G+T+M,11,01451800,KGE,0.41415486755209296
G+T+M,11,01451800,logNSE,0.583357792494366
G+T+M,11,01466500,NSE,-0.5977092217973314
G+T+M,11,01466500,KGE,0.34833541584842487
G+T+M,11,01466500,logNSE,
G+T+M,11,01484100,NSE,0.29704524037338653
G+T+M,11,01484100,KGE,0.6079195368448426
G+T+M,11,01484100,logNSE,
G+T+M,11,01485500,NSE,0.6707702282897111
G+T+M,11,01485500,KGE,0.7048051052925526
G+T+M,11,01485500,logNSE,
G+T+M,11,01487000,NSE,0.46235182012667964
G+T+M,11,01487000,KGE,0.6026072933582676
G+T+M,11,01487000,logNSE,
G+T+M,11,01491000,NSE,0.7306541197878472
G+T+M,11,01491000,KGE,0.7295796281182555
G+T+M,11,01491000,logNSE,
G+T+M,11,01510000,NSE,0.6335269711269028
G+T+M,11,01510000,KGE,0.6166032834309393
G+T+M,11,01510000,logNSE,0.6115731446886159
G+T+M,11,01516500,NSE,0.4737361782920835
G+T+M,11,01516500,KGE,0.5838412243360257
G+T+M,11,01516500,logNSE,
G+T+M,11,01518862,NSE,0.5820791704544572
G+T+M,11,01518862,KGE,0.672296746475493
G+T+M,11,01518862,logNSE,
G+T+M,11,01532000,NSE,0.6823306467485795
G+T+M,11,01532000,KGE,0.7698838691285881
G+T+M,11,01532000,logNSE,
G+T+M,11,01539000,NSE,0.5661863011411212
G+T+M,11,01539000,KGE,0.44992755514775284
G+T+M,11,01539000,logNSE,0.6573180724913699
G+T+M,11,01542810,NSE,0.5474703019251751
G+T+M,11,01542810,KGE,-4.372696076693389
G+T+M,11,01542810,logNSE,
G+T+M,11,01543000,NSE,0.735769143153919
G+T+M,11,01543000,KGE,-0.6964425232122575
G+T+M,11,01543000,logNSE,0.6703247206776441
G+T+M,11,01543500,NSE,0.7343400201763095
G+T+M,11,01543500,KGE,-6.459206522357778
G+T+M,11,01543500,logNSE,0.6291742292967357
G+T+M,11,01544500,NSE,0.6093896416709894
G+T+M,11,01544500,KGE,0.30598512557513236
G+T+M,11,01544500,logNSE,
G+T+M,11,01545600,NSE,0.49671959115181374
G+T+M,11,01545600,KGE,0.6724940499481125
G+T+M,11,01545600,logNSE,
G+T+M,11,01547700,NSE,0.592149986266358
G+T+M,11,01547700,KGE,0.5048221848035715
G+T+M,11,01547700,logNSE,
G+T+M,11,01548500,NSE,0.7107978617462424
G+T+M,11,01548500,KGE,0.6645204157289599
G+T+M,11,01548500,logNSE,
G+T+M,11,01549500,NSE,0.6173465466667423
G+T+M,11,01549500,KGE,0.054711749737446747
G+T+M,11,01549500,logNSE,
G+T+M,11,01550000,NSE,0.6678711786212221
G+T+M,11,01550000,KGE,-3.9368045796279283
G+T+M,11,01550000,logNSE,
G+T+M,11,01552000,NSE,0.689678466620816
G+T+M,11,01552000,KGE,0.3611409193719787
G+T+M,11,01552000,logNSE,0.6073143637990899
G+T+M,11,01552500,NSE,0.6305501330456484
G+T+M,11,01552500,KGE,0.4920982976079621
G+T+M,11,01552500,logNSE,0.5929503823456839
G+T+M,11,01557500,NSE,0.5886682712333564
G+T+M,11,01557500,KGE,-1.2118575869979242
G+T+M,11,01557500,logNSE,
G+T+M,11,01567500,NSE,0.6619160545234701
G+T+M,11,01567500,KGE,0.7956971704915986
G+T+M,11,01567500,logNSE,
G+T+M,11,01568000,NSE,0.7662641497535466
G+T+M,11,01568000,KGE,0.6990210011057789
G+T+M,11,01568000,logNSE,
G+T+M,11,01580000,NSE,0.5187187464368873
G+T+M,11,01580000,KGE,0.6583158662822144
G+T+M,11,01580000,logNSE,
G+T+M,11,01583500,NSE,0.3696366620498265
G+T+M,11,01583500,KGE,0.5593465478938612
G+T+M,11,01583500,logNSE,
G+T+M,11,01586610,NSE,0.41285822536736905
G+T+M,11,01586610,KGE,0.6095877362559389
G+T+M,11,01586610,logNSE,
G+T+M,11,01591400,NSE,0.4827880654092477
G+T+M,11,01591400,KGE,0.6379282424186232
G+T+M,11,01591400,logNSE,
G+T+M,11,01594950,NSE,0.7140737627797994
G+T+M,11,01594950,KGE,0.7561318317732704
G+T+M,11,01594950,logNSE,0.5567432629283466
G+T+M,11,01596500,NSE,0.6598990166247258
G+T+M,11,01596500,KGE,-0.7260370400318099
G+T+M,11,01596500,logNSE,
G+T+M,11,01605500,NSE,0.5146608618916932
G+T+M,11,01605500,KGE,0.4784852174233677
G+T+M,11,01605500,logNSE,
G+T+M,11,01606500,NSE,0.5894057375534931
G+T+M,11,01606500,KGE,0.712750063197169
G+T+M,11,01606500,logNSE,
G+T+M,11,01613050,NSE,0.6020026812460102
G+T+M,11,01613050,KGE,0.7359667939696797
G+T+M,11,01613050,logNSE,
G+T+M,11,01620500,NSE,0.5111389424716147
G+T+M,11,01620500,KGE,0.6826235849788851
G+T+M,11,01620500,logNSE,
G+T+M,11,01632000,NSE,0.4236252116552337
G+T+M,11,01632000,KGE,0.4740063234009382
G+T+M,11,01632000,logNSE,
G+T+M,11,01632900,NSE,0.3007503947691512
G+T+M,11,01632900,KGE,0.5793310705772514
G+T+M,11,01632900,logNSE,
G+T+M,11,01634500,NSE,0.49419151259226
G+T+M,11,01634500,KGE,0.6976151966102992
G+T+M,11,01634500,logNSE,
G+T+M,11,01638480,NSE,0.37035147046599004
G+T+M,11,01638480,KGE,0.4938563004318528
G+T+M,11,01638480,logNSE,
G+T+M,11,01639500,NSE,0.5248871578842097
G+T+M,11,01639500,KGE,0.6415051501916922
G+T+M,11,01639500,logNSE,
G+T+M,11,01644000,NSE,0.5845004752281818
G+T+M,11,01644000,KGE,0.6406201660718316
G+T+M,11,01644000,logNSE,
G+T+M,11,01658500,NSE,0.3315313900574052
G+T+M,11,01658500,KGE,0.32851220886669175
G+T+M,11,01658500,logNSE,
G+T+M,11,01664000,NSE,0.6682165013512806
G+T+M,11,01664000,KGE,0.6583623825101901
G+T+M,11,01664000,logNSE,
G+T+M,11,01666500,NSE,0.5638424073744048
G+T+M,11,01666500,KGE,0.6863632725896234
G+T+M,11,01666500,logNSE,
G+T+M,11,01667500,NSE,0.6140617995150361
G+T+M,11,01667500,KGE,0.6331659464990926
G+T+M,11,01667500,logNSE,
G+T+M,11,01669000,NSE,0.4051480761380165
G+T+M,11,01669000,KGE,0.6521579316740844
G+T+M,11,01669000,logNSE,
G+T+M,11,01669520,NSE,0.601965554471505
G+T+M,11,01669520,KGE,0.7432841513250505
G+T+M,11,01669520,logNSE,
G+T+M,11,02011400,NSE,0.6355530533036992
G+T+M,11,02011400,KGE,0.7011986448040897
G+T+M,11,02011400,logNSE,
G+T+M,11,02011460,NSE,0.5224712920884651
G+T+M,11,02011460,KGE,0.4286950767318809
G+T+M,11,02011460,logNSE,
G+T+M,11,02013000,NSE,0.6377281762738498
G+T+M,11,02013000,KGE,0.7048426046700174
G+T+M,11,02013000,logNSE,
G+T+M,11,02014000,NSE,0.6281711047471121
G+T+M,11,02014000,KGE,0.6167810880131313
G+T+M,11,02014000,logNSE,
G+T+M,11,02015700,NSE,0.6270581679064297
G+T+M,11,02015700,KGE,0.5084549478680729
G+T+M,11,02015700,logNSE,
G+T+M,11,02016000,NSE,0.7239850113898503
G+T+M,11,02016000,KGE,0.6770044431615609
G+T+M,11,02016000,logNSE,
G+T+M,11,02017500,NSE,0.6895095718799227
G+T+M,11,02017500,KGE,0.6935474225782525
G+T+M,11,02017500,logNSE,
G+T+M,11,02018000,NSE,0.646331294561115
G+T+M,11,02018000,KGE,0.7496946192391474
G+T+M,11,02018000,logNSE,
G+T+M,11,02027000,NSE,0.4526000998493749
G+T+M,11,02027000,KGE,0.35473344641029436
G+T+M,11,02027000,logNSE,
G+T+M,11,02027500,NSE,0.4830660131939569
G+T+M,11,02027500,KGE,0.5015243267897627
G+T+M,11,02027500,logNSE,
G+T+M,11,02028500,NSE,0.46349328252049526
G+T+M,11,02028500,KGE,0.40571302791897823
G+T+M,11,02028500,logNSE,
G+T+M,11,02038850,NSE,0.45196975321808985
G+T+M,11,02038850,KGE,0.5074252265320569
G+T+M,11,02038850,logNSE,
G+T+M,11,02046000,NSE,0.5858521179452938
G+T+M,11,02046000,KGE,0.5295908812433334
G+T+M,11,02046000,logNSE,
G+T+M,11,02051000,NSE,0.39205322873408865
G+T+M,11,02051000,KGE,0.35413653144057544
G+T+M,11,02051000,logNSE,
G+T+M,11,02051500,NSE,0.5436814044470861
G+T+M,11,02051500,KGE,0.6568605031511199
G+T+M,11,02051500,logNSE,
G+T+M,11,02053200,NSE,0.486806085552399
G+T+M,11,02053200,KGE,0.6385113447452295
G+T+M,11,02053200,logNSE,
G+T+M,11,02053800,NSE,0.5877955613861524
G+T+M,11,02053800,KGE,0.7686412129557137
G+T+M,11,02053800,logNSE,
G+T+M,11,02055100,NSE,0.5588592409174655
G+T+M,11,02055100,KGE,0.6528548385971604
G+T+M,11,02055100,logNSE,
G+T+M,11,02056900,NSE,0.6139001935731376
G+T+M,11,02056900,KGE,0.6391915003854495
G+T+M,11,02056900,logNSE,
G+T+M,11,02059500,NSE,0.33916609627561345
G+T+M,11,02059500,KGE,0.6778933206059972
G+T+M,11,02059500,logNSE,
G+T+M,11,02064000,NSE,0.5677532146689812
G+T+M,11,02064000,KGE,0.6869982398752618
G+T+M,11,02064000,logNSE,
G+T+M,11,02065500,NSE,0.21313406320782635
G+T+M,11,02065500,KGE,0.5137575523453416
G+T+M,11,02065500,logNSE,
G+T+M,11,02069700,NSE,0.3471321363838059
G+T+M,11,02069700,KGE,0.518981949868571
G+T+M,11,02069700,logNSE,
G+T+M,11,02070000,NSE,0.3681404424494632
G+T+M,11,02070000,KGE,0.5412480124696379
G+T+M,11,02070000,logNSE,
G+T+M,11,02074500,NSE,0.30927796899884386
G+T+M,11,02074500,KGE,0.39302512855773664
G+T+M,11,02074500,logNSE,
G+T+M,11,02077200,NSE,0.4898625070445206
G+T+M,11,02077200,KGE,0.43925601601782094
G+T+M,11,02077200,logNSE,
G+T+M,11,02081500,NSE,0.6221750537391324
G+T+M,11,02081500,KGE,0.7931883523224919
G+T+M,11,02081500,logNSE,
G+T+M,11,02082950,NSE,0.4155239556709236
G+T+M,11,02082950,KGE,0.7200551091609496
G+T+M,11,02082950,logNSE,
G+T+M,11,02096846,NSE,0.3575878043835182
G+T+M,11,02096846,KGE,0.5746892187876903
G+T+M,11,02096846,logNSE,
G+T+M,11,02111180,NSE,0.43298968170651253
G+T+M,11,02111180,KGE,-0.06339382811182004
G+T+M,11,02111180,logNSE,
G+T+M,11,02111500,NSE,0.34399228299987605
G+T+M,11,02111500,KGE,0.325980345504402
G+T+M,11,02111500,logNSE,
G+T+M,11,02112120,NSE,0.15429667510438472
G+T+M,11,02112120,KGE,0.3045064426902916
G+T+M,11,02112120,logNSE,
G+T+M,11,02112360,NSE,0.3926933598242972
G+T+M,11,02112360,KGE,0.18423632823367053
G+T+M,11,02112360,logNSE,
G+T+M,11,02118500,NSE,0.39760901397479465
G+T+M,11,02118500,KGE,0.5058725845502743
G+T+M,11,02118500,logNSE,
G+T+M,11,02125000,NSE,0.5003432023087417
G+T+M,11,02125000,KGE,0.5508888499909543
G+T+M,11,02125000,logNSE,
G+T+M,11,02128000,NSE,0.4225337563388968
G+T+M,11,02128000,KGE,0.571251057958304
G+T+M,11,02128000,logNSE,
G+T+M,11,02137727,NSE,0.57178466067176
G+T+M,11,02137727,KGE,-0.9084689805807802
G+T+M,11,02137727,logNSE,
G+T+M,11,02140991,NSE,0.5660640203245857
G+T+M,11,02140991,KGE,0.11811655951193623
G+T+M,11,02140991,logNSE,
G+T+M,11,02143000,NSE,0.5109882166390253
G+T+M,11,02143000,KGE,0.3862041344660244
G+T+M,11,02143000,logNSE,
G+T+M,11,02143040,NSE,0.5204181086683154
G+T+M,11,02143040,KGE,-0.11579527514741272
G+T+M,11,02143040,logNSE,
G+T+M,11,02149000,NSE,0.3691644630587225
G+T+M,11,02149000,KGE,0.10656292433913062
G+T+M,11,02149000,logNSE,
G+T+M,11,02152100,NSE,0.4520061368058207
G+T+M,11,02152100,KGE,0.42825359144205144
G+T+M,11,02152100,logNSE,
G+T+M,11,02177000,NSE,0.5541506059271828
G+T+M,11,02177000,KGE,0.06187221698233114
G+T+M,11,02177000,logNSE,0.07000316502846848
G+T+M,11,02178400,NSE,0.613213195661934
G+T+M,11,02178400,KGE,0.36260553363177583
G+T+M,11,02178400,logNSE,0.3182049143352148
G+T+M,11,03010655,NSE,0.625036623289531
G+T+M,11,03010655,KGE,-0.12153866327744045
G+T+M,11,03010655,logNSE,
G+T+M,11,03011800,NSE,0.582848878110169
G+T+M,11,03011800,KGE,-0.41033977150654577
G+T+M,11,03011800,logNSE,0.5430350408305167
G+T+M,11,03015500,NSE,0.7019839265130757
G+T+M,11,03015500,KGE,0.5986299028724082
G+T+M,11,03015500,logNSE,0.7145512604229866
G+T+M,11,03021350,NSE,0.5614135381049981
G+T+M,11,03021350,KGE,0.4405594766893097
G+T+M,11,03021350,logNSE,0.6266964150750244
G+T+M,11,03026500,NSE,0.640869794605647
G+T+M,11,03026500,KGE,-1.2973408724376423
G+T+M,11,03026500,logNSE,0.5896843828862345
G+T+M,11,03028000,NSE,0.7122077110812444
G+T+M,11,03028000,KGE,0.34181429214463677
G+T+M,11,03028000,logNSE,0.6496100528916732
G+T+M,11,03049000,NSE,0.7185302949773251
G+T+M,11,03049000,KGE,0.3927718754830817
G+T+M,11,03049000,logNSE,
G+T+M,11,03049800,NSE,0.4662966111970691
G+T+M,11,03049800,KGE,-0.7080957349019572
G+T+M,11,03049800,logNSE,
G+T+M,11,03050000,NSE,0.7449922803639213
G+T+M,11,03050000,KGE,0.32656027764153794
G+T+M,11,03050000,logNSE,0.5856364147390478
G+T+M,11,03066000,NSE,0.7062180195871277
G+T+M,11,03066000,KGE,0.7500459050300434
G+T+M,11,03066000,logNSE,0.6036495934577462
G+T+M,11,03069500,NSE,0.8008951848243007
G+T+M,11,03069500,KGE,0.8353868753857656
G+T+M,11,03069500,logNSE,0.6694864651857138
G+T+M,11,03070500,NSE,0.7765313248721906
G+T+M,11,03070500,KGE,0.7570853613611987
G+T+M,11,03070500,logNSE,0.6683901644243994
G+T+M,11,03076600,NSE,0.6762145605534173
G+T+M,11,03076600,KGE,0.13475706525179287
G+T+M,11,03076600,logNSE,0.6391019365480368
G+T+M,11,03078000,NSE,0.6943843859181379
G+T+M,11,03078000,KGE,0.361984813334572
G+T+M,11,03078000,logNSE,0.6120449507346887
G+T+M,11,03140000,NSE,0.6432094210198072
G+T+M,11,03140000,KGE,0.4674698461506879
G+T+M,11,03140000,logNSE,
G+T+M,11,03144000,NSE,0.6223814630038096
G+T+M,11,03144000,KGE,0.3446146355410913
G+T+M,11,03144000,logNSE,
G+T+M,11,03159540,NSE,0.7120489331001748
G+T+M,11,03159540,KGE,0.5119493777818169
G+T+M,11,03159540,logNSE,
G+T+M,11,03161000,NSE,0.6316055286477291
G+T+M,11,03161000,KGE,-24.849263340920412
G+T+M,11,03161000,logNSE,
G+T+M,11,03164000,NSE,0.5930856409293066
G+T+M,11,03164000,KGE,0.44787540353212896
G+T+M,11,03164000,logNSE,
G+T+M,11,03165000,NSE,0.5887297780264596
G+T+M,11,03165000,KGE,0.325227757163996
G+T+M,11,03165000,logNSE,
G+T+M,11,03170000,NSE,0.5593815174495083
G+T+M,11,03170000,KGE,0.7278545765209061
G+T+M,11,03170000,logNSE,
G+T+M,11,03173000,NSE,0.5490727456714206
G+T+M,11,03173000,KGE,0.7618178022612851
G+T+M,11,03173000,logNSE,
G+T+M,11,03180500,NSE,0.7259206103075737
G+T+M,11,03180500,KGE,0.36076054810568026
G+T+M,11,03180500,logNSE,0.5749122233420211
G+T+M,11,03182500,NSE,0.7344262716372081
G+T+M,11,03182500,KGE,0.6508172939790079
G+T+M,11,03182500,logNSE,
G+T+M,11,03186500,NSE,0.7233606981591592
G+T+M,11,03186500,KGE,0.7657608770835242
G+T+M,11,03186500,logNSE,0.6308851914685947
G+T+M,11,03187500,NSE,0.6802776238815125
G+T+M,11,03187500,KGE,0.7012514066437755
G+T+M,11,03187500,logNSE,0.5968705095251527
G+T+M,11,03213700,NSE,0.5612629342560573
G+T+M,11,03213700,KGE,0.6679266507455164
G+T+M,11,03213700,logNSE,
G+T+M,11,03237280,NSE,0.49316886117706993
G+T+M,11,03237280,KGE,0.2325774091795012
G+T+M,11,03237280,logNSE,
G+T+M,11,03237500,NSE,0.5797888836527486
G+T+M,11,03237500,KGE,0.6898167927022156
G+T+M,11,03237500,logNSE,
G+T+M,11,03238500,NSE,0.6246676755421121
G+T+M,11,03238500,KGE,0.6339050242345918
G+T+M,11,03238500,logNSE,
G+T+M,11,03241500,NSE,0.7356736144779679
G+T+M,11,03241500,KGE,0.35107148479744665
G+T+M,11,03241500,logNSE,
G+T+M,11,03439000,NSE,0.5561055672886139
G+T+M,11,03439000,KGE,0.2581936126384763
G+T+M,11,03439000,logNSE,0.17397272206506886
G+T+M,11,03450000,NSE,0.5248409041019944
G+T+M,11,03450000,KGE,-2.3132657984096694
G+T+M,11,03450000,logNSE,
G+T+M,11,03455500,NSE,0.452564459060917
G+T+M,11,03455500,KGE,0.317535842177733
G+T+M,11,03455500,logNSE,0.4555319574300022
G+T+M,11,03456500,NSE,0.5341635944786519
G+T+M,11,03456500,KGE,-0.2976790556290536
G+T+M,11,03456500,logNSE,0.18456928408764384
G+T+M,11,03460000,NSE,0.3922109434034525
G+T+M,11,03460000,KGE,-10.617945667275276
G+T+M,11,03460000,logNSE,0.3433726181152179
G+T+M,11,03463300,NSE,0.6728228302265686
G+T+M,11,03463300,KGE,0.4514739378422922
G+T+M,11,03463300,logNSE,0.3662334559440038
G+T+M,11,03471500,NSE,0.2947261546577996
G+T+M,11,03471500,KGE,0.4947094022874998
G+T+M,11,03471500,logNSE,
G+T+M,11,03473000,NSE,0.530193364675851
G+T+M,11,03473000,KGE,0.5662955034734789
G+T+M,11,03473000,logNSE,
G+T+M,11,03479000,NSE,0.5081180432856471
G+T+M,11,03479000,KGE,-0.7272687273942415
G+T+M,11,03479000,logNSE,
G+T+M,11,03488000,NSE,0.5297619043617692
G+T+M,11,03488000,KGE,0.6732544222547965
G+T+M,11,03488000,logNSE,
G+T+M,11,03498500,NSE,0.6184621360232906
G+T+M,11,03498500,KGE,0.29411431433477553
G+T+M,11,03498500,logNSE,
G+T+M,11,03500000,NSE,0.5708685805617806
G+T+M,11,03500000,KGE,-0.3820089178815558
G+T+M,11,03500000,logNSE,0.19819242121434988
G+T+M,11,03500240,NSE,0.44356325795052876
G+T+M,11,03500240,KGE,-2.1003245822114023
G+T+M,11,03500240,logNSE,0.16008039205059954
G+T+M,11,03504000,NSE,0.6350738870201253
G+T+M,11,03504000,KGE,0.5625078208582885
G+T+M,11,03504000,logNSE,0.37169517195852075
G+T+M,11,04105700,NSE,0.29894192998680336
G+T+M,11,04105700,KGE,0.5561115224404418
G+T+M,11,04105700,logNSE,
G+T+M,11,04115265,NSE,0.5499896230716507
G+T+M,11,04115265,KGE,0.7615055738619664
G+T+M,11,04115265,logNSE,
G+T+M,11,04122200,NSE,0.5356199251144542
G+T+M,11,04122200,KGE,0.6774619820274215
G+T+M,11,04122200,logNSE,
G+T+M,11,04185000,NSE,0.5477844410260876
G+T+M,11,04185000,KGE,0.6984372183864798
G+T+M,11,04185000,logNSE,
G+T+M,11,04196800,NSE,0.6171944176154107
G+T+M,11,04196800,KGE,-0.6630566416355108
G+T+M,11,04196800,logNSE,
G+T+M,11,04197100,NSE,0.6661583567204432
G+T+M,11,04197100,KGE,-0.04493363052021504
G+T+M,11,04197100,logNSE,
G+T+M,11,04197170,NSE,0.555924933161192
G+T+M,11,04197170,KGE,0.462395629148997
G+T+M,11,04197170,logNSE,
G+T+M,11,04213000,NSE,0.611051972662207
G+T+M,11,04213000,KGE,0.18399185110337213
G+T+M,11,04213000,logNSE,0.5028018884246688
G+T+M,11,04213075,NSE,0.19277716734404116
G+T+M,11,04213075,KGE,-1.5477847156446685
G+T+M,11,04213075,logNSE,0.223104966958528
G+T+M,11,04216418,NSE,0.4757482691456142
G+T+M,11,04216418,KGE,-38.807350601709416
G+T+M,11,04216418,logNSE,
G+T+M,11,04221000,NSE,0.617676307973605
G+T+M,11,04221000,KGE,0.45698005810910924
G+T+M,11,04221000,logNSE,
G+T+M,11,04224775,NSE,0.5045786799378073
G+T+M,11,04224775,KGE,0.42353088733553634
G+T+M,11,04224775,logNSE,
G+T+M,11,04233000,NSE,0.5356162401952722
G+T+M,11,04233000,KGE,-0.2569724709478671
G+T+M,11,04233000,logNSE,
G+T+M,11,04256000,NSE,0.7390448479990206
G+T+M,11,04256000,KGE,0.5847961340726227
G+T+M,11,04256000,logNSE,0.6134895628698058
G+T+M,11,04296000,NSE,0.6477333430046956
G+T+M,11,04296000,KGE,0.4514184690320343
G+T+M,11,04296000,logNSE,0.5897502863988981
G+T+M,13,01030500,NSE,0.6694468104742017
G+T+M,13,01030500,KGE,0.36177101662586064
G+T+M,13,01030500,logNSE,0.7238307586337955
G+T+M,13,01031500,NSE,0.7066263734090976
G+T+M,13,01031500,KGE,0.4371725681028127
G+T+M,13,01031500,logNSE,0.6580531741795788
G+T+M,13,01047000,NSE,0.757660902023835
G+T+M,13,01047000,KGE,0.5995744074408145
G+T+M,13,01047000,logNSE,0.7328673718365297
G+T+M,13,01052500,NSE,0.7028660593652366
G+T+M,13,01052500,KGE,0.6086671006093503
G+T+M,13,01052500,logNSE,0.6864154733999709
G+T+M,13,01054200,NSE,0.5389603611380569
G+T+M,13,01054200,KGE,0.5214431888919075
G+T+M,13,01054200,logNSE,0.5799906336767521
G+T+M,13,01055000,NSE,0.6147236226332083
G+T+M,13,01055000,KGE,0.444748974162698
G+T+M,13,01055000,logNSE,0.640902031960748
G+T+M,13,01057000,NSE,0.7395158724248679
G+T+M,13,01057000,KGE,0.6486265397413333
G+T+M,13,01057000,logNSE,0.5935432262685141
G+T+M,13,01078000,NSE,0.7261977941696354
G+T+M,13,01078000,KGE,0.4408484200946152
G+T+M,13,01078000,logNSE,0.6543904711477029
G+T+M,13,01134500,NSE,0.6215817821341912
G+T+M,13,01134500,KGE,0.48993004137679386
G+T+M,13,01134500,logNSE,0.6354029591833097
G+T+M,13,01137500,NSE,0.6370862589713582
G+T+M,13,01137500,KGE,0.455871041840445
G+T+M,13,01137500,logNSE,0.4750368876131058
G+T+M,13,01139000,NSE,0.71429540940176
G+T+M,13,01139000,KGE,0.7944079633098333
G+T+M,13,01139000,logNSE,0.6454898904411975
G+T+M,13,01139800,NSE,0.48497625706237735
G+T+M,13,01139800,KGE,0.16432634895605802
G+T+M,13,01139800,logNSE,0.28388547902947625
G+T+M,13,01142500,NSE,0.6420212637478862
G+T+M,13,01142500,KGE,0.3921677695628024
G+T+M,13,01142500,logNSE,0.5711018716274585
G+T+M,13,01144000,NSE,0.6741599623418975
G+T+M,13,01144000,KGE,0.33806881561045876
G+T+M,13,01144000,logNSE,0.6125771110251771
G+T+M,13,01169000,NSE,0.5982433617290301
G+T+M,13,01169000,KGE,0.2584791235765982
G+T+M,13,01169000,logNSE,0.5661503061851758
G+T+M,13,01181000,NSE,0.5909025253609826
G+T+M,13,01181000,KGE,0.32226974798841346
G+T+M,13,01181000,logNSE,0.654116643471143
G+T+M,13,01187300,NSE,0.6416832978212595
G+T+M,13,01187300,KGE,0.6437596322318553
G+T+M,13,01187300,logNSE,0.5397545269234317
G+T+M,13,01333000,NSE,0.5774479307078348
G+T+M,13,01333000,KGE,0.3507477718888181
G+T+M,13,01333000,logNSE,0.6267283878658441
G+T+M,13,01350000,NSE,0.6979899667277175
G+T+M,13,01350000,KGE,0.7422073980060697
G+T+M,13,01350000,logNSE,0.7176992291609482
G+T+M,13,01350080,NSE,0.46274604440055467
G+T+M,13,01350080,KGE,-2.3165534725726884
G+T+M,13,01350080,logNSE,0.5131658222561951
G+T+M,13,01350140,NSE,0.4265016096139429
G+T+M,13,01350140,KGE,0.5884823162616464
G+T+M,13,01350140,logNSE,0.5284106405206058
G+T+M,13,01365000,NSE,0.7218942672552624
G+T+M,13,01365000,KGE,0.5842581260022465
G+T+M,13,01365000,logNSE,0.5723844734105732
G+T+M,13,01411300,NSE,-0.03832195151604867
G+T+M,13,01411300,KGE,0.3008630042248872
G+T+M,13,01411300,logNSE,
G+T+M,13,01413500,NSE,0.6198666327307598
G+T+M,13,01413500,KGE,0.7878256123943569
G+T+M,13,01413500,logNSE,0.6666874742388946
G+T+M,13,01414500,NSE,0.5850245756861077
G+T+M,13,01414500,KGE,0.734496147832936
G+T+M,13,01414500,logNSE,0.5471008509209974
G+T+M,13,01415000,NSE,0.6836841262485784
G+T+M,13,01415000,KGE,0.7109281674169647
G+T+M,13,01415000,logNSE,0.5723742462008836
G+T+M,13,01423000,NSE,0.6899581329096819
G+T+M,13,01423000,KGE,0.6517162733167757
G+T+M,13,01423000,logNSE,0.5929386120615443
G+T+M,13,01434025,NSE,0.4032072865667813
G+T+M,13,01434025,KGE,0.4001389867929761
G+T+M,13,01434025,logNSE,0.5689866446308184
G+T+M,13,01435000,NSE,0.6477881794682592
G+T+M,13,01435000,KGE,0.5884011685567109
G+T+M,13,01435000,logNSE,0.7041374968602416
G+T+M,13,01439500,NSE,0.8101976523952713
G+T+M,13,01439500,KGE,0.6720787828357038
G+T+M,13,01439500,logNSE,0.6924607252488546
G+T+M,13,01440000,NSE,0.7874430817560472
G+T+M,13,01440000,KGE,0.7825047472301221
G+T+M,13,01440000,logNSE,0.7344679441448676
G+T+M,13,01440400,NSE,0.6724216486784143
G+T+M,13,01440400,KGE,0.49157381478297846
G+T+M,13,01440400,logNSE,0.7208363367129893
G+T+M,13,01451800,NSE,0.78172310024412
G+T+M,13,01451800,KGE,0.7148951442423392
G+T+M,13,01451800,logNSE,0.6044863665302
G+T+M,13,01466500,NSE,-0.7360209281947585
G+T+M,13,01466500,KGE,0.27749750174976207
G+T+M,13,01466500,logNSE,
G+T+M,13,01484100,NSE,0.3107541035498742
G+T+M,13,01484100,KGE,0.5332655061251179
G+T+M,13,01484100,logNSE,
G+T+M,13,01485500,NSE,0.6502568938608995
G+T+M,13,01485500,KGE,0.6874825493253014
G+T+M,13,01485500,logNSE,
G+T+M,13,01487000,NSE,0.5366192429205361
G+T+M,13,01487000,KGE,0.6360479985768024
G+T+M,13,01487000,logNSE,
G+T+M,13,01491000,NSE,0.7360311855741248
G+T+M,13,01491000,KGE,0.659128654053442
G+T+M,13,01491000,logNSE,
G+T+M,13,01510000,NSE,0.6949087435435879
G+T+M,13,01510000,KGE,0.6962796430231166
G+T+M,13,01510000,logNSE,0.6582655433966869
G+T+M,13,01516500,NSE,0.5963924827657239
G+T+M,13,01516500,KGE,0.5639118326449765
G+T+M,13,01516500,logNSE,
G+T+M,13,01518862,NSE,0.6082233148589979
G+T+M,13,01518862,KGE,0.6529637104382612
G+T+M,13,01518862,logNSE,
G+T+M,13,01532000,NSE,0.7512570399501076
G+T+M,13,01532000,KGE,0.7357861674560778
G+T+M,13,01532000,logNSE,
G+T+M,13,01539000,NSE,0.5752639128883321
G+T+M,13,01539000,KGE,0.4764890720938605
G+T+M,13,01539000,logNSE,0.6774901262633064
G+T+M,13,01542810,NSE,0.5789414982340422
G+T+M,13,01542810,KGE,-2.5177899153100887
G+T+M,13,01542810,logNSE,
G+T+M,13,01543000,NSE,0.734803659199921
G+T+M,13,01543000,KGE,-1.0205193719858632
G+T+M,13,01543000,logNSE,0.6547004367191707
G+T+M,13,01543500,NSE,0.744461018000057
G+T+M,13,01543500,KGE,-5.813242567917501
G+T+M,13,01543500,logNSE,0.6131403578579753
G+T+M,13,01544500,NSE,0.6813783760508717
G+T+M,13,01544500,KGE,0.6796831419311697
G+T+M,13,01544500,logNSE,
G+T+M,13,01545600,NSE,0.6035292592294037
G+T+M,13,01545600,KGE,0.4283581211342732
G+T+M,13,01545600,logNSE,
G+T+M,13,01547700,NSE,0.5980498104911199
G+T+M,13,01547700,KGE,0.6101776676605177
G+T+M,13,01547700,logNSE,
G+T+M,13,01548500,NSE,0.737696240892094
G+T+M,13,01548500,KGE,0.7994464503567643
G+T+M,13,01548500,logNSE,
G+T+M,13,01549500,NSE,0.6918096272303794
G+T+M,13,01549500,KGE,-0.3884478757899936
G+T+M,13,01549500,logNSE,
G+T+M,13,01550000,NSE,0.7432044223857454
G+T+M,13,01550000,KGE,-3.732116966650133
G+T+M,13,01550000,logNSE,
G+T+M,13,01552000,NSE,0.7343057347866188
G+T+M,13,01552000,KGE,0.12315960976681761
G+T+M,13,01552000,logNSE,0.6395042051756835
G+T+M,13,01552500,NSE,0.6696338370947322
G+T+M,13,01552500,KGE,0.6033519699333635
G+T+M,13,01552500,logNSE,0.6173736362346414
G+T+M,13,01557500,NSE,0.6651552031820678
G+T+M,13,01557500,KGE,0.7017664949036521
G+T+M,13,01557500,logNSE,
G+T+M,13,01567500,NSE,0.6955045170345611
G+T+M,13,01567500,KGE,0.7626084581627561
G+T+M,13,01567500,logNSE,
G+T+M,13,01568000,NSE,0.775343436486591
G+T+M,13,01568000,KGE,0.7741323418719801
G+T+M,13,01568000,logNSE,
G+T+M,13,01580000,NSE,0.5083356218670299
G+T+M,13,01580000,KGE,0.26535306601169895
G+T+M,13,01580000,logNSE,
G+T+M,13,01583500,NSE,0.34375609295639475
G+T+M,13,01583500,KGE,0.4369206283881272
G+T+M,13,01583500,logNSE,
G+T+M,13,01586610,NSE,0.4301841714471387
G+T+M,13,01586610,KGE,0.5048444669244101
G+T+M,13,01586610,logNSE,
G+T+M,13,01591400,NSE,0.4918012528688005
G+T+M,13,01591400,KGE,0.5943611264340797
G+T+M,13,01591400,logNSE,
G+T+M,13,01594950,NSE,0.7224538970425504
G+T+M,13,01594950,KGE,0.19092587701431607
G+T+M,13,01594950,logNSE,0.6063147778877651
G+T+M,13,01596500,NSE,0.6720579930254015
G+T+M,13,01596500,KGE,-0.03815969488777404
G+T+M,13,01596500,logNSE,
G+T+M,13,01605500,NSE,0.5177530814703493
G+T+M,13,01605500,KGE,0.5613647290708461
G+T+M,13,01605500,logNSE,
G+T+M,13,01606500,NSE,0.5924151100253361
G+T+M,13,01606500,KGE,0.679554307027217
G+T+M,13,01606500,logNSE,
G+T+M,13,01613050,NSE,0.6049433710239905
G+T+M,13,01613050,KGE,0.5706796989321412
G+T+M,13,01613050,logNSE,
G+T+M,13,01620500,NSE,0.5236607541985754
G+T+M,13,01620500,KGE,0.5476904940247334
G+T+M,13,01620500,logNSE,
G+T+M,13,01632000,NSE,0.39969644208998356
G+T+M,13,01632000,KGE,0.4401456984219919
G+T+M,13,01632000,logNSE,
G+T+M,13,01632900,NSE,0.15931906678648078
G+T+M,13,01632900,KGE,0.5680727591776789
G+T+M,13,01632900,logNSE,
G+T+M,13,01634500,NSE,0.47476336998761204
G+T+M,13,01634500,KGE,0.6495310815991027
G+T+M,13,01634500,logNSE,
G+T+M,13,01638480,NSE,0.3797977960490596
G+T+M,13,01638480,KGE,0.39366266458203525
G+T+M,13,01638480,logNSE,
G+T+M,13,01639500,NSE,0.5367515641868974
G+T+M,13,01639500,KGE,0.5655103250329294
G+T+M,13,01639500,logNSE,
G+T+M,13,01644000,NSE,0.5734643837303343
G+T+M,13,01644000,KGE,0.632696056562643
G+T+M,13,01644000,logNSE,
G+T+M,13,01658500,NSE,0.33279983293501525
G+T+M,13,01658500,KGE,0.34523920244920103
G+T+M,13,01658500,logNSE,
G+T+M,13,01664000,NSE,0.63904296199955
G+T+M,13,01664000,KGE,0.6245789750076158
G+T+M,13,01664000,logNSE,
G+T+M,13,01666500,NSE,0.5701005758911246
G+T+M,13,01666500,KGE,0.6266127672217536
G+T+M,13,01666500,logNSE,
G+T+M,13,01667500,NSE,0.6242983694134714
G+T+M,13,01667500,KGE,0.6451534831287011
G+T+M,13,01667500,logNSE,
G+T+M,13,01669000,NSE,0.4512541896061557
G+T+M,13,01669000,KGE,0.6344321335135107
G+T+M,13,01669000,logNSE,
G+T+M,13,01669520,NSE,0.5199778078947352
G+T+M,13,01669520,KGE,0.6731714425194109
G+T+M,13,01669520,logNSE,
G+T+M,13,02011400,NSE,0.6306783331632221
G+T+M,13,02011400,KGE,0.7241470417868693
G+T+M,13,02011400,logNSE,
G+T+M,13,02011460,NSE,0.5241427723202718
G+T+M,13,02011460,KGE,0.5574386587067159
G+T+M,13,02011460,logNSE,
G+T+M,13,02013000,NSE,0.6442440411062788
G+T+M,13,02013000,KGE,0.6970820751432527
G+T+M,13,02013000,logNSE,
G+T+M,13,02014000,NSE,0.5841406347961328
G+T+M,13,02014000,KGE,0.5879718151299846
G+T+M,13,02014000,logNSE,
G+T+M,13,02015700,NSE,0.6362252062653241
G+T+M,13,02015700,KGE,0.5497499995777752
G+T+M,13,02015700,logNSE,
G+T+M,13,02016000,NSE,0.7026749903377933
G+T+M,13,02016000,KGE,0.5194560093171037
G+T+M,13,02016000,logNSE,
G+T+M,13,02017500,NSE,0.6679187835166789
G+T+M,13,02017500,KGE,0.6509529033790977
G+T+M,13,02017500,logNSE,
G+T+M,13,02018000,NSE,0.6453092082928814
G+T+M,13,02018000,KGE,0.7296677105633371
G+T+M,13,02018000,logNSE,
G+T+M,13,02027000,NSE,0.4427066932735959
G+T+M,13,02027000,KGE,0.3776675118230033
G+T+M,13,02027000,logNSE,
G+T+M,13,02027500,NSE,0.4830649499795936
G+T+M,13,02027500,KGE,0.21851487060639052
G+T+M,13,02027500,logNSE,
G+T+M,13,02028500,NSE,0.5124756177929779
G+T+M,13,02028500,KGE,0.552965160664848
G+T+M,13,02028500,logNSE,
G+T+M,13,02038850,NSE,0.4307775656975644
G+T+M,13,02038850,KGE,0.5434144327449497
G+T+M,13,02038850,logNSE,
G+T+M,13,02046000,NSE,0.6183631057185812
G+T+M,13,02046000,KGE,0.6060318279726771
G+T+M,13,02046000,logNSE,
G+T+M,13,02051000,NSE,0.3965055653356877
G+T+M,13,02051000,KGE,0.3814503181586322
G+T+M,13,02051000,logNSE,
G+T+M,13,02051500,NSE,0.510325846344748
G+T+M,13,02051500,KGE,0.6444338879802859
G+T+M,13,02051500,logNSE,
G+T+M,13,02053200,NSE,0.4789903940852638
G+T+M,13,02053200,KGE,0.6598359461418226
G+T+M,13,02053200,logNSE,
G+T+M,13,02053800,NSE,0.5412116297084277
G+T+M,13,02053800,KGE,0.6540211906614108
G+T+M,13,02053800,logNSE,
G+T+M,13,02055100,NSE,0.5551652435046392
G+T+M,13,02055100,KGE,0.6898294878298856
G+T+M,13,02055100,logNSE,
G+T+M,13,02056900,NSE,0.5845265001536355
G+T+M,13,02056900,KGE,0.5971197071184617
G+T+M,13,02056900,logNSE,
G+T+M,13,02059500,NSE,0.31274417812941213
G+T+M,13,02059500,KGE,0.6476974219251971
G+T+M,13,02059500,logNSE,
G+T+M,13,02064000,NSE,0.5297647344128436
G+T+M,13,02064000,KGE,0.60500126770678
G+T+M,13,02064000,logNSE,
G+T+M,13,02065500,NSE,0.21346530947610398
G+T+M,13,02065500,KGE,0.49553271569962454
G+T+M,13,02065500,logNSE,
G+T+M,13,02069700,NSE,0.29794889769337396
G+T+M,13,02069700,KGE,0.38066827244513934
G+T+M,13,02069700,logNSE,
G+T+M,13,02070000,NSE,0.3695522966193687
G+T+M,13,02070000,KGE,0.5726657979173766
G+T+M,13,02070000,logNSE,
G+T+M,13,02074500,NSE,0.2883817487206919
G+T+M,13,02074500,KGE,0.46852217699226917
G+T+M,13,02074500,logNSE,
G+T+M,13,02077200,NSE,0.49059375059418264
G+T+M,13,02077200,KGE,0.5329423623051588
G+T+M,13,02077200,logNSE,
G+T+M,13,02081500,NSE,0.5657265560303975
G+T+M,13,02081500,KGE,0.7318232938612104
G+T+M,13,02081500,logNSE,
G+T+M,13,02082950,NSE,0.457792474870112
G+T+M,13,02082950,KGE,0.7216381901223736
G+T+M,13,02082950,logNSE,
G+T+M,13,02096846,NSE,0.2699970877436898
G+T+M,13,02096846,KGE,0.5380956301538689
G+T+M,13,02096846,logNSE,
G+T+M,13,02111180,NSE,0.3661970722727431
G+T+M,13,02111180,KGE,-0.2896029460070815
G+T+M,13,02111180,logNSE,
G+T+M,13,02111500,NSE,0.3142127835255407
G+T+M,13,02111500,KGE,0.2430578544776425
G+T+M,13,02111500,logNSE,
G+T+M,13,02112120,NSE,0.08807785804142565
G+T+M,13,02112120,KGE,0.22001512123553113
G+T+M,13,02112120,logNSE,
G+T+M,13,02112360,NSE,0.346043194263824
G+T+M,13,02112360,KGE,0.055067201421349576
G+T+M,13,02112360,logNSE,
G+T+M,13,02118500,NSE,0.39550537276398057
G+T+M,13,02118500,KGE,0.46826716873583885
G+T+M,13,02118500,logNSE,
G+T+M,13,02125000,NSE,0.45190312582946524
G+T+M,13,02125000,KGE,0.4487139111249061
G+T+M,13,02125000,logNSE,
G+T+M,13,02128000,NSE,0.41339715875859095
G+T+M,13,02128000,KGE,0.5624739948648934
G+T+M,13,02128000,logNSE,
G+T+M,13,02137727,NSE,0.5397315061105601
G+T+M,13,02137727,KGE,-0.5336278573977173
G+T+M,13,02137727,logNSE,
G+T+M,13,02140991,NSE,0.4872482027345578
G+T+M,13,02140991,KGE,0.12119831185295071
G+T+M,13,02140991,logNSE,
G+T+M,13,02143000,NSE,0.5179083372882272
G+T+M,13,02143000,KGE,0.3633089693293077
G+T+M,13,02143000,logNSE,
G+T+M,13,02143040,NSE,0.5129786535239391
G+T+M,13,02143040,KGE,-0.26953119295384753
G+T+M,13,02143040,logNSE,
G+T+M,13,02149000,NSE,0.3222615502199555
G+T+M,13,02149000,KGE,0.07916294172418414
G+T+M,13,02149000,logNSE,
G+T+M,13,02152100,NSE,0.41553678213800593
G+T+M,13,02152100,KGE,0.37882718570677976
G+T+M,13,02152100,logNSE,
G+T+M,13,02177000,NSE,0.5260830024987739
G+T+M,13,02177000,KGE,0.39273093664203806
G+T+M,13,02177000,logNSE,0.31939916467623153
G+T+M,13,02178400,NSE,0.6051755106368994
G+T+M,13,02178400,KGE,0.507151043998104
G+T+M,13,02178400,logNSE,0.44946198297184703
G+T+M,13,03010655,NSE,0.6725497061071926
G+T+M,13,03010655,KGE,0.3616482693257076
G+T+M,13,03010655,logNSE,
G+T+M,13,03011800,NSE,0.6464899925356887
G+T+M,13,03011800,KGE,0.16244847804213558
G+T+M,13,03011800,logNSE,0.6758199223018714
G+T+M,13,03015500,NSE,0.700473970211949
G+T+M,13,03015500,KGE,0.43913833908096367
G+T+M,13,03015500,logNSE,0.6832372045771384
G+T+M,13,03021350,NSE,0.5407508418929632
G+T+M,13,03021350,KGE,0.3669612367545747
G+T+M,13,03021350,logNSE,0.6076702559305079
G+T+M,13,03026500,NSE,0.6736331758647305
G+T+M,13,03026500,KGE,-0.8987268224347924
G+T+M,13,03026500,logNSE,0.5845910970801211
G+T+M,13,03028000,NSE,0.7456134541289949
G+T+M,13,03028000,KGE,0.3977297480759818
G+T+M,13,03028000,logNSE,0.6916691742776179
G+T+M,13,03049000,NSE,0.7199030135864974
G+T+M,13,03049000,KGE,0.7125785442314783
G+T+M,13,03049000,logNSE,
G+T+M,13,03049800,NSE,0.48375100523934866
G+T+M,13,03049800,KGE,0.03679765127133516
G+T+M,13,03049800,logNSE,
G+T+M,13,03050000,NSE,0.754421423364313
G+T+M,13,03050000,KGE,0.3744406560891538
G+T+M,13,03050000,logNSE,0.6283790488770158
G+T+M,13,03066000,NSE,0.700960677144181
G+T+M,13,03066000,KGE,0.6221340560462878
G+T+M,13,03066000,logNSE,0.636625324008909
G+T+M,13,03069500,NSE,0.7714446058980309
G+T+M,13,03069500,KGE,0.5853781987833125
G+T+M,13,03069500,logNSE,0.7300625565578709
G+T+M,13,03070500,NSE,0.7699958260690449
G+T+M,13,03070500,KGE,0.7162119056072442
G+T+M,13,03070500,logNSE,0.7331846545663637
G+T+M,13,03076600,NSE,0.6657863656835159
G+T+M,13,03076600,KGE,0.21650223515464861
G+T+M,13,03076600,logNSE,0.6495102829375369
G+T+M,13,03078000,NSE,0.7171954320032448
G+T+M,13,03078000,KGE,0.4888213043609564
G+T+M,13,03078000,logNSE,0.6575015438532805
G+T+M,13,03140000,NSE,0.6592728529127942
G+T+M,13,03140000,KGE,0.6456521237437383
G+T+M,13,03140000,logNSE,
G+T+M,13,03144000,NSE,0.632898501319658
G+T+M,13,03144000,KGE,0.5307304056359915
G+T+M,13,03144000,logNSE,
G+T+M,13,03159540,NSE,0.7056868633901934
G+T+M,13,03159540,KGE,0.6834279422029498
G+T+M,13,03159540,logNSE,
G+T+M,13,03161000,NSE,0.6300088949997258
G+T+M,13,03161000,KGE,-24.730381215928933
G+T+M,13,03161000,logNSE,
G+T+M,13,03164000,NSE,0.6000214269649081
G+T+M,13,03164000,KGE,0.4350015311539698
G+T+M,13,03164000,logNSE,
G+T+M,13,03165000,NSE,0.5698043229022692
G+T+M,13,03165000,KGE,0.32313395211032825
G+T+M,13,03165000,logNSE,
G+T+M,13,03170000,NSE,0.5692787104750856
G+T+M,13,03170000,KGE,0.693616555145796
G+T+M,13,03170000,logNSE,
G+T+M,13,03173000,NSE,0.48364311753086675
G+T+M,13,03173000,KGE,0.7178221257123103
G+T+M,13,03173000,logNSE,
G+T+M,13,03180500,NSE,0.7419496684668473
G+T+M,13,03180500,KGE,0.401210696087983
G+T+M,13,03180500,logNSE,0.637010597926998
G+T+M,13,03182500,NSE,0.708194113915335
G+T+M,13,03182500,KGE,-0.1894112916244972
G+T+M,13,03182500,logNSE,
G+T+M,13,03186500,NSE,0.7084610722850161
G+T+M,13,03186500,KGE,0.6468598661184743
G+T+M,13,03186500,logNSE,0.6610411574838642
G+T+M,13,03187500,NSE,0.6693255255610198
G+T+M,13,03187500,KGE,0.49115943650315297
G+T+M,13,03187500,logNSE,0.5960112991090509
G+T+M,13,03213700,NSE,0.6045663665754127
G+T+M,13,03213700,KGE,0.671802678834946
G+T+M,13,03213700,logNSE,
G+T+M,13,03237280,NSE,0.48597840054077257
G+T+M,13,03237280,KGE,0.3251521705041127
G+T+M,13,03237280,logNSE,
G+T+M,13,03237500,NSE,0.5741518856331973
G+T+M,13,03237500,KGE,0.5153132225933437
G+T+M,13,03237500,logNSE,
G+T+M,13,03238500,NSE,0.5991294858048863
G+T+M,13,03238500,KGE,0.23797473180252138
G+T+M,13,03238500,logNSE,
G+T+M,13,03241500,NSE,0.7253488969086475
G+T+M,13,03241500,KGE,0.5777468223571247
G+T+M,13,03241500,logNSE,
G+T+M,13,03439000,NSE,0.6151954171718698
G+T+M,13,03439000,KGE,0.43205593408063525
G+T+M,13,03439000,logNSE,0.2761786831964629
G+T+M,13,03450000,NSE,0.547887000690861
G+T+M,13,03450000,KGE,0.3013050758955249
G+T+M,13,03450000,logNSE,
G+T+M,13,03455500,NSE,0.5156023589224867
G+T+M,13,03455500,KGE,0.5852830468326233
G+T+M,13,03455500,logNSE,0.5348130880236508
G+T+M,13,03456500,NSE,0.5973320761874188
G+T+M,13,03456500,KGE,0.2987478331072795
G+T+M,13,03456500,logNSE,0.42383543648169064
G+T+M,13,03460000,NSE,0.457354282214516
G+T+M,13,03460000,KGE,-5.161317465425348
G+T+M,13,03460000,logNSE,0.39595563439468306
G+T+M,13,03463300,NSE,0.6867436395568836
G+T+M,13,03463300,KGE,0.6059793547149521
G+T+M,13,03463300,logNSE,0.48378197709417103
G+T+M,13,03471500,NSE,0.18758933173310854
G+T+M,13,03471500,KGE,0.5445886955801877
G+T+M,13,03471500,logNSE,
G+T+M,13,03473000,NSE,0.5282005191063723
G+T+M,13,03473000,KGE,0.6474776604090806
G+T+M,13,03473000,logNSE,
G+T+M,13,03479000,NSE,0.5490940109701293
G+T+M,13,03479000,KGE,0.05008194150714029
G+T+M,13,03479000,logNSE,
G+T+M,13,03488000,NSE,0.47956415891423576
G+T+M,13,03488000,KGE,0.654233922156096
G+T+M,13,03488000,logNSE,
G+T+M,13,03498500,NSE,0.6652328477248617
G+T+M,13,03498500,KGE,0.7680501009590193
G+T+M,13,03498500,logNSE,
G+T+M,13,03500000,NSE,0.6056364159839913
G+T+M,13,03500000,KGE,0.3251382463903576
G+T+M,13,03500000,logNSE,0.42086402237197285
G+T+M,13,03500240,NSE,0.46972778915499835
G+T+M,13,03500240,KGE,-1.0128542559425413
G+T+M,13,03500240,logNSE,0.29299431940683607
G+T+M,13,03504000,NSE,0.6455157718495623
G+T+M,13,03504000,KGE,0.7162630052847163
G+T+M,13,03504000,logNSE,0.5395712012381719
G+T+M,13,04105700,NSE,0.2507005730223545
G+T+M,13,04105700,KGE,0.5081594057685863
G+T+M,13,04105700,logNSE,
G+T+M,13,04115265,NSE,0.5526622787253614
G+T+M,13,04115265,KGE,0.7757221251940765
G+T+M,13,04115265,logNSE,
G+T+M,13,04122200,NSE,0.43840130899254615
G+T+M,13,04122200,KGE,0.6730838089765449
G+T+M,13,04122200,logNSE,
G+T+M,13,04185000,NSE,0.5705583739922909
G+T+M,13,04185000,KGE,0.7427767443625894
G+T+M,13,04185000,logNSE,
G+T+M,13,04196800,NSE,0.6503858317993031
G+T+M,13,04196800,KGE,0.37647055125784157
G+T+M,13,04196800,logNSE,
G+T+M,13,04197100,NSE,0.6884699620289021
G+T+M,13,04197100,KGE,0.19016563717053614
G+T+M,13,04197100,logNSE,
G+T+M,13,04197170,NSE,0.5473776730028937
G+T+M,13,04197170,KGE,0.46194058063653376
G+T+M,13,04197170,logNSE,
G+T+M,13,04213000,NSE,0.5881832057832642
G+T+M,13,04213000,KGE,0.21844973354355401
G+T+M,13,04213000,logNSE,0.48992351613539686
G+T+M,13,04213075,NSE,0.14727074102499726
G+T+M,13,04213075,KGE,-2.0305364261741015
G+T+M,13,04213075,logNSE,0.12510893355521102
G+T+M,13,04216418,NSE,0.4912356204567394
G+T+M,13,04216418,KGE,-27.806029721600485
G+T+M,13,04216418,logNSE,
G+T+M,13,04221000,NSE,0.675819556898348
G+T+M,13,04221000,KGE,0.6741881079062476
G+T+M,13,04221000,logNSE,
G+T+M,13,04224775,NSE,0.574170799332625
G+T+M,13,04224775,KGE,0.5746288071099817
G+T+M,13,04224775,logNSE,
G+T+M,13,04233000,NSE,0.6258846545914987
G+T+M,13,04233000,KGE,0.3179393770631216
G+T+M,13,04233000,logNSE,
G+T+M,13,04256000,NSE,0.7301039615457686
G+T+M,13,04256000,KGE,0.5519428558120456
G+T+M,13,04256000,logNSE,0.6396784972294867
G+T+M,13,04296000,NSE,0.6740055611316063
G+T+M,13,04296000,KGE,0.39284878684214375
G+T+M,13,04296000,logNSE,0.6396351804783355
G+T+M,17,01030500,NSE,0.6685000696195731
G+T+M,17,01030500,KGE,0.7233874016379103
G+T+M,17,01030500,logNSE,0.7167916493312702
G+T+M,17,01031500,NSE,0.7398542647363642
G+T+M,17,01031500,KGE,0.6711486718023547
G+T+M,17,01031500,logNSE,0.6423657865802813
G+T+M,17,01047000,NSE,0.7831266476025505
G+T+M,17,01047000,KGE,0.7734639433566011
G+T+M,17,01047000,logNSE,0.7340139870742324
G+T+M,17,01052500,NSE,0.731497010053783
G+T+M,17,01052500,KGE,0.7561427306417663
G+T+M,17,01052500,logNSE,0.654933159974459
G+T+M,17,01054200,NSE,0.563447746274049
G+T+M,17,01054200,KGE,0.595393736018426
G+T+M,17,01054200,logNSE,0.5489067699592554
G+T+M,17,01055000,NSE,0.6110026745143599
G+T+M,17,01055000,KGE,0.5211307989705638
G+T+M,17,01055000,logNSE,0.6329053446549446
G+T+M,17,01057000,NSE,0.7495651415619338
G+T+M,17,01057000,KGE,0.7740466583349844
G+T+M,17,01057000,logNSE,0.5653970482036375
G+T+M,17,01078000,NSE,0.7376011225192737
G+T+M,17,01078000,KGE,0.4515998913418736
G+T+M,17,01078000,logNSE,0.627747366006546
G+T+M,17,01134500,NSE,0.6954752014140102
G+T+M,17,01134500,KGE,0.7024875944881748
G+T+M,17,01134500,logNSE,0.645839592881583
G+T+M,17,01137500,NSE,0.6549081904770673
G+T+M,17,01137500,KGE,0.5262511641554379
G+T+M,17,01137500,logNSE,0.5817311686669135
G+T+M,17,01139000,NSE,0.7130506505504838
G+T+M,17,01139000,KGE,0.8430305924124655
G+T+M,17,01139000,logNSE,0.6143888835174841
G+T+M,17,01139800,NSE,0.5290412311768011
G+T+M,17,01139800,KGE,0.36514456200102596
G+T+M,17,01139800,logNSE,0.33272280744205696
G+T+M,17,01142500,NSE,0.7073526333025856
G+T+M,17,01142500,KGE,0.47536191986883236
G+T+M,17,01142500,logNSE,0.5417611594817824
G+T+M,17,01144000,NSE,0.7061600046459491
G+T+M,17,01144000,KGE,0.40406051719730707
G+T+M,17,01144000,logNSE,0.6037455395696569
G+T+M,17,01169000,NSE,0.6183553210606002
G+T+M,17,01169000,KGE,0.31050591196101673
G+T+M,17,01169000,logNSE,0.5053309124248782
G+T+M,17,01181000,NSE,0.60509618674496
G+T+M,17,01181000,KGE,0.3304996774358151
G+T+M,17,01181000,logNSE,0.6510939937250046
G+T+M,17,01187300,NSE,0.6395700363902664
G+T+M,17,01187300,KGE,0.6646027871368976
G+T+M,17,01187300,logNSE,0.5401529415579017
G+T+M,17,01333000,NSE,0.6077824825459344
G+T+M,17,01333000,KGE,0.3641863586355263
G+T+M,17,01333000,logNSE,0.6050685557980334
G+T+M,17,01350000,NSE,0.6968697927342569
G+T+M,17,01350000,KGE,0.7532185618083159
G+T+M,17,01350000,logNSE,0.7123150999551299
G+T+M,17,01350080,NSE,0.3792718539640362
G+T+M,17,01350080,KGE,-3.016723296936874
G+T+M,17,01350080,logNSE,0.46616526068008746
G+T+M,17,01350140,NSE,0.2934358819063665
G+T+M,17,01350140,KGE,0.32053301884304763
G+T+M,17,01350140,logNSE,0.4365248565814489
G+T+M,17,01365000,NSE,0.7199115928066373
G+T+M,17,01365000,KGE,0.6484240163244934
G+T+M,17,01365000,logNSE,0.5907436968400932
G+T+M,17,01411300,NSE,-0.05507269216850119
G+T+M,17,01411300,KGE,0.36404160106189487
G+T+M,17,01411300,logNSE,
G+T+M,17,01413500,NSE,0.5488083460340645
G+T+M,17,01413500,KGE,0.5905369191217886
G+T+M,17,01413500,logNSE,0.6476968929386256
G+T+M,17,01414500,NSE,0.5224924609725439
G+T+M,17,01414500,KGE,0.5917549717999979
G+T+M,17,01414500,logNSE,0.5065827829809898
G+T+M,17,01415000,NSE,0.6708560350723098
G+T+M,17,01415000,KGE,0.8003242502125936
G+T+M,17,01415000,logNSE,0.549484420102774
G+T+M,17,01423000,NSE,0.6866758023966286
G+T+M,17,01423000,KGE,0.8053260750367546
G+T+M,17,01423000,logNSE,0.6179473965499133
G+T+M,17,01434025,NSE,0.4104776543290585
G+T+M,17,01434025,KGE,0.4298814942728666
G+T+M,17,01434025,logNSE,0.5920922810590283
G+T+M,17,01435000,NSE,0.6306782244156033
G+T+M,17,01435000,KGE,0.6593984507446912
G+T+M,17,01435000,logNSE,0.6633619691163435
G+T+M,17,01439500,NSE,0.7904203259217739
G+T+M,17,01439500,KGE,0.7693714348018849
G+T+M,17,01439500,logNSE,0.6351160512069649
G+T+M,17,01440000,NSE,0.7594427494970108
G+T+M,17,01440000,KGE,0.8086707393386885
G+T+M,17,01440000,logNSE,0.6696607001218144
G+T+M,17,01440400,NSE,0.6856891665985679
G+T+M,17,01440400,KGE,0.5554481590705835
G+T+M,17,01440400,logNSE,0.6777280949161022
G+T+M,17,01451800,NSE,0.7367958025395045
G+T+M,17,01451800,KGE,0.7496098054016788
G+T+M,17,01451800,logNSE,0.5006071113131749
G+T+M,17,01466500,NSE,-0.6802341085761738
G+T+M,17,01466500,KGE,0.3068750599436735
G+T+M,17,01466500,logNSE,
G+T+M,17,01484100,NSE,0.256670827380183
G+T+M,17,01484100,KGE,0.565000720699262
G+T+M,17,01484100,logNSE,
G+T+M,17,01485500,NSE,0.6552468229175079
G+T+M,17,01485500,KGE,0.7893937367710866
G+T+M,17,01485500,logNSE,
G+T+M,17,01487000,NSE,0.5170677467735928
G+T+M,17,01487000,KGE,0.7013282435652417
G+T+M,17,01487000,logNSE,
G+T+M,17,01491000,NSE,0.7285609096496966
G+T+M,17,01491000,KGE,0.8272806936517251
G+T+M,17,01491000,logNSE,
G+T+M,17,01510000,NSE,0.6601159701537034
G+T+M,17,01510000,KGE,0.47843138896480975
G+T+M,17,01510000,logNSE,0.5463751226993454
G+T+M,17,01516500,NSE,0.5227022487510928
G+T+M,17,01516500,KGE,0.36626142834413333
G+T+M,17,01516500,logNSE,
G+T+M,17,01518862,NSE,0.4664245543355824
G+T+M,17,01518862,KGE,0.2923520042121507
G+T+M,17,01518862,logNSE,
G+T+M,17,01532000,NSE,0.6594785800342009
G+T+M,17,01532000,KGE,0.13191222367345345
G+T+M,17,01532000,logNSE,
G+T+M,17,01539000,NSE,0.5910930812590006
G+T+M,17,01539000,KGE,0.5880518510348325
G+T+M,17,01539000,logNSE,0.6297212200545652
G+T+M,17,01542810,NSE,0.5626128317389434
G+T+M,17,01542810,KGE,-15.670453783217173
G+T+M,17,01542810,logNSE,
G+T+M,17,01543000,NSE,0.7597637809548671
G+T+M,17,01543000,KGE,0.3667514331840439
G+T+M,17,01543000,logNSE,0.6573683402357493
G+T+M,17,01543500,NSE,0.7454821568475216
G+T+M,17,01543500,KGE,-1.4029611510656452
G+T+M,17,01543500,logNSE,0.5883633157309767
G+T+M,17,01544500,NSE,0.46915814063797534
G+T+M,17,01544500,KGE,-1.3046407923406473
G+T+M,17,01544500,logNSE,
G+T+M,17,01545600,NSE,0.4397309492640894
G+T+M,17,01545600,KGE,0.2172151454736474
G+T+M,17,01545600,logNSE,
G+T+M,17,01547700,NSE,0.5658363191583251
G+T+M,17,01547700,KGE,0.6050523360350565
G+T+M,17,01547700,logNSE,
G+T+M,17,01548500,NSE,0.6844881796849942
G+T+M,17,01548500,KGE,0.38615000112007025
G+T+M,17,01548500,logNSE,
G+T+M,17,01549500,NSE,0.5220238381597241
G+T+M,17,01549500,KGE,-1.1884216739005207
G+T+M,17,01549500,logNSE,
G+T+M,17,01550000,NSE,0.618072071559435
G+T+M,17,01550000,KGE,-7.747099812411548
G+T+M,17,01550000,logNSE,
G+T+M,17,01552000,NSE,0.6541383451022365
G+T+M,17,01552000,KGE,-1.9782151501581104
G+T+M,17,01552000,logNSE,0.6223336784350357
G+T+M,17,01552500,NSE,0.6080412920989273
G+T+M,17,01552500,KGE,0.3841901616566209
G+T+M,17,01552500,logNSE,0.5146056579571026
G+T+M,17,01557500,NSE,0.6053190833459499
G+T+M,17,01557500,KGE,0.48721869118068606
G+T+M,17,01557500,logNSE,
G+T+M,17,01567500,NSE,0.68312770928428
G+T+M,17,01567500,KGE,0.7481401328091688
G+T+M,17,01567500,logNSE,
G+T+M,17,01568000,NSE,0.751352810831126
G+T+M,17,01568000,KGE,0.662453220407694
G+T+M,17,01568000,logNSE,
G+T+M,17,01580000,NSE,0.5161836804905866
G+T+M,17,01580000,KGE,0.5439903609901098
G+T+M,17,01580000,logNSE,
G+T+M,17,01583500,NSE,0.37523975169018675
G+T+M,17,01583500,KGE,0.6409976248395983
G+T+M,17,01583500,logNSE,
G+T+M,17,01586610,NSE,0.4108561468103854
G+T+M,17,01586610,KGE,0.665544354592958
G+T+M,17,01586610,logNSE,
G+T+M,17,01591400,NSE,0.48282077135194534
G+T+M,17,01591400,KGE,0.6632231559459645
G+T+M,17,01591400,logNSE,
G+T+M,17,01594950,NSE,0.6849305694439226
G+T+M,17,01594950,KGE,-0.04039485382168939
G+T+M,17,01594950,logNSE,0.5009026768056875
G+T+M,17,01596500,NSE,0.706571517575193
G+T+M,17,01596500,KGE,-0.23753251721376967
G+T+M,17,01596500,logNSE,
G+T+M,17,01605500,NSE,0.5091813428804426
G+T+M,17,01605500,KGE,0.5360209502955524
G+T+M,17,01605500,logNSE,
G+T+M,17,01606500,NSE,0.5693864606499549
G+T+M,17,01606500,KGE,0.7319242618862216
G+T+M,17,01606500,logNSE,
G+T+M,17,01613050,NSE,0.5497531374031458
G+T+M,17,01613050,KGE,0.5672224775536041
G+T+M,17,01613050,logNSE,
G+T+M,17,01620500,NSE,0.44866948773776993
G+T+M,17,01620500,KGE,0.3682634959305231
G+T+M,17,01620500,logNSE,
G+T+M,17,01632000,NSE,0.4142228671123186
G+T+M,17,01632000,KGE,0.5417401648606138
G+T+M,17,01632000,logNSE,
G+T+M,17,01632900,NSE,0.11583493421048019
G+T+M,17,01632900,KGE,0.5963082290898742
G+T+M,17,01632900,logNSE,
G+T+M,17,01634500,NSE,0.35719538273580653
G+T+M,17,01634500,KGE,0.6641326379671316
G+T+M,17,01634500,logNSE,
G+T+M,17,01638480,NSE,0.3408669549217398
G+T+M,17,01638480,KGE,0.4708765227708275
G+T+M,17,01638480,logNSE,
G+T+M,17,01639500,NSE,0.5057597504855051
G+T+M,17,01639500,KGE,0.6459638652513214
G+T+M,17,01639500,logNSE,
G+T+M,17,01644000,NSE,0.5320023426957619
G+T+M,17,01644000,KGE,0.7069415141393178
G+T+M,17,01644000,logNSE,
G+T+M,17,01658500,NSE,0.3580304995776247
G+T+M,17,01658500,KGE,0.35812188457794203
G+T+M,17,01658500,logNSE,
G+T+M,17,01664000,NSE,0.6686538514115253
G+T+M,17,01664000,KGE,0.7314308560733769
G+T+M,17,01664000,logNSE,
G+T+M,17,01666500,NSE,0.49679190483963565
G+T+M,17,01666500,KGE,0.7518733725274555
G+T+M,17,01666500,logNSE,
G+T+M,17,01667500,NSE,0.6240470593041695
G+T+M,17,01667500,KGE,0.686983621347224
G+T+M,17,01667500,logNSE,
G+T+M,17,01669000,NSE,0.422154274048942
G+T+M,17,01669000,KGE,0.7042189966111565
G+T+M,17,01669000,logNSE,
G+T+M,17,01669520,NSE,0.5694939703579424
G+T+M,17,01669520,KGE,0.7772936148770863
G+T+M,17,01669520,logNSE,
G+T+M,17,02011400,NSE,0.6163110314091241
G+T+M,17,02011400,KGE,0.7297391553029742
G+T+M,17,02011400,logNSE,
G+T+M,17,02011460,NSE,0.529923230953231
G+T+M,17,02011460,KGE,0.6307179985689275
G+T+M,17,02011460,logNSE,
G+T+M,17,02013000,NSE,0.5789493835949262
G+T+M,17,02013000,KGE,0.7789654182125418
G+T+M,17,02013000,logNSE,
G+T+M,17,02014000,NSE,0.5832958686890195
G+T+M,17,02014000,KGE,0.6846358438527624
G+T+M,17,02014000,logNSE,
G+T+M,17,02015700,NSE,0.6355343753030733
G+T+M,17,02015700,KGE,0.6283537119072236
G+T+M,17,02015700,logNSE,
G+T+M,17,02016000,NSE,0.7379083702293209
G+T+M,17,02016000,KGE,0.5233536117587176
G+T+M,17,02016000,logNSE,
G+T+M,17,02017500,NSE,0.6348329327527007
G+T+M,17,02017500,KGE,0.7844529978731993
G+T+M,17,02017500,logNSE,
G+T+M,17,02018000,NSE,0.6057861770658541
G+T+M,17,02018000,KGE,0.7873163693021449
G+T+M,17,02018000,logNSE,
G+T+M,17,02027000,NSE,0.4584558929062932
G+T+M,17,02027000,KGE,0.19796720857510464
G+T+M,17,02027000,logNSE,
G+T+M,17,02027500,NSE,0.47278289927277783
G+T+M,17,02027500,KGE,0.5554028624479088
G+T+M,17,02027500,logNSE,
G+T+M,17,02028500,NSE,0.5093361402746678
G+T+M,17,02028500,KGE,0.5535076354853266
G+T+M,17,02028500,logNSE,
G+T+M,17,02038850,NSE,0.4448123770231043
G+T+M,17,02038850,KGE,0.5290821269586411
G+T+M,17,02038850,logNSE,
G+T+M,17,02046000,NSE,0.6137034680812329
G+T+M,17,02046000,KGE,0.6165257291740285
G+T+M,17,02046000,logNSE,
G+T+M,17,02051000,NSE,0.4296226772765934
G+T+M,17,02051000,KGE,0.4410802528490281
G+T+M,17,02051000,logNSE,
G+T+M,17,02051500,NSE,0.5426675103789267
G+T+M,17,02051500,KGE,0.75513365507554
G+T+M,17,02051500,logNSE,
G+T+M,17,02053200,NSE,0.43653593358984666
G+T+M,17,02053200,KGE,0.6979076194227816
G+T+M,17,02053200,logNSE,
G+T+M,17,02053800,NSE,0.5011506632131838
G+T+M,17,02053800,KGE,0.715545436436468
G+T+M,17,02053800,logNSE,
G+T+M,17,02055100,NSE,0.5696115915906529
G+T+M,17,02055100,KGE,0.6896117813847926
G+T+M,17,02055100,logNSE,
G+T+M,17,02056900,NSE,0.6263981126048057
G+T+M,17,02056900,KGE,0.7363542700510131
G+T+M,17,02056900,logNSE,
G+T+M,17,02059500,NSE,0.2662580406230606
G+T+M,17,02059500,KGE,0.6362683249484105
G+T+M,17,02059500,logNSE,
G+T+M,17,02064000,NSE,0.5519676047054538
G+T+M,17,02064000,KGE,0.7514705441692989
G+T+M,17,02064000,logNSE,
G+T+M,17,02065500,NSE,0.21005629187068398
G+T+M,17,02065500,KGE,0.6063771159796263
G+T+M,17,02065500,logNSE,
G+T+M,17,02069700,NSE,0.41585160070225013
G+T+M,17,02069700,KGE,0.6463269029026353
G+T+M,17,02069700,logNSE,
G+T+M,17,02070000,NSE,0.3806254610736096
G+T+M,17,02070000,KGE,0.6454615404098325
G+T+M,17,02070000,logNSE,
G+T+M,17,02074500,NSE,0.2873334851996403
G+T+M,17,02074500,KGE,0.5234800036487179
G+T+M,17,02074500,logNSE,
G+T+M,17,02077200,NSE,0.49790923104974705
G+T+M,17,02077200,KGE,0.609051460935044
G+T+M,17,02077200,logNSE,
G+T+M,17,02081500,NSE,0.4892927366639662
G+T+M,17,02081500,KGE,0.7050087755880923
G+T+M,17,02081500,logNSE,
G+T+M,17,02082950,NSE,0.18715245944728187
G+T+M,17,02082950,KGE,0.557421296881493
G+T+M,17,02082950,logNSE,
G+T+M,17,02096846,NSE,0.25741096759668947
G+T+M,17,02096846,KGE,0.5378849842410344
G+T+M,17,02096846,logNSE,
G+T+M,17,02111180,NSE,0.44566340016329276
G+T+M,17,02111180,KGE,0.24563303801069658
G+T+M,17,02111180,logNSE,
G+T+M,17,02111500,NSE,0.4305906359859506
G+T+M,17,02111500,KGE,0.6336844173561059
G+T+M,17,02111500,logNSE,
G+T+M,17,02112120,NSE,0.21678319300225868
G+T+M,17,02112120,KGE,0.4995081473076274
G+T+M,17,02112120,logNSE,
G+T+M,17,02112360,NSE,0.4751870931677419
G+T+M,17,02112360,KGE,0.6002488240440469
G+T+M,17,02112360,logNSE,
G+T+M,17,02118500,NSE,0.37611618283758363
G+T+M,17,02118500,KGE,0.6208582963243396
G+T+M,17,02118500,logNSE,
G+T+M,17,02125000,NSE,0.407336608447583
G+T+M,17,02125000,KGE,0.5046435537680513
G+T+M,17,02125000,logNSE,
G+T+M,17,02128000,NSE,0.3738629829948823
G+T+M,17,02128000,KGE,0.48839195065488006
G+T+M,17,02128000,logNSE,
G+T+M,17,02137727,NSE,0.5554815648612483
G+T+M,17,02137727,KGE,0.4047942057639523
G+T+M,17,02137727,logNSE,
G+T+M,17,02140991,NSE,0.49167032323775484
G+T+M,17,02140991,KGE,0.5138863119688335
G+T+M,17,02140991,logNSE,
G+T+M,17,02143000,NSE,0.5360987985712302
G+T+M,17,02143000,KGE,0.6350525562718109
G+T+M,17,02143000,logNSE,
G+T+M,17,02143040,NSE,0.5609442111516014
G+T+M,17,02143040,KGE,0.30609202060216045
G+T+M,17,02143040,logNSE,
G+T+M,17,02149000,NSE,0.39482878586548564
G+T+M,17,02149000,KGE,0.5118786166255697
G+T+M,17,02149000,logNSE,
G+T+M,17,02152100,NSE,0.4730489027234045
G+T+M,17,02152100,KGE,0.5759092047713692
G+T+M,17,02152100,logNSE,
G+T+M,17,02177000,NSE,0.5683808578218525
G+T+M,17,02177000,KGE,0.5759767161498819
G+T+M,17,02177000,logNSE,0.49937347409203103
G+T+M,17,02178400,NSE,0.6243089652321667
G+T+M,17,02178400,KGE,0.5898982672502544
G+T+M,17,02178400,logNSE,0.5589748412354058
G+T+M,17,03010655,NSE,0.6837485532477291
G+T+M,17,03010655,KGE,0.7585565594714128
G+T+M,17,03010655,logNSE,
G+T+M,17,03011800,NSE,0.6722941576349117
G+T+M,17,03011800,KGE,0.39636126369309643
G+T+M,17,03011800,logNSE,0.6358157936851022
G+T+M,17,03015500,NSE,0.7035113164073501
G+T+M,17,03015500,KGE,0.8106859793534056
G+T+M,17,03015500,logNSE,0.6629364322254491
G+T+M,17,03021350,NSE,0.5672856475359069
G+T+M,17,03021350,KGE,0.5873692020569146
G+T+M,17,03021350,logNSE,0.5155425534310301
G+T+M,17,03026500,NSE,0.627785452276417
G+T+M,17,03026500,KGE,0.49211250593184364
G+T+M,17,03026500,logNSE,0.5597397644169064
G+T+M,17,03028000,NSE,0.6977252733036418
G+T+M,17,03028000,KGE,0.7741839705465522
G+T+M,17,03028000,logNSE,0.6809378120059413
G+T+M,17,03049000,NSE,0.7076940275416953
G+T+M,17,03049000,KGE,0.7257991637631862
G+T+M,17,03049000,logNSE,
G+T+M,17,03049800,NSE,0.49340032161160463
G+T+M,17,03049800,KGE,-0.2440424811610873
G+T+M,17,03049800,logNSE,
G+T+M,17,03050000,NSE,0.7541817190841653
G+T+M,17,03050000,KGE,0.8048850557899333
G+T+M,17,03050000,logNSE,0.5978001768466388
G+T+M,17,03066000,NSE,0.7246677823372598
G+T+M,17,03066000,KGE,0.7456721526160961
G+T+M,17,03066000,logNSE,0.6213242427497779
G+T+M,17,03069500,NSE,0.8023726897099721
G+T+M,17,03069500,KGE,0.8037382390768506
G+T+M,17,03069500,logNSE,0.7011602169587733
G+T+M,17,03070500,NSE,0.7788043542558859
G+T+M,17,03070500,KGE,0.7601291379884211
G+T+M,17,03070500,logNSE,0.6553649030204525
G+T+M,17,03076600,NSE,0.7050562557922497
G+T+M,17,03076600,KGE,0.6388742291934746
G+T+M,17,03076600,logNSE,0.6145007496882486
G+T+M,17,03078000,NSE,0.7293953881714158
G+T+M,17,03078000,KGE,0.6680081990596776
G+T+M,17,03078000,logNSE,0.5783024856257155
G+T+M,17,03140000,NSE,0.6518974610438567
G+T+M,17,03140000,KGE,0.7071764823515528
G+T+M,17,03140000,logNSE,
G+T+M,17,03144000,NSE,0.6329326064316687
G+T+M,17,03144000,KGE,0.5980090769193378
G+T+M,17,03144000,logNSE,
G+T+M,17,03159540,NSE,0.7185815472674453
G+T+M,17,03159540,KGE,0.7670201236587963
G+T+M,17,03159540,logNSE,
G+T+M,17,03161000,NSE,0.6855985125787156
G+T+M,17,03161000,KGE,-5.775499365489232
G+T+M,17,03161000,logNSE,
G+T+M,17,03164000,NSE,0.6230808377354095
G+T+M,17,03164000,KGE,0.7998098135452489
G+T+M,17,03164000,logNSE,
G+T+M,17,03165000,NSE,0.5983845816055032
G+T+M,17,03165000,KGE,0.1680060275843236
G+T+M,17,03165000,logNSE,
G+T+M,17,03170000,NSE,0.5781998463777376
G+T+M,17,03170000,KGE,0.7588728774798189
G+T+M,17,03170000,logNSE,
G+T+M,17,03173000,NSE,0.38673596814721456
G+T+M,17,03173000,KGE,0.6869865945257672
G+T+M,17,03173000,logNSE,
G+T+M,17,03180500,NSE,0.7376191644231995
G+T+M,17,03180500,KGE,0.617354238333304
G+T+M,17,03180500,logNSE,0.6217273974433724
G+T+M,17,03182500,NSE,0.7260434849144038
G+T+M,17,03182500,KGE,0.23181454709652816
G+T+M,17,03182500,logNSE,
G+T+M,17,03186500,NSE,0.7282819963606282
G+T+M,17,03186500,KGE,0.7662996710423712
G+T+M,17,03186500,logNSE,0.662046331642759
G+T+M,17,03187500,NSE,0.6944446530319841
G+T+M,17,03187500,KGE,0.6832702223866811
G+T+M,17,03187500,logNSE,0.6111550147824659
G+T+M,17,03213700,NSE,0.5948366501077431
G+T+M,17,03213700,KGE,0.778268543854826
G+T+M,17,03213700,logNSE,
G+T+M,17,03237280,NSE,0.49635370401629564
G+T+M,17,03237280,KGE,0.3059508585037265
G+T+M,17,03237280,logNSE,
G+T+M,17,03237500,NSE,0.5470470435771326
G+T+M,17,03237500,KGE,0.36931706481755777
G+T+M,17,03237500,logNSE,
G+T+M,17,03238500,NSE,0.5809029149238646
G+T+M,17,03238500,KGE,-0.16943927406449388
G+T+M,17,03238500,logNSE,
G+T+M,17,03241500,NSE,0.7489826374748894
G+T+M,17,03241500,KGE,0.6861847942472017
G+T+M,17,03241500,logNSE,
G+T+M,17,03439000,NSE,0.6197240751049251
G+T+M,17,03439000,KGE,0.5361325346892676
G+T+M,17,03439000,logNSE,0.4386936031515869
G+T+M,17,03450000,NSE,0.5027567982400818
G+T+M,17,03450000,KGE,-0.08457641393213411
G+T+M,17,03450000,logNSE,
G+T+M,17,03455500,NSE,0.49914311667422895
G+T+M,17,03455500,KGE,0.5566239412146835
G+T+M,17,03455500,logNSE,0.5657681296412831
G+T+M,17,03456500,NSE,0.5447512269797077
G+T+M,17,03456500,KGE,0.29467163024914333
G+T+M,17,03456500,logNSE,0.4719960965934441
G+T+M,17,03460000,NSE,0.3658112847707088
G+T+M,17,03460000,KGE,-4.631866803281525
G+T+M,17,03460000,logNSE,0.40759159043729987
G+T+M,17,03463300,NSE,0.6667410552603974
G+T+M,17,03463300,KGE,0.6248704682966172
G+T+M,17,03463300,logNSE,0.5407940806333943
G+T+M,17,03471500,NSE,0.24076865603910336
G+T+M,17,03471500,KGE,0.6465876739393568
G+T+M,17,03471500,logNSE,
G+T+M,17,03473000,NSE,0.5441382125547687
G+T+M,17,03473000,KGE,0.7579842807373831
G+T+M,17,03473000,logNSE,
G+T+M,17,03479000,NSE,0.5020812141333357
G+T+M,17,03479000,KGE,0.32873479133259753
G+T+M,17,03479000,logNSE,
G+T+M,17,03488000,NSE,0.3815478051871882
G+T+M,17,03488000,KGE,0.6035864845878973
G+T+M,17,03488000,logNSE,
G+T+M,17,03498500,NSE,0.6528093154081582
G+T+M,17,03498500,KGE,0.8262312960438991
G+T+M,17,03498500,logNSE,
G+T+M,17,03500000,NSE,0.6234050721765241
G+T+M,17,03500000,KGE,0.6188886357089773
G+T+M,17,03500000,logNSE,0.49306050452956085
G+T+M,17,03500240,NSE,0.44522781786529086
G+T+M,17,03500240,KGE,-0.769943339958169
G+T+M,17,03500240,logNSE,0.3484768574731808
G+T+M,17,03504000,NSE,0.6091719085381331
G+T+M,17,03504000,KGE,0.7150263543800734
G+T+M,17,03504000,logNSE,0.5487728555134085
G+T+M,17,04105700,NSE,0.14322190885280883
G+T+M,17,04105700,KGE,0.4882620335331084
G+T+M,17,04105700,logNSE,
G+T+M,17,04115265,NSE,0.5943652419847303
G+T+M,17,04115265,KGE,0.7884754236753813
G+T+M,17,04115265,logNSE,
G+T+M,17,04122200,NSE,0.4715512457530504
G+T+M,17,04122200,KGE,0.7314262649259153
G+T+M,17,04122200,logNSE,
G+T+M,17,04185000,NSE,0.37265584526014095
G+T+M,17,04185000,KGE,0.5882378324994428
G+T+M,17,04185000,logNSE,
G+T+M,17,04196800,NSE,0.671284764860268
G+T+M,17,04196800,KGE,0.3628745798993873
G+T+M,17,04196800,logNSE,
G+T+M,17,04197100,NSE,0.6802498253430117
G+T+M,17,04197100,KGE,0.2423079341825739
G+T+M,17,04197100,logNSE,
G+T+M,17,04197170,NSE,0.5575390036102419
G+T+M,17,04197170,KGE,0.524980980598833
G+T+M,17,04197170,logNSE,
G+T+M,17,04213000,NSE,0.6274628830776097
G+T+M,17,04213000,KGE,0.695054359244917
G+T+M,17,04213000,logNSE,0.4552782748286982
G+T+M,17,04213075,NSE,0.21911774744645307
G+T+M,17,04213075,KGE,-1.4501581374208166
G+T+M,17,04213075,logNSE,0.27479647644096994
G+T+M,17,04216418,NSE,0.5204018746032387
G+T+M,17,04216418,KGE,-18.056314917537424
G+T+M,17,04216418,logNSE,
G+T+M,17,04221000,NSE,0.6657879450387789
G+T+M,17,04221000,KGE,0.7398213007035164
G+T+M,17,04221000,logNSE,
G+T+M,17,04224775,NSE,0.5461976840458395
G+T+M,17,04224775,KGE,0.7310056376830395
G+T+M,17,04224775,logNSE,
G+T+M,17,04233000,NSE,0.599194877890506
G+T+M,17,04233000,KGE,0.48000674919061503
G+T+M,17,04233000,logNSE,
G+T+M,17,04256000,NSE,0.7432842036449265
G+T+M,17,04256000,KGE,0.6634006188447784
G+T+M,17,04256000,logNSE,0.6191368178481116
G+T+M,17,04296000,NSE,0.6430743739954587
G+T+M,17,04296000,KGE,0.687098974609748
G+T+M,17,04296000,logNSE,0.6267193095971161
