parent_id,child_id,parent_area_km2,child_area_km2,area_ratio,elev_diff_m,distance_km
01031500,01030500,769.05,3676.17,4.7801443339184715,104.0,86.77576551324711
01047000,01030500,909.1,3676.17,4.043746562534374,166.57999999999998,147.10030148755948
01052500,01031500,383.82,769.05,2.003673596998593,367.90000000000003,140.90529895076415
01052500,01047000,383.82,909.1,2.368558178312751,305.32000000000005,86.87284700500555
01054200,01047000,180.98,909.1,5.02320698419715,161.93,96.98943784914059
01054200,01144000,180.98,1790.24,9.891921759310423,12.509999999999991,137.36274712811837
01054200,04296000,180.98,302.19,1.6697425129848602,81.32,115.14617688690716
01055000,01031500,250.64,769.05,3.0683450367060328,175.32,116.48867587022423
01055000,01047000,250.64,909.1,3.6271145866581556,112.74000000000001,56.01431684529079
01134500,04296000,195.13,302.19,1.5486598677804542,59.55000000000001,52.42349904344766
01137500,01047000,228.55,909.1,3.9776854080070008,474.47,148.55647305840773
01137500,01052500,228.55,383.82,1.6793699409319622,169.14999999999998,81.48917474748906
01137500,01144000,228.55,1790.24,7.833034346970028,325.05,88.16076650539004
01139800,01054200,22.8,180.98,7.9377192982456135,45.839999999999975,112.97385520559176
01139800,01057000,22.8,190.92,8.373684210526315,302.55999999999995,145.08211904532462
01139800,01078000,22.8,222.46,9.75701754385965,171.22999999999996,75.15940146440524
01139800,01134500,22.8,195.13,8.558333333333334,67.60999999999996,61.172689410601315
01139800,01139000,22.8,246.33,10.803947368421053,144.81,22.523400831012424
01139800,01142500,22.8,82.17,3.6039473684210526,171.52999999999997,31.208229537530944
01139800,01144000,22.8,1790.24,78.51929824561404,58.349999999999966,42.61410530737784
01139800,04296000,22.8,302.19,13.253947368421052,127.15999999999997,86.45492489834304
01162500,01123000,49.71,77.85,1.5660832830416413,189.97,112.51703626434045
01333000,01144000,112.16,1790.24,15.96148359486448,26.110000000000014,128.3601147326069
01333000,01169000,112.16,230.64,2.056348074179743,111.02000000000004,39.351249509812696
01333000,01181000,112.16,243.5,2.1710057061340944,67.98000000000002,57.970048198233755
01350080,01169000,83.84,230.64,2.7509541984732824,212.46000000000004,141.37112908596285
01350080,01181000,83.84,243.5,2.904341603053435,169.42000000000002,125.73276261176464
01350080,01435000,83.84,172.46,2.057013358778626,27.300000000000068,56.07705253040602
01350080,01440000,83.84,167.72,2.000477099236641,353.15000000000003,148.1739524518792
01350080,01510000,83.84,382.99,4.568105916030534,105.14000000000004,123.31978749008714
01350140,01169000,43.76,230.64,5.270566727605119,204.85000000000002,145.09188885677096
01350140,01181000,43.76,243.5,5.5644424131627055,161.81,131.39013623172897
01350140,01333000,43.76,112.16,2.563071297989031,93.82999999999998,109.04398018119743
01350140,01365000,43.76,99.57,2.27536563071298,114.57,62.55694254102574
01350140,01435000,43.76,172.46,3.941042047531993,19.690000000000055,60.69115074017656
01350140,01510000,43.76,382.99,8.752056672760512,97.53000000000003,117.65376857515786
01365000,01181000,99.57,243.5,2.4455157175856184,47.24000000000001,137.71585103987147
01365000,01439500,99.57,305.88,3.072009641458271,158.11,97.94890928661901
01365000,01440000,99.57,167.72,1.684443105353018,230.97000000000003,92.94632262374176
01365000,01440400,99.57,175.21,1.7596665662348099,131.11,105.96290927432669
01411300,01487000,79.32,187.41,2.362708018154312,1.4100000000000001,90.77914080278059
01413500,01423000,424.1,859.68,2.0270690874793678,130.84000000000003,40.165204539948476
01414500,01333000,64.45,112.16,1.7402637703646235,289.67,142.64150250992688
01414500,01350000,64.45,612.51,9.503646237393328,162.80000000000007,33.88983485333274
01414500,01365000,64.45,99.57,1.5449185415050426,310.41,33.39160026617475
01414500,01413500,64.45,424.1,6.580294802172227,51.07000000000005,7.661246654235537
01414500,01423000,64.45,859.68,13.338712179984483,181.91000000000008,34.415605946291166
01414500,01435000,64.45,172.46,2.6758727695888287,215.5300000000001,26.689959602602038
01414500,01439500,64.45,305.88,4.7460046547711405,468.52000000000004,116.0489600646343
01414500,01440000,64.45,167.72,2.6023273855702094,541.3800000000001,112.66191649273696
01414500,01440400,64.45,175.21,2.7185415050426687,441.52000000000004,120.49872875360617
01414500,01510000,64.45,382.99,5.942435996896819,293.37000000000006,107.6049839944368
01415000,01423000,85.63,859.68,10.039472147611818,10.670000000000073,26.990171125162615
01415000,01435000,85.63,172.46,2.014013780217214,44.29000000000008,31.79435320797594
01415000,01439500,85.63,305.88,3.572112577367745,297.28000000000003,116.18450640995223
01415000,01440000,85.63,167.72,1.95865934835922,370.14000000000004,113.23420458267394
01415000,01440400,85.63,175.21,2.046128693214995,270.28000000000003,119.7368134444847
01415000,01510000,85.63,382.99,4.472614737825529,122.13000000000005,100.45275417709523
01415000,01532000,85.63,553.94,6.468994511269416,97.20000000000005,145.3165898697083
01434025,01181000,9.7,243.5,25.103092783505158,311.40000000000003,135.11578857653296
01434025,01187300,9.7,53.92,5.558762886597939,420.23,129.1235287297766
01434025,01333000,9.7,112.16,11.562886597938144,243.42000000000002,133.34846272086187
01434025,01350000,9.7,612.51,63.14536082474227,116.55000000000007,36.4343417554454
01434025,01350080,9.7,83.84,8.643298969072166,141.98000000000002,43.05452118924481
01434025,01350140,9.7,43.76,4.511340206185567,149.59000000000003,48.26947108670023
01434025,01365000,9.7,99.57,10.264948453608248,264.16,14.37790077529208
01434025,01413500,9.7,424.1,43.72164948453609,4.82000000000005,20.846478667308574
01434025,01415000,9.7,85.63,8.827835051546392,124.99000000000001,29.655001252292436
01434025,01423000,9.7,859.68,88.62680412371134,135.66000000000008,56.044814225162966
01434025,01435000,9.7,172.46,17.77938144329897,169.2800000000001,13.823728016237373
01434025,01439500,9.7,305.88,31.534020618556703,422.27000000000004,110.32371306137135
01434025,01440000,9.7,167.72,17.29072164948454,495.13000000000005,105.71186856241029
01434025,01440400,9.7,175.21,18.062886597938146,395.27000000000004,117.38361245706886
01434025,01510000,9.7,382.99,39.48350515463918,247.12000000000006,130.1072777205466
01435000,01439500,172.46,305.88,1.7736286675171054,252.98999999999995,96.65746318254841
01435000,01510000,172.46,382.99,2.220746839846921,77.83999999999997,129.90473678647498
01440400,01439500,175.21,305.88,1.7457907653672735,27.0,14.834768616714971
01440400,01539000,175.21,701.78,4.005364990582729,0.3100000000000023,101.95907309970247
01451800,01580000,135.84,244.37,1.798954652532391,6.109999999999985,132.35638053067782
01466500,01411300,5.38,79.32,14.743494423791821,23.689999999999998,69.72306475179052
01466500,01484100,5.38,9.0,1.6728624535315986,20.97,139.10358409246953
01466500,01491000,5.38,292.04,54.2825278810409,20.4,147.77233122619543
01484100,01411300,9.0,79.32,8.813333333333333,2.719999999999999,74.54420807713562
01484100,01485500,9.0,141.54,15.726666666666667,2.509999999999998,75.34903879060651
01484100,01487000,9.0,187.41,20.823333333333334,4.129999999999999,20.18506234090454
01516500,01510000,31.48,382.99,12.166137229987294,152.38000000000005,124.11701519867798
01516500,01518862,31.48,233.91,7.430432020330368,33.72000000000003,45.290130206171526
01516500,01532000,31.48,553.94,17.596569250317664,127.45000000000005,44.948501747414774
01516500,01539000,31.48,701.78,22.292884371029224,300.84000000000003,92.9982011149477
01516500,01543000,31.48,705.5,22.411054637865313,91.22000000000003,106.88939422228826
01516500,01543500,31.48,1778.26,56.48856416772554,87.14999999999998,104.76241094373115
01516500,01544500,31.48,355.06,11.278907242693773,82.99000000000001,75.96830236903186
01516500,01545600,31.48,120.0,3.8119440914866582,115.62,71.79050321302267
01516500,01547700,31.48,113.54,3.6067344345616266,281.02000000000004,95.09640968450249
01516500,01548500,31.48,1557.05,49.461562897077506,87.88,46.782721282477105
01516500,01549500,31.48,97.49,3.0968869123252856,106.43000000000006,39.58408448566513
01516500,01550000,31.48,452.68,14.379923761118171,179.18,41.44731978998065
01516500,01552000,31.48,1129.49,35.879606099110546,173.16000000000003,52.49169564661651
01516500,01552500,31.48,60.64,1.926302414231258,99.35000000000002,62.6268308946474
01516500,03011800,31.48,100.1,3.1797966963151203,5.8799999999999955,141.31662477446858
01516500,03028000,31.48,161.11,5.117852604828463,65.57000000000005,141.35627154958024
01516500,04224775,31.48,231.84,7.364675984752224,115.13999999999999,100.43065976335208
01516500,04233000,31.48,91.9,2.9193138500635327,200.58000000000004,77.37262843021492
01518862,01532000,233.91,553.94,2.3681757941088457,93.73000000000002,90.05488161448703
01518862,01539000,233.91,701.78,3.0002137574280705,267.12,131.27357405321024
01518862,01543000,233.91,705.5,3.0161173100765253,57.5,79.14412757648904
01518862,01543500,233.91,1778.26,7.602325680817408,53.42999999999995,82.41482725371665
01518862,01544500,233.91,355.06,1.5179342482151255,49.26999999999998,55.392914170146796
01518862,01548500,233.91,1557.05,6.6566200675473475,54.15999999999997,45.17947959421487
01518862,01550000,233.91,452.68,1.9352742507802148,145.45999999999998,69.77652381879426
01518862,01552000,233.91,1129.49,4.828737548629815,139.44,84.10379513685947
01518862,03015500,233.91,784.85,3.355350348424608,108.31,147.99489179548917
01532000,01552000,553.94,1129.49,2.0390114452828825,45.70999999999998,55.42810516854864
01542810,01547700,13.62,113.54,8.336270190895743,139.13,81.39162545768623
01542810,01550000,13.62,452.68,33.23641703377386,37.289999999999964,106.42187238972974
01542810,01552000,13.62,1129.49,82.9287812041116,31.269999999999982,118.4278616156014
01542810,01557500,13.62,115.3,8.465491923641704,102.70999999999998,99.6726921017493
01542810,03015500,13.62,784.85,57.624816446402356,0.13999999999998636,90.33389091399782
01542810,03021350,13.62,239.67,17.59691629955947,7.300000000000011,132.7063262298876
01543000,01552000,705.5,1129.49,1.6009780297661234,81.94,107.63607947777813
01544500,01532000,355.06,553.94,1.5601306821382304,44.460000000000036,114.45437592206733
01544500,01539000,355.06,701.78,1.976511012223286,217.85000000000002,124.66249766040902
01544500,01543000,355.06,705.5,1.986988114684842,8.230000000000018,31.70515911366977
01544500,01543500,355.06,1778.26,5.008336619162958,4.159999999999968,29.083883916952377
01544500,01548500,355.06,1557.05,4.385315158001465,4.889999999999986,31.9183533504691
01544500,01552000,355.06,1129.49,3.181124317016842,90.17000000000002,78.00510276357
01544500,01568000,355.06,534.39,1.5050695657072044,286.08000000000004,139.5376394859571
01544500,03015500,355.06,784.85,2.21047146961077,59.04000000000002,130.7782851055949
01545600,01532000,120.0,553.94,4.616166666666667,11.830000000000041,106.40038041653726
01545600,01539000,120.0,701.78,5.848166666666667,185.22000000000003,110.88550164412105
01545600,01550000,120.0,452.68,3.7723333333333335,63.56,54.97917875980239
01545600,01552000,120.0,1129.49,9.412416666666667,57.54000000000002,65.35813510220457
01545600,01568000,120.0,534.39,4.45325,253.45000000000005,126.40970319353139
01545600,03015500,120.0,784.85,6.540416666666667,26.410000000000025,144.66708517707264
01547700,01539000,113.54,701.78,6.180905407785802,19.819999999999993,98.5045763213147
01547700,01568000,113.54,534.39,4.706623216487581,88.05000000000001,89.7580875802359
01549500,01532000,97.49,553.94,5.682018668581394,21.019999999999982,67.25766869788153
01549500,01539000,97.49,701.78,7.198481895579034,194.40999999999997,80.00628513747229
01549500,01550000,97.49,452.68,4.643348035695969,72.74999999999994,17.615056234215324
01549500,01552000,97.49,1129.49,11.585701097548467,66.72999999999996,31.274706267017375
01549500,01568000,97.49,534.39,5.481485280541595,262.64,128.00896961194343
01549500,04224775,97.49,231.84,2.378090060519028,8.709999999999923,124.3906215381096
01550000,01539000,452.68,701.78,1.5502783423168685,121.66000000000003,62.94402473115426
01552500,01439500,60.64,305.88,5.04419525065963,228.18,128.72102598373542
01552500,01440000,60.64,167.72,2.765831134564644,301.04,135.22499434162833
01552500,01440400,60.64,175.21,2.8893469656992083,201.18,114.47890005891604
01552500,01451800,60.64,135.84,2.2401055408970976,354.83000000000004,108.53029868932396
01552500,01510000,60.64,382.99,6.315798153034301,53.03000000000003,141.7580828256544
01552500,01532000,60.64,553.94,9.134894459102902,28.100000000000023,39.14013010107594
01552500,01539000,60.64,701.78,11.572889182058047,201.49,32.19820965898005
01552500,01545600,60.64,120.0,1.9788918205804749,16.269999999999982,96.5393518073983
01552500,01547700,60.64,113.54,1.8723614775725594,181.67000000000002,95.51776253029405
01552500,01549500,60.64,97.49,1.6076846965699207,7.080000000000041,59.481838143332354
01552500,01550000,60.64,452.68,7.465039577836412,79.82999999999998,42.108901137512945
01552500,01552000,60.64,1129.49,18.626154353562004,73.81,31.73878988393587
01552500,01568000,60.64,534.39,8.8125,269.72,126.70910473974956
01552500,04233000,60.64,91.9,1.515501319261214,101.23000000000002,115.21331300619117
01557500,01568000,115.3,534.39,4.634778837814397,124.47000000000003,98.53254155255796
01557500,01639500,115.3,267.18,2.317259323503903,191.89000000000001,146.14709095034468
01557500,03049000,115.3,357.15,3.0975715524718126,24.720000000000027,123.6247729329756
01567500,01568000,38.77,534.39,13.783595563580086,48.960000000000036,20.467758675238684
01567500,01580000,38.77,244.37,6.303069383543977,140.18,118.43703208582268
01567500,01583500,38.77,155.85,4.019860717049265,158.16000000000003,113.90889114248407
01567500,01586610,38.77,72.7,1.8751612071189063,117.60000000000002,109.06813360709873
01567500,01591400,38.77,59.09,1.524116584988393,165.27,127.55277603468274
01567500,01638480,38.77,232.0,5.984008253804488,158.50000000000003,125.02282206481978
01567500,01639500,38.77,267.18,6.891410884704668,116.38000000000002,85.50797481814861
01568000,01644000,534.39,859.17,1.6077583787121765,78.26999999999998,149.1416957100519
01583500,01491000,155.85,292.04,1.8738530638434394,137.78,95.61817869312024
01586610,01487000,72.7,187.41,2.577854195323246,183.04,144.68953866394926
01586610,01491000,72.7,292.04,4.017056396148556,178.34,112.71508847912446
01586610,01580000,72.7,244.37,3.3613480055020633,22.579999999999984,51.30894750283954
01586610,01583500,72.7,155.85,2.1437414030261346,40.56,24.80833761938327
01586610,01638480,72.7,232.0,3.1911966987620355,40.900000000000006,57.73310259931673
01586610,01644000,72.7,859.17,11.818019257221456,9.629999999999995,71.98964514645782
01591400,01487000,59.09,187.41,3.1716026400406157,135.37,141.44266320177303
01591400,01491000,59.09,292.04,4.942291419867998,130.67000000000002,112.86876009298429
01594950,01596500,6.12,124.65,20.36764705882353,236.4000000000001,40.959437301291835
01594950,01605500,6.12,463.85,75.79248366013073,42.960000000000036,71.42252503205296
01594950,01606500,6.12,1684.55,275.2532679738562,63.440000000000055,36.738161058451226
01594950,01613050,6.12,27.9,4.5588235294117645,638.22,128.06814341242392
01594950,01620500,6.12,44.74,7.310457516339869,113.47000000000003,105.22736321239917
01594950,01632000,6.12,543.36,88.7843137254902,356.06000000000006,84.96241592720524
01594950,01632900,6.12,245.05,40.040849673202615,482.53000000000003,91.54408501644916
01594950,01634500,6.12,263.98,43.13398692810458,555.3800000000001,93.98863700079602
01594950,02011400,6.12,407.72,66.62091503267975,115.96000000000004,143.72381595954718
01594950,02011460,6.12,156.34,25.545751633986928,21.440000000000055,119.27391028757717
01594950,02015700,6.12,285.41,46.63562091503268,146.30000000000007,121.24339913717724
01594950,03049800,6.12,14.89,2.4330065359477127,603.22,145.97011815564917
01594950,03070500,6.12,517.38,84.5392156862745,300.09000000000003,46.36366282981524
01594950,03076600,6.12,127.4,20.81699346405229,104.36000000000001,42.19417583625788
01594950,03078000,6.12,161.48,26.38562091503268,132.7600000000001,52.08984181613053
01596500,01632000,124.65,543.36,4.359085439229843,119.65999999999997,105.94867802612549
01596500,01632900,124.65,245.05,1.9659045326915363,246.12999999999994,105.21227333626798
01596500,01634500,124.65,263.98,2.1177697553148818,318.97999999999996,85.8464836606734
01596500,01638480,124.65,232.0,1.8612113918973123,507.43999999999994,135.67162816037563
01596500,01644000,124.65,859.17,6.892659446450059,476.16999999999996,144.76064443330327
01596500,03049000,124.65,357.15,2.8652226233453666,298.15,137.16171459115193
01596500,03070500,124.65,517.38,4.150661853188929,63.68999999999994,51.90204739505052
01605500,01606500,463.85,1684.55,3.6316697208149185,20.480000000000018,41.95152723156143
01605500,01664000,463.85,1605.1,3.460385900614422,640.76,132.9992476854923
01605500,01667500,463.85,1209.75,2.608062951385146,663.39,122.77365345928227
01605500,02016000,463.85,1194.55,2.5752937371995257,211.82000000000005,100.80645703065619
01605500,02018000,463.85,852.34,1.8375336854586612,208.18000000000006,118.92155705072967
01613050,01583500,27.9,155.85,5.586021505376344,105.28000000000003,131.7807883129095
01613050,01586610,27.9,72.7,2.6057347670250897,64.72000000000003,112.2972139020372
01613050,01591400,27.9,59.09,2.1179211469534054,112.39000000000001,117.00065248384351
01613050,01638480,27.9,232.0,8.315412186379929,105.62000000000003,85.99608817013934
01613050,01639500,27.9,267.18,9.576344086021507,63.50000000000003,82.84038735067196
01613050,01644000,27.9,859.17,30.794623655913977,74.35000000000002,108.71229949372321
01620500,01596500,44.74,124.65,2.7860974519445687,122.93000000000006,137.559217296087
01620500,01632000,44.74,543.36,12.144836835046938,242.59000000000003,47.37654380690197
01620500,01632900,44.74,245.05,5.4772016092981675,369.06,65.31085376966074
01620500,01634500,44.74,263.98,5.900312919088065,441.91,114.36302338350187
01620500,01664000,44.74,1605.1,35.87617344658024,570.25,126.0844935286422
01620500,01666500,44.74,463.15,10.352033974072418,584.76,99.83675526004228
01620500,01667500,44.74,1209.75,27.03956191327671,592.88,110.33265146199113
01620500,02011400,44.74,407.72,9.113097898971837,2.490000000000009,64.96320474885314
01620500,02013000,44.74,424.78,9.494412159141707,94.52999999999997,92.33266260765085
01620500,02014000,44.74,396.78,8.868573983012963,95.31000000000006,97.5532311243259
01620500,02015700,44.74,285.41,6.379302637460885,32.83000000000004,32.88696780957929
01620500,02016000,44.74,1194.55,26.699821189092532,141.31000000000006,75.83978227961776
01620500,02017500,44.74,276.15,6.172329012069736,91.08000000000004,119.68777993941004
01620500,02018000,44.74,852.34,19.050961108627625,137.67000000000007,95.07212428877061
01620500,02027000,44.74,240.77,5.381537773804202,398.91,72.7931950087061
01620500,02027500,44.74,123.34,2.756817165847117,435.82000000000005,73.05069998794234
01620500,02028500,44.74,245.45,5.486142154671435,408.87,63.54403953097626
01620500,02059500,44.74,485.41,10.84957532409477,467.21000000000004,131.8020975536675
01620500,02064000,44.74,427.77,9.561242735806884,594.14,136.87474482649807
01620500,02065500,44.74,252.58,5.645507375949933,616.26,146.0601699818789
01620500,03070500,44.74,517.38,11.564148413053196,186.62,147.6766638636489
01632000,01644000,543.36,859.17,1.5812168727915192,356.51,118.37530165668946
01632000,01664000,543.36,1605.1,2.9540267962308597,327.65999999999997,91.0986488846861
01632000,01667500,543.36,1209.75,2.2264244699646643,350.28999999999996,82.77686671929388
01632900,01644000,245.05,859.17,3.506100795755968,230.04000000000002,99.11419838716827
01632900,01664000,245.05,1605.1,6.550091817996327,201.19000000000003,74.28376557503998
01632900,01666500,245.05,463.15,1.890022444399102,215.70000000000002,62.80518147196425
01632900,01667500,245.05,1209.75,4.936747602530096,223.82000000000002,69.49780968210112
01634500,01644000,263.98,859.17,3.254678384726115,157.19,65.29498215583376
01634500,01664000,263.98,1605.1,6.080384877642245,128.34,75.79910255204045
01634500,01666500,263.98,463.15,1.7544889764376086,142.85,86.48840286661346
01634500,01667500,263.98,1209.75,4.582733540419729,150.97,86.88635756115377
01639500,01644000,267.18,859.17,3.2156972827307433,10.849999999999994,72.11701627391922
01658500,01491000,19.34,292.04,15.100310237849019,78.9,149.4902856717559
01658500,01669000,19.34,71.84,3.7145811789038263,54.5,91.45951391493699
01658500,01669520,19.34,277.39,14.342812823164426,72.02,123.88428274727994
01666500,01644000,463.15,859.17,1.855057756666307,14.340000000000003,89.35894351972574
01666500,01667500,463.15,1209.75,2.6120047500809673,8.120000000000005,10.884220503258648
01669000,01485500,71.84,141.54,1.9702115812917593,27.479999999999997,131.10119458907212
01669000,01669520,71.84,277.39,3.8612193763919818,17.519999999999996,32.469459894560835
01669520,02053200,277.39,583.66,2.104113342225747,0.14000000000000057,143.44065458724543
02011400,02016000,407.72,1194.55,2.9298292946139504,138.82000000000005,29.84314095171015
02011400,02018000,407.72,852.34,2.090503286569214,135.18000000000006,41.93545509818977
02011400,03170000,407.72,794.64,1.9489845972726378,70.12,126.5936479268551
02011400,03173000,407.72,773.32,1.8966938094770922,32.90999999999997,112.80165442904047
02011460,01605500,156.34,463.85,2.9669310477165154,21.519999999999982,57.36909006685434
02011460,01606500,156.34,1684.55,10.774913649737751,42.0,97.62094155991862
02011460,01632000,156.34,543.36,3.475502110784188,334.62,90.87897142182601
02011460,01632900,156.34,245.05,1.5674171677113982,461.09,109.95094679425705
02011460,01666500,156.34,463.15,2.962453626711014,676.79,146.29647468135832
02011460,02011400,156.34,407.72,2.6079058462325704,94.51999999999998,24.638265211352987
02011460,02013000,156.34,424.78,2.717026992452347,186.55999999999995,54.91291994643726
02011460,02014000,156.34,396.78,2.537930152232314,187.34000000000003,62.22585471760797
02011460,02015700,156.34,285.41,1.825572470257132,124.86000000000001,18.196888633767784
02011460,02016000,156.34,1194.55,7.640718945887168,233.34000000000003,50.44441505141103
02011460,02017500,156.34,276.15,1.766342586670078,183.11,87.38229752548834
02011460,02018000,156.34,852.34,5.451835742612255,229.70000000000005,65.63559642133474
02011460,02027000,156.34,240.77,1.5400409364206218,490.94,90.72094396133373
02011460,02028500,156.34,245.45,1.5699756940002558,500.9,92.71616575447385
02011460,02053800,156.34,280.72,1.7955737495202764,172.70000000000005,130.47074527912753
02011460,02056900,156.34,298.11,1.9068056799283613,455.31,133.62842215150997
02011460,02059500,156.34,485.41,3.104835614685941,559.24,121.20820182386169
02011460,02064000,156.34,427.77,2.736151976461558,686.17,143.3080047338407
02011460,03173000,156.34,773.32,4.946398874248433,127.42999999999995,136.5586222087161
02013000,02016000,424.78,1194.55,2.812161589528697,46.780000000000086,25.292012333893478
02013000,02018000,424.78,852.34,2.0065445642450213,43.1400000000001,19.33839086614363
02014000,02016000,396.78,1194.55,3.0106104138313423,46.0,25.821423084929947
02014000,02018000,396.78,852.34,2.148142547507435,42.360000000000014,13.478540030902554
02015700,01632000,285.41,543.36,1.9037875337234154,209.76,79.4957743515737
02015700,01666500,285.41,463.15,1.6227532321922846,551.93,129.56674186962977
02015700,01667500,285.41,1209.75,4.23863915069549,560.05,140.32538047155006
02015700,02016000,285.41,1194.55,4.185382432290389,108.48000000000002,47.84197578410847
02015700,02018000,285.41,852.34,2.986370484566063,104.84000000000003,66.03691794142766
02015700,02059500,285.41,485.41,1.7007462948039662,434.38,113.74861100441852
02015700,03173000,285.41,773.32,2.7095056234890156,2.5699999999999363,143.7565666611247
02017500,02013000,276.15,424.78,1.5382219808075321,3.449999999999932,33.403272108661334
02017500,02016000,276.15,1194.55,4.325728770595691,50.23000000000002,44.07635589850377
02017500,02018000,276.15,852.34,3.0865109541915627,46.59000000000003,24.727980990610114
02017500,02059500,276.15,485.41,1.7577765707043276,376.13,63.709317109393574
02017500,02064000,276.15,427.77,1.5490494296577948,503.05999999999995,109.8540430881335
02027000,01664000,240.77,1605.1,6.666528221954562,171.34,136.59393923691457
02027000,01666500,240.77,463.15,1.923620052332101,185.85,103.06125317756205
02027000,01667500,240.77,1209.75,5.024504714042447,193.97,112.95566477901838
02027000,02059500,240.77,485.41,2.0160734310753,68.30000000000001,76.7864783812174
02027000,02064000,240.77,427.77,1.7766748349046806,195.23,65.47914302287114
02027500,01664000,123.34,1605.1,13.013620885357547,134.42999999999998,140.57236491185841
02027500,01666500,123.34,463.15,3.7550672936598017,148.93999999999997,107.05686930331504
02027500,01667500,123.34,1209.75,9.808253607913086,157.05999999999997,117.01094259820458
02027500,02046000,123.34,288.52,2.3392249067617965,263.89,144.36511809127217
02027500,02059500,123.34,485.41,3.9355440246473163,31.389999999999986,73.17848411405934
02027500,02064000,123.34,427.77,3.4682179341657204,158.31999999999996,64.27758672363198
02027500,02065500,123.34,252.58,2.0478352521485323,180.43999999999997,73.09764394597649
02027500,02074500,123.34,288.53,2.339305983460353,127.22999999999996,127.59383732252492
02028500,01664000,245.45,1605.1,6.539417396618456,161.38000000000002,114.84255180123905
02028500,01666500,245.45,463.15,1.8869423507842737,175.89000000000001,81.37356390964281
02028500,01667500,245.45,1209.75,4.928702383377471,184.01000000000002,91.47363943787225
02028500,02059500,245.45,485.41,1.977632919128132,58.34000000000003,98.86409089152458
02028500,02064000,245.45,427.77,1.7427989407211244,185.27,83.46515619529123
02038850,02046000,22.0,288.52,13.114545454545453,89.77,99.33539702197449
02038850,02051000,22.0,144.82,6.582727272727272,25.389999999999986,52.94281978743748
02038850,02051500,22.0,1428.71,64.94136363636363,63.00999999999999,105.47721775542291
02038850,02065500,22.0,252.58,11.480909090909092,6.319999999999993,39.04765206931232
02038850,02081500,22.0,428.37,19.471363636363638,44.19999999999999,135.87807495156446
02046000,02053200,288.52,583.66,2.022944683210869,61.36,92.94155280435379
02046000,02082950,288.52,460.85,1.5972896159711634,6.8700000000000045,101.2576913695234
02051000,02046000,144.82,288.52,1.992266261566082,64.38000000000001,66.7803744054636
02051000,02051500,144.82,1428.71,9.865419141002624,37.620000000000005,55.6571768802167
02051000,02053200,144.82,583.66,4.0302444413755,125.74000000000001,137.0963363070913
02051000,02081500,144.82,428.37,2.957947797265571,18.810000000000002,91.7088447742466
02051000,02082950,144.82,460.85,3.1822262118491924,71.25000000000001,99.90600247993588
02053800,02013000,280.72,424.78,1.513180393274437,13.8599999999999,76.19830727538323
02053800,02016000,280.72,1194.55,4.2553077799942995,60.639999999999986,85.16158074630776
02053800,02018000,280.72,852.34,3.0362638928469647,57.0,66.34697699395923
02053800,02059500,280.72,485.41,1.729160729552579,386.53999999999996,66.22383019073946
02053800,02064000,280.72,427.77,1.5238315759475631,513.4699999999999,115.84412519959719
02055100,02027000,30.54,240.77,7.883759004584152,12.550000000000011,90.33803242824361
02055100,02027500,30.54,123.34,4.038637851997381,49.460000000000036,86.05419501791057
02055100,02028500,30.54,245.45,8.037000654878847,22.50999999999999,110.04942056859537
02055100,02051000,30.54,144.82,4.741977734119188,248.97,147.99195775826036
02055100,02059500,30.54,485.41,15.894237066142765,80.85000000000002,45.677183783254385
02055100,02064000,30.54,427.77,14.00687622789784,207.78,92.18205285544265
02055100,02065500,30.54,252.58,8.270464963981665,229.9,110.32203431590735
02055100,02069700,30.54,221.13,7.240667976424361,27.370000000000005,95.7105189522031
02055100,02070000,30.54,270.61,8.86083824492469,91.32999999999998,94.56598887225864
02055100,02074500,30.54,288.53,9.44760969220694,176.69,96.64199936237544
02055100,02077200,30.54,121.69,3.984610347085789,205.99,131.04539074558258
02056900,02059500,298.11,485.41,1.6282915702257557,103.93,32.05755263217034
02064000,02051500,427.77,1428.71,3.3399022839376302,78.81,110.15681703593184
02065500,02051500,252.58,1428.71,5.6564652783276586,56.69,92.15494438591121
02065500,02081500,252.58,428.37,1.695977512075382,37.879999999999995,99.7328700092136
02065500,02082950,252.58,460.85,1.8245704331300974,90.32000000000001,127.26866426980366
02069700,02059500,221.13,485.41,2.195134084022973,53.48000000000002,86.1430522969518
02069700,02064000,221.13,427.77,1.9344729344729343,180.41,121.05098326794118
02069700,02081500,221.13,428.37,1.937186270519604,240.41,144.6360544875679
02069700,02118500,221.13,400.53,1.8112874779541446,35.80000000000001,84.09540852543502
02070000,02064000,270.61,427.77,1.5807619821883891,116.45000000000002,110.53367930408807
02070000,02081500,270.61,428.37,1.5829791951516943,176.45000000000002,132.40599789970406
02074500,02051500,288.53,1428.71,4.9516861331577315,109.9,149.56272434932893
02077200,02051500,121.69,1428.71,11.740570301585997,80.6,126.97548521177383
02077200,02064000,121.69,427.77,3.5152436519023746,1.789999999999992,83.76687359325187
02077200,02065500,121.69,252.58,2.0756019393540965,23.909999999999997,85.04138746118208
02077200,02081500,121.69,428.37,3.5201742131645988,61.78999999999999,59.46968312055235
02077200,02082950,121.69,460.85,3.7870819294929743,114.23,120.73367075675749
02081500,02051500,428.37,1428.71,3.3352242220510306,18.810000000000002,88.8447592270617
02096846,02051000,19.57,144.82,7.400102197240674,31.829999999999984,135.92991772763332
02096846,02051500,19.57,1428.71,73.00510986203372,69.44999999999999,147.41687129678337
02096846,02065500,19.57,252.58,12.906489524782831,12.759999999999991,127.7078935002384
02096846,02081500,19.57,428.37,21.889115993868167,50.639999999999986,60.52891758454343
02096846,02082950,19.57,460.85,23.548799182422076,103.08,121.48742819165234
02102908,02108000,19.73,1569.48,79.54789660415611,75.27,128.68940500903147
02111180,02069700,131.47,221.13,1.6819806800030426,178.43999999999994,126.90282502135837
02111180,02070000,131.47,270.61,2.0583403057731804,242.39999999999992,138.34998623199527
02111180,02111500,131.47,233.66,1.777287594127938,97.03999999999996,23.981303347015768
02111180,02112120,131.47,322.27,2.451281661215486,91.02999999999997,37.84434493868906
02111180,02112360,131.47,205.3,1.5615729824294518,145.19999999999993,59.760045216145414
02111180,02118500,131.47,400.53,3.0465505438503078,214.23999999999995,59.64295520121622
02111180,02140991,131.47,521.99,3.9704115007225984,21.639999999999986,38.367703584955635
02111180,02143000,131.47,216.67,1.6480565908572298,151.70999999999992,43.02688374181616
02111180,02149000,131.47,203.85,1.550543850308055,147.14999999999992,96.32372004563513
02111500,02118500,233.66,400.53,1.7141573226054951,117.19999999999999,42.69957493213733
02112360,02059500,205.3,485.41,2.3643935703848027,86.72000000000003,149.43676949362646
02112360,02118500,205.3,400.53,1.9509498295177785,69.04000000000002,35.00324330782299
02128000,02081500,273.48,428.37,1.5663668275559455,63.01999999999998,143.97305963907326
02137727,02140991,329.54,521.99,1.5839958730351398,72.75999999999999,35.46762248480991
02143000,02118500,216.67,400.53,1.8485715604375317,62.53000000000003,68.92646870913025
02143040,02112360,66.48,205.3,3.088146811070999,5.46999999999997,105.35552546748303
02143040,02118500,66.48,400.53,6.024819494584837,74.50999999999999,86.9850115629959
02143040,02125000,66.48,144.55,2.174338146811071,221.1,115.1056607594097
02143040,02143000,66.48,216.67,3.2591756919374246,11.979999999999961,18.09828801763814
02143040,02149000,66.48,203.85,3.0663357400722018,7.419999999999959,52.67486863563762
02149000,02118500,203.85,400.53,1.9648270787343634,67.09000000000003,139.01994032920823
02152100,02118500,154.99,400.53,2.5842312407252077,77.49000000000001,101.63515947572232
02178400,02177000,151.28,526.77,3.482086197778953,92.31999999999994,22.172569801864103
02178400,03498500,151.28,696.76,4.605764145954521,116.99000000000001,104.60220664883218
02193340,02196000,87.87,1408.38,16.02799590303858,25.74000000000001,62.75862838123467
02193340,02212600,87.87,187.96,2.1390690793217253,8.480000000000018,103.23340599911332
02198100,02202600,79.49,590.47,7.428229966033464,48.52,90.91347473427115
02212600,02215100,187.96,420.29,2.23606086401362,46.36999999999999,97.90063181843406
02216180,02202600,129.11,590.47,4.573387034311827,48.6,136.50351773336195
02216180,02314500,129.11,3322.15,25.731159476415456,41.480000000000004,149.7437502943549
02221525,02196000,490.8,1408.38,2.869559902200489,33.81999999999999,131.6585233213802
02231342,02298123,111.56,540.65,4.846271064897812,0.14999999999999858,113.29530010466796
02245500,02231000,348.43,1748.37,5.017851505323881,2.740000000000002,47.61019574088854
02245500,02315500,348.43,6136.26,17.611170105903625,1.4600000000000009,93.50196055834412
02297155,02296500,93.6,886.4,9.47008547008547,4.279999999999998,25.639655636193776
02297155,02297310,93.6,528.38,5.64508547008547,9.799999999999997,32.18476072088931
02297155,02298123,93.6,540.65,5.776175213675214,13.759999999999998,53.85085026873742
02297155,02298608,93.6,312.34,3.336965811965812,12.719999999999999,20.692762648278638
02297155,02299950,93.6,174.27,1.8618589743589746,1.8399999999999963,18.585950136740387
02297155,02312200,93.6,413.48,4.417521367521368,1.3999999999999986,121.3958860676394
02298608,02298123,312.34,540.65,1.730966254722418,1.0399999999999991,49.06141167377562
02299950,02296500,174.27,886.4,5.086360245595914,2.4400000000000013,42.376495176778974
02299950,02297310,174.27,528.38,3.031961898203936,7.960000000000001,37.597752867192256
02299950,02298123,174.27,540.65,3.102369885809376,11.920000000000002,63.06189480133009
02299950,02298608,174.27,312.34,1.7922763527859067,10.880000000000003,15.420888042475736
02300700,02298123,73.84,540.65,7.32191224268689,3.710000000000001,99.53695460624269
02300700,02298608,73.84,312.34,4.229956663055254,2.6700000000000017,53.43702046745455
02312200,02296500,413.48,886.4,2.14375544161749,2.879999999999999,137.76564762476144
02314500,02315500,3322.15,6136.26,1.8470749364116612,2.059999999999995,42.96345092094525
02324400,02327100,176.27,271.12,1.5380949679468996,6.0,98.41549483567027
02342933,02361000,290.1,1781.61,6.141365046535676,10.560000000000002,80.71874846632363
02342933,02371500,290.1,1292.79,4.45635987590486,1.8400000000000034,102.95441963280219
02342933,02372250,290.1,1145.22,3.947673216132368,4.760000000000005,114.85880088753309
02349900,02215100,122.87,420.29,3.4206071457638156,3.1099999999999994,37.996015012870394
02372250,02361000,1145.22,1781.61,1.5556923560538585,5.799999999999997,80.49006697744953
02374500,02427250,445.72,675.24,1.5149421161267163,7.25,64.70696500055256
02381600,02384540,10.32,21.37,2.070736434108527,12.560000000000002,40.71434784994413
02381600,02395120,10.32,84.01,8.140503875968992,261.41999999999996,53.08388291095927
02384540,02395120,21.37,84.01,3.9312119794103886,248.85999999999999,71.64736759838102
02384540,03574500,21.37,813.8,38.08142255498362,161.84999999999997,147.41289459610604
02408540,02371500,682.41,1292.79,1.8944476194663034,116.39999999999999,149.37730749568777
02408540,02372250,682.41,1145.22,1.6781993229876468,119.32,147.38499079712076
02422500,02371500,527.55,1292.79,2.4505544498151837,18.980000000000004,127.95045646568354
02422500,02372250,527.55,1145.22,2.170827409724197,21.900000000000006,119.32194221807758
02430085,02464000,40.56,578.94,14.273668639053255,6.319999999999993,126.72931542592225
02430085,02464360,40.56,148.62,3.6642011834319526,35.889999999999986,130.06665390945759
02430615,02464360,28.71,148.62,5.176593521421108,18.69999999999999,126.09714008513345
02450250,02464000,231.83,578.94,2.4972609239528967,111.22999999999999,91.48465427798597
02464146,02430615,15.82,28.71,1.8147914032869785,7.990000000000009,133.88387784476055
02464146,02464360,15.82,148.62,9.394437420986094,26.689999999999998,12.311646695226777
02464146,02465493,15.82,83.42,5.27307206068268,39.31,47.42034764165593
02465493,02469800,83.42,422.68,5.066890433948694,23.370000000000005,144.31241821343338
02469800,02479300,422.68,1144.2,2.7070123970852653,12.939999999999998,133.3017660713613
02469800,02479560,422.68,1454.33,3.4407353080344465,13.449999999999989,111.9485709949203
02472500,02479560,789.94,1454.33,1.8410638782692355,49.05,113.95903806189273
02479155,02479300,137.28,1144.2,8.33479020979021,5.019999999999996,39.2331242884318
02479155,02479560,137.28,1454.33,10.593895687645688,5.529999999999987,58.41085570931753
02479155,02481000,137.28,249.23,1.8154865967365967,18.549999999999997,52.85660299592795
02479155,02481510,137.28,800.66,5.832313519813519,6.209999999999994,65.07290757995834
02479155,07375000,137.28,249.35,1.8163607226107226,16.179999999999993,126.14115143945621
03010655,01532000,254.44,553.94,2.177094796415658,127.91999999999996,144.7480876766288
03010655,01543000,254.44,705.5,2.7727558559974845,91.68999999999994,60.9715850563437
03010655,01543500,254.44,1778.26,6.988916836975318,87.61999999999989,72.093194677084
03010655,01548500,254.44,1557.05,6.1195173714824715,88.34999999999991,79.19436040765846
03010655,01550000,254.44,452.68,1.7791227794371955,179.64999999999992,114.07242921693594
03010655,01552000,254.44,1129.49,4.439121207357334,173.62999999999994,128.15309946204476
03010655,03015500,254.44,784.85,3.0846171985536865,142.49999999999994,93.41015963205004
03011800,01518862,100.1,233.91,2.336763236763237,27.840000000000032,99.83239268324186
03011800,01543000,100.1,705.5,7.047952047952048,85.34000000000003,58.51034413834433
03011800,01543500,100.1,1778.26,17.764835164835166,81.26999999999998,71.54891746454516
03011800,01544500,100.1,355.06,3.5470529470529475,77.11000000000001,80.94157278192417
03011800,01548500,100.1,1557.05,15.554945054945055,82.0,109.07379831983263
03011800,01550000,100.1,452.68,4.522277722277723,173.3,145.44090828172207
03011800,03015500,100.1,784.85,7.840659340659341,136.15000000000003,50.53032500108411
03011800,03021350,100.1,239.67,2.3943056943056944,143.31000000000006,92.31077673498763
03011800,03028000,100.1,161.11,1.6094905094905096,59.690000000000055,21.3632111702541
03011800,03049000,100.1,357.15,3.567932067932068,263.44000000000005,142.7271186373681
03011800,04216418,100.1,196.47,1.9627372627372628,95.16000000000008,127.16957386387728
03011800,04224775,100.1,231.84,2.316083916083916,109.25999999999999,119.61913958187938
03021350,04213000,239.67,455.3,1.8996954145283098,162.67999999999995,68.61424973521515
03026500,01543000,20.31,705.5,34.73658296405711,33.860000000000014,39.82203911976028
03026500,01543500,20.31,1778.26,87.55588380108321,29.789999999999964,52.68077228482943
03026500,01544500,20.31,355.06,17.482028557360906,25.629999999999995,64.82210286259858
03026500,01545600,20.31,120.0,5.908419497784343,58.25999999999999,78.50513128420252
03026500,01547700,20.31,113.54,5.590349581486953,223.66000000000003,102.99910868298961
03026500,01548500,20.31,1557.05,76.66420482520925,30.519999999999982,94.71375171196023
03026500,01549500,20.31,97.49,4.800098473658297,49.07000000000005,113.35385139975398
03026500,01550000,20.31,452.68,22.288527818808472,121.82,130.68743226311227
03026500,01552000,20.31,1129.49,55.61250615460365,115.80000000000001,142.75797933450906
03026500,01557500,20.31,115.3,5.677006400787789,187.24,109.20165270005583
03026500,03015500,20.31,784.85,38.64352535696702,84.67000000000002,66.19234622005335
03026500,03021350,20.31,239.67,11.800590841949779,91.83000000000004,108.66774268952638
03026500,03028000,20.31,161.11,7.932545544066963,8.210000000000036,11.43950972418092
03026500,03049000,20.31,357.15,17.58493353028065,211.96000000000004,138.5232986676341
03026500,04216418,20.31,196.47,9.673559822747416,43.680000000000064,139.18485820421722
03026500,04224775,20.31,231.84,11.415066469719351,57.77999999999997,123.68842353066155
03028000,01543000,161.11,705.5,4.3789957172118426,25.649999999999977,45.01094163642222
03028000,01543500,161.11,1778.26,11.037551983117124,21.579999999999927,56.87721380598776
03028000,01544500,161.11,355.06,2.203835888523369,17.41999999999996,72.97009195629177
03028000,01548500,161.11,1557.05,9.664514927689156,22.309999999999945,103.75721635217904
03028000,01550000,161.11,452.68,2.8097573086710943,113.60999999999996,139.30492372770271
03028000,03015500,161.11,784.85,4.871516355285209,76.45999999999998,60.34608697552054
03028000,03049000,161.11,357.15,2.216808391782012,203.75,127.45795450699546
03050000,01606500,487.29,1684.55,3.456976338525313,162.44000000000005,64.34581431076391
03050000,02016000,487.29,1194.55,2.451414968499251,353.7800000000001,113.63920971787762
03050000,02018000,487.29,852.34,1.7491432206694166,350.1400000000001,127.15674729705663
03050000,03069500,487.29,1856.85,3.8105645508834574,37.360000000000014,38.94490915429201
03050000,03182500,487.29,1364.97,2.801145108662193,64.31000000000006,72.61546213925799
03066000,01605500,222.79,463.85,2.082005476008798,215.14999999999998,55.79543862842894
03066000,01606500,222.79,1684.55,7.561156245792001,235.63,29.427607654732842
03066000,01632000,222.79,543.36,2.438888639526011,528.25,76.20789050554045
03066000,01666500,222.79,463.15,2.078863503747924,870.42,148.77030604747662
03066000,02011400,222.79,407.72,1.830064186004758,288.15,125.84292478595142
03066000,03050000,222.79,487.29,2.1872166614300466,73.18999999999994,50.25553722276644
03066000,03069500,222.79,1856.85,8.334530275147,110.54999999999995,18.361512354899375
03066000,03070500,222.79,517.38,2.322276583329593,472.28,58.004331898954995
03066000,03180500,222.79,345.06,1.54881278333857,14.980000000000018,72.1466682624413
03066000,03182500,222.79,1364.97,6.126711252749226,137.5,119.40341628465315
03076600,01632000,127.4,543.36,4.264992150706436,251.70000000000005,122.55400883913109
03076600,01632900,127.4,245.05,1.9234693877551021,378.17,125.11196993803776
03076600,01634500,127.4,263.98,2.072056514913658,451.02000000000004,111.63597462557486
03076600,03049000,127.4,357.15,2.8033751962323388,430.19000000000005,120.6612731821697
03076600,03070500,127.4,517.38,4.061067503924646,195.73000000000002,26.981137876526503
03078000,01632000,161.48,543.36,3.3648749071092396,223.29999999999995,120.93371240630897
03078000,01632900,161.48,245.05,1.517525390141194,349.7699999999999,119.96019110209502
03078000,01634500,161.48,263.98,1.634753529848898,422.61999999999995,97.8576167024243
03078000,03049000,161.48,357.15,2.2117290066881345,401.78999999999996,122.44188728562109
03078000,03070500,161.48,517.38,3.2039881099826606,167.32999999999993,49.59829862316221
03140000,03159540,70.35,400.85,5.697938877043355,54.89999999999998,144.46956953823576
03140000,04196800,70.35,608.07,8.643496801705759,11.039999999999964,140.02008862738094
03144000,04196800,363.41,608.07,1.6732340882199168,15.619999999999948,134.24849898077608
03161000,03164000,527.86,2952.74,5.593793808964498,67.61000000000001,47.54380685297755
03161000,03170000,527.86,794.64,1.5053991588678817,120.47000000000003,104.28724198284634
03165000,02014000,102.0,396.78,3.8899999999999997,16.590000000000032,143.3100722018531
03165000,02017500,102.0,276.15,2.7073529411764703,12.360000000000014,119.7763727448624
03165000,02018000,102.0,852.34,8.356274509803923,58.950000000000045,144.36062585598404
03165000,02053800,102.0,280.72,2.7521568627450983,1.9500000000000455,79.93484975177437
03165000,02056900,102.0,298.11,2.9226470588235296,284.56,105.45684170464568
03165000,02059500,102.0,485.41,4.758921568627451,388.49,137.50086398478624
03165000,02069700,102.0,221.13,2.1679411764705883,335.01,70.98389185003398
03165000,02070000,102.0,270.61,2.6530392156862748,398.96999999999997,83.6374226853664
03165000,02074500,102.0,288.53,2.8287254901960783,484.33,126.29966974536133
03165000,02111500,102.0,233.66,2.29078431372549,253.61,56.93455962582839
03165000,02112120,102.0,322.27,3.1595098039215683,247.60000000000002,45.40037426916862
03165000,02112360,102.0,205.3,2.0127450980392156,301.77,38.52709884657331
03165000,02118500,102.0,400.53,3.9267647058823525,370.81,73.43257227274799
03165000,02137727,102.0,329.54,3.2307843137254904,105.45000000000005,147.94991587451028
03165000,02140991,102.0,521.99,5.117549019607843,178.21000000000004,114.94907454128658
03165000,02143000,102.0,216.67,2.1242156862745096,308.28,115.40980446360712
03165000,02152100,102.0,154.99,1.5195098039215686,293.32,145.38437289139125
03170000,02016000,794.64,1194.55,1.5032593375616632,68.70000000000005,109.497641366342
03173000,02016000,773.32,1194.55,1.5447033569544302,105.91000000000008,102.01925576060533
03173000,03213700,773.32,2425.06,3.1359075156468212,139.0300000000001,145.7396659722004
03180500,01606500,345.06,1684.55,4.881904596302093,220.64999999999998,75.64940926486912
03180500,01632000,345.06,543.36,1.574682663884542,513.27,85.83156216761874
03180500,02016000,345.06,1194.55,3.461861705210688,411.99,83.85820054808623
03180500,02018000,345.06,852.34,2.4701211383527504,408.35,97.84383069842798
03180500,03069500,345.06,1856.85,5.381238045557294,95.56999999999994,65.72971396175396
03180500,03182500,345.06,1364.97,3.9557468266388454,122.51999999999998,47.49171722182848
03186500,01606500,329.68,1684.55,5.109651783547682,221.2299999999999,132.38262168589597
03186500,01632000,329.68,543.36,1.6481436544528028,513.8499999999999,144.801418915796
03186500,02016000,329.68,1194.55,3.6233620480465905,412.56999999999994,91.01420518094399
03186500,02018000,329.68,852.34,2.585355496238777,408.92999999999995,93.81572830288997
03186500,03069500,329.68,1856.85,5.632279786459597,96.14999999999986,108.11205106756795
03186500,03170000,329.68,794.64,2.410337296772628,343.8699999999999,149.29075899339446
03186500,03173000,329.68,773.32,2.3456685270565396,306.65999999999985,125.09589061081516
03186500,03182500,329.68,1364.97,4.140287551565154,123.09999999999991,37.576785581035736
03187500,01605500,207.41,463.85,2.2363916879610435,205.09000000000003,110.18814701076818
03187500,01606500,207.41,1684.55,8.121835977050287,225.57000000000005,140.51611598389445
03187500,02011400,207.41,407.72,1.9657682850392943,278.09000000000003,63.01952955843763
03187500,02013000,207.41,424.78,2.0480208283110746,370.13,69.004654527149
03187500,02014000,207.41,396.78,1.9130225157899812,370.9100000000001,75.9322341180581
03187500,02016000,207.41,1194.55,5.75936550793115,416.9100000000001,87.44579532590353
03187500,02018000,207.41,852.34,4.109445060508173,413.2700000000001,88.34168391996297
03187500,03050000,207.41,487.29,2.349404561014416,63.129999999999995,80.05295595706866
03187500,03069500,207.41,1856.85,8.952557735885444,100.49000000000001,117.6679198005631
03187500,03159540,207.41,400.85,1.9326454847885832,829.1500000000001,145.39154613123418
03187500,03170000,207.41,794.64,3.8312521093486334,348.21000000000004,139.881854415924
03187500,03173000,207.41,773.32,3.7284605371004296,311.0,115.3475020247763
03187500,03180500,207.41,345.06,1.6636613470903043,4.920000000000073,66.41734501330767
03187500,03182500,207.41,1364.97,6.581023094354178,127.44000000000005,36.6513908561985
03187500,03186500,207.41,329.68,1.5895087025697894,4.3400000000001455,10.009048140952162
03237280,03159540,32.95,400.85,12.165402124430956,15.70999999999998,124.59217966917782
03238500,03237500,568.5,1003.21,1.764661389621812,13.009999999999991,44.37671296331887
03241500,03237500,170.91,1003.21,5.86981452226318,47.47999999999996,109.66241206872233
03241500,03238500,170.91,568.5,3.326312094084606,34.46999999999997,96.23221826643423
03241500,04196800,170.91,608.07,3.5578374583113925,43.17999999999995,140.8996735482219
03280700,03281100,158.22,422.72,2.671722917456706,136.94,40.10317866707323
03280700,03281500,158.22,1838.22,11.618126659082291,163.88,47.74033928694669
03280700,03285000,158.22,822.34,5.197446593351031,216.76999999999998,130.73301270066682
03281100,03281500,422.72,1838.22,4.348552233156699,26.939999999999998,37.21471019505492
03281100,03285000,422.72,822.34,1.9453538985616956,79.82999999999998,96.423637973939
03291780,03366500,71.41,755.22,10.57582971572609,9.640000000000015,37.011407864100036
03340800,03338780,357.65,691.56,1.9336222563959178,54.89999999999998,77.29167101780287
03340800,03346000,357.65,814.69,2.277897385712289,94.64999999999998,123.37283759163088
03340800,05525500,357.65,1158.76,3.2399273032294142,50.819999999999965,111.96829693708455
03357350,03338780,7.75,691.56,89.23354838709676,45.389999999999986,95.8432299670175
03357350,03346000,7.75,814.69,105.12129032258065,85.13999999999999,133.82474585022933
03357350,03366500,7.75,755.22,97.44774193548388,18.44999999999999,139.96056048277262
03357350,05525500,7.75,1158.76,149.51741935483872,41.309999999999974,128.28330990435305
03364500,03340800,237.09,357.65,1.5084988822809902,6.430000000000007,122.90284134869621
03364500,03366500,237.09,755.22,3.185372643300013,34.389999999999986,52.37779148761377
03368000,03291780,29.72,71.41,2.4027590847913864,14.289999999999992,29.127101865078078
03368000,03300400,29.72,1128.58,37.97375504710632,9.689999999999998,138.59373381723628
03368000,03366500,29.72,755.22,25.411170928667566,23.930000000000007,33.754290382554316
03384450,05593575,111.13,217.67,1.958697021506344,12.939999999999998,132.02693672759435
03384450,05595730,111.13,236.76,2.130477818770809,14.789999999999992,97.07726323696855
03439000,02137727,178.67,329.54,1.844405887949852,261.0,91.8574072628047
03439000,02140991,178.67,521.99,2.921531314714278,333.76,126.65488364049754
03439000,02177000,178.67,526.77,2.9482845469300947,157.58999999999992,57.12985366575013
03439000,03498500,178.67,696.76,3.899703363743214,182.26,119.6420006597211
03439000,03500000,178.67,361.14,2.021268259920524,54.309999999999945,50.46709085357449
03450000,02111180,14.08,131.47,9.337357954545455,340.84000000000003,101.58980087308804
03450000,02111500,14.08,233.66,16.595170454545453,437.88,125.56126025887266
03450000,02112120,14.08,322.27,22.888494318181817,431.87,139.3349977739441
03450000,02137727,14.08,329.54,23.404829545454547,289.72,31.377565305674423
03450000,02140991,14.08,521.99,37.07315340909091,362.48,65.71581824783733
03450000,02143000,14.08,216.67,15.388494318181817,492.54999999999995,90.57793650420975
03450000,02143040,14.08,66.48,4.721590909090909,480.57,76.08330777165739
03450000,02149000,14.08,203.85,14.477982954545453,487.98999999999995,36.857171167877354
03450000,02152100,14.08,154.99,11.0078125,477.59,67.77248434223965
03450000,02177000,14.08,526.77,37.41264204545455,186.30999999999995,124.08535483396282
03450000,02178400,14.08,151.28,10.744318181818182,93.99000000000001,132.76009483656284
03450000,03161000,14.08,527.86,37.49005681818182,57.68999999999994,121.80408471690527
03450000,03439000,14.08,178.67,12.689630681818182,28.720000000000027,68.24882364507297
03450000,03498500,14.08,696.76,49.48579545454545,210.98000000000002,134.35918885169292
03450000,03500000,14.08,361.14,25.649147727272727,83.02999999999997,104.5428477563312
03455500,02137727,72.95,329.54,4.517340644276902,724.64,85.65859942898976
03455500,02140991,72.95,521.99,7.155448937628512,797.4,120.99480275356854
03455500,02143000,72.95,216.67,2.9701165181631253,927.4699999999999,142.46451430399804
03455500,02149000,72.95,203.85,2.794379712131597,922.9099999999999,74.9194531620717
03455500,02152100,72.95,154.99,2.124605894448252,912.51,114.22227591218405
03455500,02177000,72.95,526.77,7.2209732693625766,621.2299999999999,72.89437902488972
03455500,02178400,72.95,151.28,2.0737491432488007,528.91,77.90425135846027
03455500,03439000,72.95,178.67,2.449211788896504,463.64,29.914562141540166
03455500,03456500,72.95,133.43,1.829061000685401,164.68999999999983,9.531952257342974
03455500,03460000,72.95,127.02,1.7411925976696365,72.28999999999996,32.593856192499246
03455500,03463300,72.95,112.16,1.5374914324880053,301.15999999999985,83.54540987273641
03455500,03479000,72.95,235.6,3.22960932145305,286.78999999999996,137.47645269674035
03455500,03498500,72.95,696.76,9.551199451679231,645.9,95.96825388741983
03455500,03500000,72.95,361.14,4.95051405071967,517.9499999999999,48.58516995708046
03455500,03500240,72.95,145.86,1.9994516792323511,359.7099999999999,49.13497991913003
03455500,03504000,72.95,134.52,1.8440027416038383,287.1099999999999,68.67511740970242
03456500,02137727,133.43,329.54,2.4697594244172976,559.9500000000002,77.33426646838332
03456500,02140991,133.43,521.99,3.9120887356666416,632.7100000000002,112.49302034797415
03456500,02143000,133.43,216.67,1.6238477104099527,762.7800000000001,134.91691095407205
03456500,02149000,133.43,203.85,1.5277673686577231,758.22,68.81848266602371
03456500,02177000,133.43,526.77,3.947912763246646,456.5400000000001,82.22280400786325
03456500,03479000,133.43,235.6,1.7657198531064977,122.10000000000014,128.0121930339251
03456500,03498500,133.43,696.76,5.221914112268605,481.21000000000015,98.54938992169575
03456500,03500000,133.43,361.14,2.706587723900172,353.2600000000001,57.81701084203361
03460000,02137727,127.02,329.54,2.594394583530153,652.35,91.55231677105597
03460000,02140991,127.02,521.99,4.109510313336482,725.11,124.25955879764986
03460000,02149000,127.02,203.85,1.6048653755314124,850.6199999999999,91.17768184603811
03460000,02177000,127.02,526.77,4.147142182333491,548.9399999999999,97.22507147546575
03460000,03479000,127.02,235.6,1.8548260116517084,214.5,129.33688282195777
03460000,03498500,127.02,696.76,5.485435364509526,573.61,74.37630659930065
03460000,03500000,127.02,361.14,2.843174303259329,445.65999999999997,63.88158088976724
03463300,02111500,112.16,233.66,2.0832738944365192,571.6400000000001,99.00351488831528
03463300,02112120,112.16,322.27,2.8733059914407986,565.6300000000001,112.56761028254239
03463300,02112360,112.16,205.3,1.8304208273894438,619.8000000000001,134.77789018526414
03463300,02118500,112.16,400.53,3.5710592011412268,688.8400000000001,130.91899850075959
03463300,02137727,112.16,329.54,2.938124108416548,423.48000000000013,19.687943953748842
03463300,02140991,112.16,521.99,4.653976462196862,496.2400000000001,42.582575407287216
03463300,02143000,112.16,216.67,1.9317938659058487,626.3100000000001,72.3414632136266
03463300,02149000,112.16,203.85,1.8174928673323822,621.75,45.84865712566003
03463300,03161000,112.16,527.86,4.706312410841655,191.45000000000005,93.69483413031094
03463300,03164000,112.16,2952.74,26.32614122681883,259.06000000000006,141.1180112127569
03463300,03439000,112.16,178.67,1.5929921540656204,162.48000000000013,96.00887819638426
03463300,03471500,112.16,198.16,1.766761768901569,2.0400000000000773,114.56310480569049
03463300,03473000,112.16,784.81,6.997236091298145,109.37000000000012,96.17944719699943
03463300,03488000,112.16,578.21,5.155224679029958,212.7500000000001,124.77766327351478
03463300,03500000,112.16,361.14,3.2198644793152638,216.79000000000008,132.1203312331275
03471500,02112120,198.16,322.27,1.626312071053694,563.59,77.25233494005644
03471500,02118500,198.16,400.53,2.021245458215583,686.8,115.86478584632285
03471500,02137727,198.16,329.54,1.6629995962858297,421.44000000000005,125.53073557927976
03471500,02140991,198.16,521.99,2.634184497375858,494.20000000000005,103.30674729302837
03471500,03161000,198.16,527.86,2.6638070246265646,189.40999999999997,45.46434100505019
03471500,03164000,198.16,2952.74,14.900787242632216,257.02,59.49113946761124
03471500,03170000,198.16,794.64,4.0100928542591845,309.88,100.39694976964775
03471500,03173000,198.16,773.32,3.902503027856278,272.66999999999996,99.42489373079466
03471500,03213700,198.16,2425.06,12.237888574888979,411.70000000000005,116.63149352739894
03471500,03473000,198.16,784.81,3.9604864755752924,107.33000000000004,22.486811839445327
03471500,03488000,198.16,578.21,2.9178946306015345,210.71000000000004,18.29667588758125
03473000,03164000,784.81,2952.74,3.762362864897236,149.68999999999994,77.17312530755584
03473000,03213700,784.81,2425.06,3.089996304838114,304.37,119.967339183286
03479000,02118500,235.6,400.53,1.7000424448217317,703.21,100.28033751811567
03479000,02140991,235.6,521.99,2.215577249575552,510.61,46.17353777952755
03479000,03161000,235.6,527.86,2.2404923599320883,205.81999999999994,40.9663793809961
03479000,03164000,235.6,2952.74,12.532852292020372,273.42999999999995,88.03097976003455
03479000,03170000,235.6,794.64,3.372835314091681,326.28999999999996,143.63687294008787
03479000,03473000,235.6,784.81,3.3311120543293717,123.74000000000001,45.92151934238412
03479000,03488000,235.6,578.21,2.4542020373514433,227.12,73.43712642539892
03488000,03164000,578.21,2952.74,5.106691340516421,46.309999999999945,73.75304439159774
03488000,03213700,578.21,2425.06,4.194081735009771,200.99,98.40654214392927
03500000,03498500,361.14,696.76,1.9293348839785125,127.95000000000005,84.17754219817515
03500240,02137727,145.86,329.54,2.259289729877965,364.93000000000006,134.31925330339578
03500240,02177000,145.86,526.77,3.6114767585355816,261.52,39.184527325436484
03500240,03498500,145.86,696.76,4.776909365144658,286.19000000000005,82.63736847355972
03500240,03500000,145.86,361.14,2.475935828877005,158.24,1.6440735428992814
03504000,02149000,134.52,203.85,1.515388046387154,635.8,140.71269715675237
03504000,02177000,134.52,526.77,3.9159232827832287,334.12,45.01951325999452
03504000,03498500,134.52,696.76,5.1796015462384775,358.7900000000001,77.04321937550067
03504000,03500000,134.52,361.14,2.6846565566458516,230.84000000000003,21.866064378217732
04040500,04059500,419.83,1184.37,2.8210704332706094,183.19,140.32026358096562
04045500,04056500,1909.59,2945.89,1.54268193696029,3.780000000000001,91.41983922551933
04057800,04056500,115.87,2945.89,25.424095969621124,243.21999999999997,142.48836563918275
04057800,04057510,115.87,473.57,4.087080348666609,247.34999999999997,109.88915988268779
04057800,04059500,115.87,1184.37,10.22154138258393,162.12,98.09630947002402
04057800,04063700,115.87,362.57,3.129110209717787,2.930000000000007,93.07874451794486
04059500,04056500,1184.37,2945.89,2.4873054873054876,81.09999999999997,86.11941948827562
04063700,04059500,362.57,1184.37,3.2665967951016355,159.19,97.87949259081073
04105700,04122200,98.04,1048.28,10.69237046103631,33.30000000000001,142.747725210572
04105700,04185000,98.04,1064.0,10.852713178294573,27.27000000000004,121.46915361293392
04115265,04122200,95.78,1048.28,10.944664856963875,9.949999999999989,103.94752952661513
04127918,04056500,548.29,2945.89,5.372868372576557,1.0600000000000023,121.75514381364056
04127997,04056500,487.16,2945.89,6.047068724854257,123.98000000000002,147.6206904728673
04127997,04124000,487.16,2243.63,4.605530010674111,20.30000000000001,127.21354512233728
04196800,04185000,608.07,1064.0,1.7497985429309124,26.02000000000004,111.1627047820419
04197100,04185000,388.21,1064.0,2.740784626877206,47.81999999999999,122.67040205162648
04197100,04196800,388.21,608.07,1.566342958707916,21.799999999999955,22.92316290306836
04197170,04185000,95.21,1064.0,11.175296712530198,24.400000000000034,113.96960643564577
04213075,04213000,11.65,455.3,39.081545064377686,35.44999999999999,26.855209483440984
04216418,03015500,196.47,784.85,3.9947574693337407,40.98999999999995,140.92600706384087
04221000,01543500,750.88,1778.26,2.3682346047304494,110.96999999999991,90.32766478042295
04221000,01548500,750.88,1557.05,2.0736336032388665,111.69999999999993,79.0153493423872
04221000,01552000,750.88,1129.49,1.5042217131898572,196.97999999999996,123.99829299852253
04224775,01510000,231.84,382.99,1.6519582470669427,37.240000000000066,147.8448684583377
04224775,01532000,231.84,553.94,2.3893202208419604,12.31000000000006,136.39794578579776
04224775,01550000,231.84,452.68,1.9525534851621809,64.04000000000002,136.0612332748661
04224775,01552000,231.84,1129.49,4.871851276742581,58.02000000000004,149.69130402863425
04233000,01539000,91.9,701.78,7.636343852013057,100.25999999999999,146.52518082564805
04256000,01510000,232.45,382.99,1.6476231447623146,4.28000000000003,141.73742413146473
05056000,05057000,4862.02,7582.46,1.5595287555378217,12.629999999999995,66.197131217296
05120500,05056000,1509.83,4862.02,3.2202433386540212,22.269999999999982,140.7087275581812
05120500,05123400,1509.83,3206.1,2.123484100859037,23.70999999999998,50.616984065460045
05129115,05131500,2357.59,4383.51,1.8593182020622754,15.039999999999964,74.1426168338498
05393500,04027000,220.44,1619.85,7.348258029395754,61.31999999999999,127.97997335161038
05393500,04063700,220.44,362.57,1.6447559426601344,13.79000000000002,123.01134830266517
05393500,04074950,220.44,1205.53,5.468744329522773,4.759999999999991,101.58267391152603
05393500,05362000,220.44,1477.29,6.701551442569406,53.06,77.9207996536677
05393500,05399500,220.44,576.3,2.614316820903647,78.45999999999998,70.18575698019009
05408000,05412500,689.33,3858.21,5.597043506013085,20.700000000000045,105.4554679970282
05414000,05413500,370.79,695.33,1.8752663232557512,11.21999999999997,14.661343329752208
05444000,05466500,376.35,1151.57,3.059837916832735,19.439999999999998,132.38598849865195
05454000,05466500,65.38,1151.57,17.613490364025697,3.299999999999983,71.66018429259837
05458000,05412500,776.76,3858.21,4.9670554611463,28.32000000000005,106.29321905946479
05466500,05585000,1151.57,3354.61,2.9130751929973866,24.129999999999995,132.30021707850153
05488200,05489000,234.21,964.76,4.119209256650015,0.9900000000000091,14.603794181570356
05495000,05584500,1027.55,1695.67,1.650206802588682,38.81999999999999,59.847794356390764
05495000,05585000,1027.55,3354.61,3.26466838596662,38.69,91.65996993804978
05495500,05584500,905.56,1695.67,1.8725098281726227,5.719999999999999,42.85800655370721
05495500,05585000,905.56,3354.61,3.704459119219047,5.590000000000003,61.44594629680894
05501000,05584500,922.83,1695.67,1.8374673558510235,18.049999999999983,77.72699142503237
05501000,05585000,922.83,3354.61,3.6351332314727522,17.919999999999987,78.9698449878551
05503800,05495500,212.64,905.56,4.258653122648608,29.23999999999998,83.57958483662235
05503800,05501000,212.64,922.83,4.339870203160271,16.909999999999997,48.25992878031542
05503800,05508805,212.64,536.4,2.5225733634311513,9.099999999999994,56.248788175913546
05503800,05514500,212.64,2407.41,11.321529345372461,6.569999999999993,108.37531755375396
05503800,05584500,212.64,1695.67,7.974369826937548,34.95999999999998,124.96966961382064
05503800,05585000,212.64,3354.61,15.776006395786307,34.829999999999984,126.18698436125015
05507600,05495500,275.38,905.56,3.288401481589077,29.22,84.236417932738
05507600,05501000,275.38,922.83,3.351114823153461,16.890000000000015,45.07796601597114
05507600,05508805,275.38,536.4,1.9478538746459437,9.080000000000013,30.289594939972567
05507600,05514500,275.38,2407.41,8.742138136393347,6.550000000000011,76.36429025914389
05507600,05584500,275.38,1695.67,6.15756409325296,34.94,120.08407601047294
05507600,05585000,275.38,3354.61,12.181748856126081,34.81,111.0452923081241
05508805,05495500,536.4,905.56,1.6882177479492915,20.139999999999986,69.20479931205553
05508805,05501000,536.4,922.83,1.7204138702460852,7.810000000000002,36.314810119972925
05508805,05584500,536.4,1695.67,3.1612043251305,25.859999999999985,97.77052853049453
05508805,05585000,536.4,3354.61,6.253933631618196,25.72999999999999,82.6825100695621
05591550,03346000,96.21,814.69,8.467830786820498,37.71000000000001,74.56899280664503
05591550,05592050,96.21,254.12,2.6413054776010814,20.05000000000001,33.59768221512986
05591550,05593575,96.21,217.67,2.262446731109032,57.78,141.17854345899715
05591550,05593900,96.21,145.45,1.5117971104874752,14.390000000000015,81.3314994491095
05591550,05595730,96.21,236.76,2.460866853757406,59.629999999999995,146.18602228290104
05592050,03346000,254.12,814.69,3.205926334015426,17.659999999999997,93.00088169435527
05592575,03346000,115.25,814.69,7.06889370932755,2.969999999999999,87.45135961214503
05592575,05593575,115.25,217.67,1.8886767895878525,23.039999999999992,68.22047034435086
05592575,05595730,115.25,236.76,2.0543167028199565,24.889999999999986,76.32666033428268
05593900,03346000,145.45,814.69,5.60116878652458,23.319999999999993,122.40163766282386
05593900,05592050,145.45,254.12,1.7471295977999315,5.659999999999997,48.53611934990919
05593900,05595730,145.45,236.76,1.627775867995875,45.23999999999998,103.14828053044266
06037500,06043500,1126.25,2120.42,1.882725860155383,38.179999999999836,94.80533625383444
06188000,06191500,1730.28,6783.59,3.920515754675544,21.640000000000327,37.55808086181425
06221400,06224000,227.88,484.86,2.1276987888362298,219.98000000000002,25.16148730413037
06221400,06280300,227.88,793.95,3.4840705634544498,333.2800000000002,96.6369460578844
06221400,13011500,227.88,404.08,1.7732139722661049,936.0900000000001,105.3839330639532
06221400,13011900,227.88,851.8,3.7379322450412498,653.4200000000001,99.46499954535618
06221400,13023000,227.88,1161.93,5.098867825171143,895.1800000000003,128.8720845221984
06224000,06280300,484.86,793.95,1.6374829847791115,113.30000000000018,118.123823099767
06224000,13011900,484.86,851.8,1.7567957761003175,433.44000000000005,123.99971554614822
06224000,13023000,484.86,1161.93,2.3964237099368892,675.2000000000003,143.9186727044307
06278300,06289000,58.85,471.27,8.007986406117247,445.3800000000001,57.930828964128956
06278300,06291500,58.85,217.96,3.703653355989805,714.8800000000001,70.49627747954068
06280300,06188000,793.95,1730.28,2.179331192140563,433.92999999999984,103.99977883698872
06280300,06191500,793.95,6783.59,8.544102273442912,455.57000000000016,140.374372816742
06311000,06289000,61.23,471.27,7.69671729544341,7.880000000000109,116.82604544047929
06311000,06291500,61.23,217.96,3.5596929609668466,277.3800000000001,128.91592661459487
06339100,06339500,529.14,3171.46,5.993612276524171,47.94999999999993,54.41026271221412
06344600,06339500,402.5,3171.46,7.879403726708075,85.25,76.50879430817591
06350000,06339500,1501.05,3171.46,2.112827687285567,122.44999999999993,89.17119849940258
06350000,06353000,1501.05,4526.51,3.0155624396255956,66.05999999999995,100.78191996321439
06350000,06354000,1501.05,10598.19,7.060517637653643,89.88999999999999,124.14704022382297
06352000,06339500,1441.83,3171.46,2.1996074433185604,129.64999999999998,115.63017953983378
06352000,06353000,1441.83,4526.51,3.139420042584771,73.25999999999999,88.15808297961387
06352000,06354000,1441.83,10598.19,7.350512889869125,97.09000000000003,120.8956201927257
06353000,06354000,4526.51,10598.19,2.3413601207110997,23.83000000000004,44.08608466514973
06404000,06406000,151.83,436.34,2.873872093789106,168.69999999999982,12.306931284589202
06404000,06440200,151.83,649.19,4.2757689521175,749.2599999999999,126.16055689521886
06404000,06447000,151.83,12849.71,84.63222024632812,448.98,145.97833546362938
06406000,06447000,436.34,12849.71,29.448847229224917,280.2800000000002,134.40225671864388
06406000,06447500,436.34,826.61,1.8944171975982034,296.5,146.15185640165555
06408700,06404000,20.8,151.83,7.299519230769231,512.0400000000002,51.04471370953118
06408700,06406000,20.8,436.34,20.977884615384614,680.74,63.14574020282505
06408700,06409000,20.8,205.33,9.871634615384616,57.86000000000013,13.8660351621463
06408700,06431500,20.8,427.1,20.533653846153847,128.5,38.455307244294175
06409000,06406000,205.33,436.34,2.125066965372814,622.8799999999999,54.84438328608131
06409000,06431500,205.33,427.1,2.0800662348414747,70.63999999999987,52.197039760824
06440200,06441500,649.19,8152.55,12.558033857576364,73.42000000000007,117.28061218635723
06447500,06450500,826.61,4111.27,4.973651419653767,128.48000000000013,86.00693474522964
06450500,06441500,4111.27,8152.55,1.982976063357551,229.0,85.78825538894641
06468170,05056000,2809.1,4862.02,1.730810579901036,22.909999999999968,29.63022280943974
06468170,05057000,2809.1,7582.46,2.6992488697447583,35.539999999999964,64.28154725548208
06468250,05057000,3242.61,7582.46,2.3383817357005623,27.79000000000002,58.05326183973955
06479215,05291000,175.28,1046.78,5.972044728434504,137.11,56.074797249785014
06479215,06470800,175.28,1071.14,6.111022364217253,145.98000000000002,134.9684366485407
06479215,06479438,175.28,951.91,5.430796439981743,14.990000000000009,19.498520090635587
06614800,06622700,4.03,98.7,24.491315136476427,459.4899999999998,111.7168909022642
06614800,06623800,4.03,187.66,46.56575682382134,326.3199999999997,99.87249206798973
06614800,06632400,4.03,162.99,40.44416873449131,295.27,124.77056991308417
06614800,09035800,4.03,22.94,5.6923076923076925,25.610000000000127,78.54876976589762
06614800,09035900,4.03,72.84,18.074441687344912,56.07999999999993,79.12779458333335
06614800,09066200,4.03,16.1,3.9950372208436726,224.86000000000013,102.0075391114979
06614800,09066300,4.03,15.52,3.851116625310173,353.21000000000004,104.28759781446135
06746095,06622700,8.9,98.7,11.089887640449438,533.04,106.73132680968143
06746095,06623800,8.9,187.66,21.085393258426965,399.8699999999999,95.82191787465376
06746095,06632400,8.9,162.99,18.313483146067416,368.82000000000016,119.67293733144307
06746095,09035800,8.9,22.94,2.5775280898876405,99.16000000000031,83.12256528538131
06746095,09035900,8.9,72.84,8.184269662921348,129.6300000000001,83.6941168829724
06746095,09047700,8.9,23.57,2.648314606741573,36.539999999999964,105.41724542145295
06746095,09065500,8.9,37.78,4.244943820224719,20.2800000000002,107.06826098095885
06746095,09066200,8.9,16.1,1.8089887640449438,298.4100000000003,105.9854673422852
06746095,09066300,8.9,15.52,1.743820224719101,426.7600000000002,108.12260536636235
06814000,06892000,713.83,1092.72,1.5307846406007033,96.63,131.94683530092118
06853800,06876700,589.43,1056.44,1.7923078228118694,110.60000000000002,91.6668221914874
06879650,06814000,11.51,713.83,62.01824500434405,0.8199999999999932,102.8954623259538
06879650,06878000,11.51,776.42,67.45612510860121,8.069999999999993,39.2242892593832
06879650,06885500,11.51,1062.87,92.34317984361424,7.189999999999998,65.80466412548523
06879650,06889200,11.51,385.66,33.50651607298002,54.27999999999997,62.77346567711821
06879650,06889500,11.51,748.58,65.03735881841877,66.50999999999999,75.0963925467289
06879650,06892000,11.51,1092.72,94.93657688966117,97.44999999999999,136.70556687655437
06879650,06910800,11.51,444.6,38.62728062554301,25.160000000000025,80.93053482362309
06879650,06911900,11.51,293.06,25.46133796698523,34.56999999999999,78.79102846317188
06889200,06889500,385.66,748.58,1.9410361458279313,12.230000000000018,20.922548333341357
06889200,06892000,385.66,1092.72,2.8333765492921223,43.170000000000016,76.86369566857303
06903400,05487980,481.42,882.73,1.8335964438535997,12.160000000000025,32.80553184245332
06903400,05489000,481.42,964.76,2.0039882015703543,40.74000000000001,41.82268281853609
06910800,06889500,444.6,748.58,1.6837156995051732,41.349999999999966,62.64613493524032
06910800,06892000,444.6,1092.72,2.4577597840755736,72.28999999999996,102.52317719528024
06910800,06917000,444.6,765.78,1.7224021592442644,80.75,124.79926767124667
06911900,06889500,293.06,748.58,2.5543574694601787,31.939999999999998,44.27623610590816
06911900,06892000,293.06,1092.72,3.728656247867331,62.879999999999995,84.44651592314996
06911900,06917000,293.06,765.78,2.6130485224868627,71.34000000000003,124.46207110072967
06918460,06919500,650.69,1069.42,1.6435168820790238,68.0,48.45125018011077
06921070,06906800,712.59,1414.75,1.9853632523611051,95.06,118.42405947583026
06921070,06919500,712.59,1069.42,1.5007507823573163,69.84999999999997,47.4986608407337
06921200,06906800,323.62,1414.75,4.371639577281997,59.25,108.76874380236004
06921200,06917000,323.62,765.78,2.366293801371979,42.24000000000001,130.49197326354775
06921200,06919500,323.62,1069.42,3.3045547246770908,34.039999999999964,54.343653273013125
06921200,06934000,323.62,8264.9,25.538903652431863,3.4699999999999704,145.14427023692878
07057500,07068000,1456.44,5318.59,3.651774189118673,31.180000000000007,124.98489881189998
07060710,07261000,150.03,445.81,2.971472372192228,75.28999999999996,79.35783552682157
07066000,06934000,1053.5,8264.9,7.845182724252491,8.370000000000005,143.1676600127607
07066000,07014500,1053.5,3845.5,3.6502135738016137,13.090000000000032,113.83212683378513
07066000,07067000,1053.5,4349.01,4.1281537731371625,17.620000000000005,35.52821281655283
07066000,07068000,1053.5,5318.59,5.048495491219744,49.73000000000002,74.57880824638502
07066000,07071500,1053.5,2023.77,1.9209966777408638,60.160000000000025,57.91319366853428
07083000,09081600,60.76,432.89,7.124588545095458,466.49000000000024,72.52226095479107
07083000,09107000,60.76,331.62,5.457867017774852,157.17000000000007,37.92516634899574
07167500,06917000,319.62,765.78,2.3959076403228834,87.27000000000004,136.97826627455365
07167500,07184000,319.62,510.84,1.5982729491270884,102.37,115.29460953444338
07180500,06878000,275.51,776.42,2.818119124532685,48.93000000000001,94.6832956917319
07180500,06888500,275.51,842.35,3.0574207832746545,30.52000000000004,112.7293325729149
07180500,06889500,275.51,748.58,2.717070160792712,107.37,138.56077810522524
07180500,06910800,275.51,444.6,1.6137345286922435,66.02000000000004,85.76465278862281
07195800,07184000,38.23,510.84,13.36228093120586,90.07999999999998,125.91184916529244
07195800,07197000,38.23,808.45,21.147004969918914,22.20999999999998,51.995535036025515
07196900,07197000,106.35,808.45,7.601786553831689,81.25999999999999,32.02879493020516
07263295,07261000,119.03,445.81,3.7453583130303283,63.00999999999999,57.84184037827668
07291000,02472000,479.3,1927.13,4.020717713331942,5.890000000000001,131.75961580121856
07291000,02472500,479.3,789.94,1.6481118297517214,15.399999999999991,129.53738852727145
07291000,07290650,479.3,1688.73,3.5233256832881286,23.33,58.00125988217335
07291000,07292500,479.3,2073.09,4.325245149175882,13.319999999999993,37.222201472221435
07295000,08013000,466.58,1293.69,2.7727077885893094,19.929999999999993,133.6930464426294
07315200,07315700,501.62,1488.69,2.967764443204019,23.160000000000025,52.33161853484097
07335700,07197000,102.57,808.45,7.881934288778396,101.49000000000001,144.10189687897054
07335700,07340300,102.57,230.43,2.2465633226089503,107.64000000000004,44.96373500445359
07335700,07359610,102.57,342.23,3.336550648337721,149.10000000000002,96.51379323009651
07359610,07362100,342.23,996.08,2.9105572275954765,218.43,135.60943578839627
07362587,07060710,69.77,150.03,2.1503511537910276,14.650000000000034,148.34802088055588
07362587,07261000,69.77,445.81,6.38970904400172,89.94,73.68914046786288
07362587,07263295,69.77,119.03,1.706034112082557,26.930000000000007,16.932862055688844
07373000,08014500,131.18,1305.15,9.949306296691569,5.539999999999999,103.93420885095627
08023080,08029500,187.61,333.4,1.7770907734129309,8.099999999999994,129.80266329073856
08025500,08013000,383.02,1293.69,3.3776043026473817,19.939999999999998,87.27225559032219
08025500,08014500,383.02,1305.15,3.407524411257898,37.94,89.98230167718208
08029500,08013000,333.4,1293.69,3.880293941211758,2.799999999999997,107.88487157408116
08029500,08014500,333.4,1305.15,3.9146670665866834,20.799999999999997,86.30839426742862
08029500,08070200,333.4,989.37,2.96751649670066,7.670000000000002,148.54507220084386
08066200,08070000,364.12,841.06,2.309842908931121,2.1299999999999955,44.455787546900076
08066200,08070200,364.12,989.37,2.7171536855981544,15.719999999999999,65.42698702891119
08082700,07315200,276.04,501.62,1.8172004057382987,143.74,138.7040696665414
08103900,08104900,86.0,342.62,3.983953488372093,65.53000000000003,45.847045700643505
08103900,08109700,86.0,610.13,7.0945348837209306,239.92000000000002,125.64081291863893
08103900,08155200,86.0,232.74,2.706279069767442,45.64000000000004,69.23845525349134
08103900,08158700,86.0,320.34,3.724883720930232,15.0,92.17629963503886
08103900,08171300,86.0,1067.47,12.412441860465117,3.740000000000009,104.36694793968344
08104900,08109700,342.62,610.13,1.7807775377969761,174.39,81.81057145674693
08109700,08175000,610.13,1421.66,2.3300935866126893,29.780000000000015,135.60303215788724
08150800,08101000,557.52,1177.1,2.111314392308796,175.41999999999996,135.70274899690233
08150800,08171300,557.52,1067.47,1.914675706701105,184.41999999999996,135.6915850653465
08150800,08178880,557.52,850.58,1.525649304060841,21.090000000000032,102.29390574416139
08155200,08109700,232.74,610.13,2.621508979977657,194.27999999999997,98.10755933628192
08155200,08164300,232.74,861.54,3.701727249291054,234.60999999999999,141.47797374802244
08155200,08175000,232.74,1421.66,6.1083612614935126,224.06,128.69672287230722
08158700,08109700,320.34,610.13,1.9046325778859963,224.92000000000002,109.76459911660184
08158700,08164300,320.34,861.54,2.6894549541112567,265.25,134.14752994151624
08158700,08175000,320.34,1421.66,4.437972154585753,254.70000000000005,110.55009288828867
08158810,08109700,31.79,610.13,19.192513368983956,165.0,101.52833702226606
08158810,08164300,31.79,861.54,27.100975149418055,205.33,133.0046866386552
08158810,08175000,31.79,1421.66,44.720352312047815,194.78000000000003,114.78878895230767
08164300,08164000,861.54,2124.0,2.465352740441535,29.629999999999995,57.687246511899914
08164300,08189500,861.54,1808.29,2.0989042876709147,35.41,138.31630596448892
08165300,08171300,435.99,1067.47,2.4483818436202665,289.98,142.5101617252508
08165300,08178880,435.99,850.58,1.950916305419849,126.65000000000009,48.63175674336059
08165300,08190000,435.99,1961.43,4.498795843941375,101.44000000000005,92.00773901176122
08165300,08190500,435.99,1799.09,4.1264478543085845,78.81000000000006,105.10278851305146
08165300,08195000,435.99,1028.29,2.3585173971880087,91.00999999999999,70.96614699259793
08176900,08164000,925.44,2124.0,2.2951244813278007,15.36,53.688078762741725
08176900,08189500,925.44,1808.29,1.9539786479944674,21.14,63.557058622818424
08195000,08190000,1028.29,1961.43,1.9074677377004543,10.430000000000064,29.095674065150906
08196000,08198500,326.98,624.35,1.909444002691296,97.32,36.028868265655504
08200000,08171300,249.11,1067.47,4.285135080887961,85.10999999999996,136.81977321720782
08200000,08198500,249.11,624.35,2.506322508128939,24.889999999999986,36.313213543309686
08200000,08202700,249.11,434.75,1.7452129581309461,65.31,22.469695594392316
08202700,08171300,434.75,1067.47,2.455365152386429,19.799999999999955,149.32537448400956
08267500,07208500,96.26,159.22,1.6540619156451277,331.2399999999998,55.7255193890167
08267500,08269000,96.26,163.27,1.6961354664450448,215.23999999999978,12.306753554399792
08267500,08324000,96.26,1207.95,12.548826095990027,547.1300000000001,144.7285456878537
08267500,08378500,96.26,444.96,4.6224807812175355,41.36999999999989,93.35073958833537
08267500,08380500,96.26,198.06,2.0575524620818615,483.4499999999998,101.20520960202869
08269000,08324000,163.27,1207.95,7.398481043669994,331.8900000000003,141.07143605084164
08271000,07208500,43.77,159.22,3.6376513593785695,47.5,52.401949355626634
08271000,08324000,43.77,1207.95,27.59766963673749,263.3900000000003,143.99608750268789
08271000,08380500,43.77,198.06,4.5250171350239885,199.71000000000004,97.11003307160364
08377900,08324000,139.03,1207.95,8.688412572826008,558.2800000000002,98.81666401147119
08377900,08378500,139.03,444.96,3.200460332302381,52.51999999999998,7.970643939365922
08378500,08324000,444.96,1207.95,2.714738403451996,505.7600000000002,95.9523022861334
08380500,08324000,198.06,1207.95,6.098909421387458,63.68000000000029,128.7020078831501
09034900,07083000,15.65,60.76,3.882428115015974,113.7199999999998,77.41548227238741
09034900,09035900,15.65,72.84,4.654313099041533,330.42999999999984,11.323911791004772
09034900,09047700,15.65,23.57,1.506070287539936,237.3399999999997,19.28817394498404
09034900,09065500,15.65,37.78,2.4140575079872204,221.07999999999993,35.13996507588383
09034900,09066000,15.65,32.41,2.0709265175718845,166.04999999999973,35.6936511646362
09034900,09081600,15.65,432.89,27.66070287539936,580.21,127.64233933993076
09034900,09107000,15.65,331.62,21.189776357827476,270.8899999999999,115.07332243918754
09035800,09035900,22.94,72.84,3.1752397558849172,30.4699999999998,0.6338475285576389
09035800,09081600,22.94,432.89,18.870531822144724,280.25,120.84858375912358
09035900,09081600,72.84,432.89,5.943025809994508,249.7800000000002,120.27324932886602
09047700,09035900,23.57,72.84,3.0903691132795927,93.09000000000015,22.93772346898144
09047700,09081600,23.57,432.89,18.366143402630463,342.87000000000035,115.07033641744694
09047700,09107000,23.57,331.62,14.069579974543911,33.55000000000018,96.35132171648704
09065500,09035900,37.78,72.84,1.9280042350449973,109.34999999999991,28.382744909609833
09065500,09081600,37.78,432.89,11.458178930651137,359.1300000000001,92.52924928910187
09065500,09107000,37.78,331.62,8.777660137638962,49.809999999999945,88.67954098008393
09066000,09035900,32.41,72.84,2.2474544893551376,164.3800000000001,29.903302884723622
09066000,09081600,32.41,432.89,13.35668003702561,414.1600000000003,92.04741069336654
09066000,09107000,32.41,331.62,10.232027152113547,104.84000000000015,85.87700697559545
09066200,09081600,16.1,432.89,26.887577639751548,81.0,90.3866430597606
09223000,13023000,333.15,1161.93,3.487708239531743,7.059999999999945,116.84610819826776
09430600,09447800,190.52,781.96,4.104346000419904,731.3499999999999,85.42781386489703
09447800,09484600,781.96,1179.59,1.5085042713182257,47.809999999999945,148.38214506322316
09480000,09484600,213.38,1179.59,5.528118849001781,216.56999999999994,76.12862707146893
09492400,09430500,128.97,4804.93,37.25618360859115,241.62999999999965,145.6256334847635
09492400,09447800,128.97,781.96,6.063115453206172,1073.6799999999998,99.89314483663289
09492400,09494000,128.97,1628.23,12.624874001705823,315.0499999999997,33.92446096737057
09492400,09497800,128.97,750.86,5.821974102504458,822.0799999999997,68.67332460381931
09492400,09497980,128.97,516.8,4.00713344188571,813.5999999999997,96.22685986119252
09505200,09497800,285.68,750.86,2.6283253990478856,200.32999999999993,137.99046040987446
09505200,09497980,285.68,516.8,1.8090170820498457,191.8499999999999,120.37901599995246
09505350,09497800,365.66,750.86,2.053437619646666,90.02999999999997,149.05952295150811
09508300,09510200,93.0,425.31,4.573225806451613,208.82999999999993,53.73076844390596
09508300,09512280,93.0,188.71,2.0291397849462367,203.52999999999997,38.790695475634536
09508300,09513780,93.0,177.47,1.908279569892473,304.70000000000005,42.78185539783327
09512280,09510200,188.71,425.31,2.2537756345715647,5.2999999999999545,43.72719754696163
10172800,10166430,11.07,70.17,6.338753387533876,507.16999999999985,41.35884227206703
10172800,10172700,11.07,69.93,6.317073170731708,232.39999999999986,59.79730575737993
10258000,10258500,43.69,241.51,5.527809567406729,42.07999999999993,7.019519199102357
10258000,10259200,43.69,79.12,1.8109407186999316,231.3499999999999,24.743767992157924
10259000,10259200,22.46,79.12,3.522707034728406,94.04999999999995,20.456446083974857
10263500,10258500,59.46,241.51,4.0617221661621254,322.27,141.6582463287596
10316500,13161500,64.78,986.13,15.222753936400123,430.8699999999999,139.13890551881735
10336645,10310500,19.6,39.49,2.014795918367347,456.74,28.474892380602203
10336645,10336660,19.6,29.8,1.5204081632653061,244.25999999999976,7.234915988210465
10336645,11284400,19.6,41.72,2.1285714285714286,1460.21,134.66779228852204
10336645,11299600,19.6,37.32,1.9040816326530612,2057.12,128.7615182465887
10336740,10310500,5.54,39.49,7.128158844765343,217.18000000000006,12.929404082975863
10336740,10336660,5.54,29.8,5.379061371841155,4.699999999999818,20.084245040060633
10336740,10348850,5.54,19.14,3.4548736462093865,76.38000000000011,32.677981195258205
10336740,11284400,5.54,41.72,7.530685920577617,1220.65,137.90279249748764
10336740,11299600,5.54,37.32,6.736462093862816,1817.56,136.4156285223514
10348850,10310500,19.14,39.49,2.0632183908045976,140.79999999999995,27.308280530033315
11143000,11148900,120.61,403.45,3.3450791808307767,301.30999999999995,79.49426686898447
11143000,11151300,120.61,608.23,5.042948345908299,228.5,63.43997832777379
11143000,11176400,120.61,338.56,2.8070640908714037,62.90999999999997,146.49519440892453
11143000,11224500,120.61,247.44,2.0515711798358347,106.0,116.88554932634558
11143000,11274500,120.61,347.75,2.883260094519526,386.59,132.20732850766197
11143000,11274630,120.61,187.44,1.5540999917088134,246.78999999999996,146.81524772820697
11180960,11180500,15.06,24.32,1.6148738379814076,82.80000000000001,12.704096313378827
11224500,11148900,247.44,403.45,1.6304962819269317,195.30999999999995,73.39388266792777
11224500,11151300,247.44,608.23,2.4580908503071455,122.5,53.74218674157854
11230500,11264500,135.53,467.98,3.4529624437393935,387.99000000000024,67.56848150606082
11230500,11266500,135.53,833.08,6.14683095993507,508.2800000000002,74.12491871647804
11237500,11253310,59.82,120.44,2.0133734536944163,1399.0499999999997,140.12841591889145
11253310,11148900,120.44,403.45,3.349800730654268,339.44999999999993,90.41551467408347
11253310,11151300,120.44,608.23,5.050066423115244,266.64,58.613581318104366
11253310,11224500,120.44,247.44,2.054466954500166,144.14,21.1130157713361
11253310,11274500,120.44,347.75,2.887329790767187,424.72999999999996,118.74703905663861
11253310,11274630,120.44,187.44,1.5562935901693788,284.92999999999995,138.8917511244386
11264500,11266500,467.98,833.08,1.7801615453651867,120.28999999999996,9.596261412477709
11274630,11274500,187.44,347.75,1.85526034997866,139.8,20.418685135479564
11284400,11176400,41.72,338.56,8.115052732502397,196.21000000000004,135.51094913820904
11284400,11274500,41.72,347.75,8.335330776605945,519.8900000000001,101.44905600872744
11284400,11274630,41.72,187.44,4.4928092042186005,380.09000000000003,98.42644704561981
11383500,11473900,539.78,1925.01,3.566286264774538,15.710000000000036,122.41037129106478
11383500,11528700,539.78,1980.08,3.6683093112008596,34.489999999999895,148.88851824696073
11451100,11468500,155.09,273.51,1.763556644528983,464.38000000000005,100.526905970437
11475560,11468500,16.79,273.51,16.29005360333532,316.50000000000006,34.464242670446545
11475560,11476600,16.79,71.85,4.27933293627159,113.89000000000004,75.61394627632508
11475560,11481200,16.79,105.4,6.277546158427636,307.35,147.22869096191064
11476600,11468500,71.85,273.51,3.8066805845511484,202.61,105.11778130094751
11478500,11532500,572.38,1577.96,2.7568398616303855,32.68999999999994,146.60901297087307
11480390,11473900,242.6,1925.01,7.934913437757626,11.790000000000191,64.28077130789849
11480390,11478500,242.6,572.38,2.3593569661995053,291.8800000000001,51.86519605527172
11480390,11482500,242.6,718.04,2.9597691673536684,502.6500000000001,127.94208241941396
11480390,11528700,242.6,1980.08,8.161912613355318,30.57000000000005,42.81228420721491
11523200,11482500,382.94,718.04,1.875071812816629,1067.42,114.49409363052422
11523200,11522500,382.94,1943.12,5.074215281767378,335.1100000000001,71.01485953261364
11523200,11528700,382.94,1980.08,5.170731707317073,595.34,83.83263565587775
11523200,11532500,382.94,1577.96,4.120645531937118,889.34,137.00014179325046
12013500,12035000,337.69,769.9,2.279901684977346,159.87,40.69771165666871
12020000,12035000,294.22,769.9,2.6167493712188157,286.68,45.718438909878024
12020000,14301000,294.22,1743.54,5.925973761131126,60.77000000000004,108.01646947436433
12025000,12035000,404.9,769.9,1.9014571499135589,87.57999999999998,59.505901583515694
12025700,12013500,103.3,337.69,3.269022265246854,247.2,81.83987845536834
12025700,12020000,103.3,294.22,2.848209099709584,120.38999999999999,54.92258593927308
12025700,12025000,103.3,404.9,3.919651500484027,319.49,31.695561481640528
12025700,12035000,103.3,769.9,7.453049370764763,407.07,73.00689991661517
12025700,14222500,103.3,323.89,3.135430784123911,70.51999999999998,104.52044872282944
12025700,14236200,103.3,360.99,3.4945788964181994,65.84000000000003,22.21515055976687
12025700,14301000,103.3,1743.54,16.878412391093903,181.16000000000003,148.64751361854667
12041200,12040500,655.8,1153.44,1.7588289112534312,316.99,30.289358442629805
12043000,12035000,337.19,769.9,2.2832824223731425,229.43,126.23874774239519
12048000,12035000,405.01,769.9,1.9009407175131479,1114.16,115.9448256452862
12048000,12040500,405.01,1153.44,2.847929680748624,826.45,103.06071786432399
12048000,12041200,405.01,655.8,1.6192192785363324,509.46000000000004,86.48771367995573
12048000,12167000,405.01,683.75,1.6882299202488829,782.96,85.0781388249691
12048000,12189500,405.01,1855.32,4.5809239278042515,57.450000000000045,124.54252162543965
12054000,12013500,171.68,337.69,1.9669734389561975,467.69,124.67452292742942
12054000,12020000,171.68,294.22,1.7137698042870457,340.88,120.30170999220152
12054000,12025000,171.68,404.9,2.358457595526561,539.98,118.40461921438009
12054000,12035000,171.68,769.9,4.484506057781919,627.56,84.25892050594861
12054000,12040500,171.68,1153.44,6.7185461323392355,339.85,99.10685433087056
12054000,12041200,171.68,655.8,3.819897483690587,22.860000000000014,93.6754410685323
12054000,12043000,171.68,337.19,1.964061043802423,398.13,107.60923827037216
12054000,12167000,171.68,683.75,3.9827003727865797,296.36,96.29358281144084
12054000,14236200,171.68,360.99,2.1026910531220877,286.33000000000004,128.04368934633578
12056500,12013500,146.97,337.69,2.2976797985983533,465.99999999999994,99.05972394484435
12056500,12020000,146.97,294.22,2.0019051507110297,339.18999999999994,99.81365580817713
12056500,12025000,146.97,404.9,2.7549840103422465,538.29,103.6083362060854
12056500,12035000,146.97,769.9,5.238484044362795,625.8699999999999,58.452400145993494
12056500,12040500,146.97,1153.44,7.848132271892223,338.15999999999997,74.06920918398814
12056500,12041200,146.97,655.8,4.462135129618289,21.16999999999996,76.26775566192305
12056500,12043000,146.97,337.19,2.2942777437572293,396.43999999999994,93.68901150809008
12056500,12167000,146.97,683.75,4.652309995237124,294.66999999999996,126.66653403656181
12056500,14236200,146.97,360.99,2.456215554194734,284.64,121.59957367280886
12082500,12035000,350.0,769.9,2.1997142857142857,886.9200000000001,110.74931537372228
12092000,12025000,240.88,404.9,1.6809199601461309,1094.06,76.15436868596589
12092000,12035000,240.88,769.9,3.196197276652275,1181.64,111.32167120340733
12092000,12048000,240.88,405.01,1.681376619063434,67.48000000000002,148.51512362515524
12092000,12141300,240.88,401.51,1.666846562603786,262.53999999999996,71.04411178209263
12092000,12186000,240.88,398.44,1.6541016273663236,104.65000000000009,146.90400153583334
12095000,12013500,205.84,337.69,1.6405460551884958,448.21999999999997,130.3930188948393
12095000,12025000,205.84,404.9,1.967061795569374,520.51,86.80198201568808
12095000,12035000,205.84,769.9,3.7402837155071897,608.0899999999999,107.31689858603043
12095000,12167000,205.84,683.75,3.3217547609794016,276.89,124.79941193412843
12095000,14222500,205.84,323.89,1.5735036921881072,271.53999999999996,147.65756960263684
12095000,14236200,205.84,360.99,1.7537407695297318,266.86,66.62972814102888
12114500,12025000,66.56,404.9,6.0832331730769225,615.62,132.8951630719903
12114500,12025700,66.56,103.3,1.551983173076923,296.13,101.37058512590245
12114500,12054000,66.56,171.68,2.579326923076923,75.63999999999999,116.23536345361308
12114500,12056500,66.56,146.97,2.2080829326923075,77.33000000000004,135.3265929260649
12114500,12095000,66.56,205.84,3.0925480769230766,95.11000000000001,46.81035633386328
12114500,12147500,66.56,102.89,1.5458233173076923,251.38,44.93503147835571
12114500,12167000,66.56,683.75,10.272686298076923,372.0,108.80890986611686
12114500,14216500,66.56,349.52,5.2512019230769225,27.600000000000023,144.92894294274706
12114500,14236200,66.56,360.99,5.423527644230769,361.97,108.01310096563826
12115000,12025000,102.8,404.9,3.9387159533073928,663.19,130.29549127902754
12115000,12035000,102.8,769.9,7.489299610894942,750.77,147.14827151120207
12115000,12054000,102.8,171.68,1.6700389105058366,123.21000000000004,109.79234874498798
12115000,12095000,102.8,205.84,2.0023346303501945,142.68000000000006,43.61438703654986
12115000,12144000,102.8,210.11,2.0438715953307396,19.07000000000005,18.45047867230928
12115000,12167000,102.8,683.75,6.651264591439689,419.57000000000005,104.01691645102457
12115000,14216500,102.8,349.52,3.4,75.17000000000007,146.72491745720862
12115000,14236200,102.8,360.99,3.5115758754863817,409.5400000000001,106.90141479644221
12115500,12020000,34.72,294.22,8.474078341013826,316.91999999999996,147.12894499046607
12115500,12025000,34.72,404.9,11.661866359447004,516.02,126.70739344453702
12115500,12025700,34.72,103.3,2.9752304147465436,196.52999999999997,95.4090840413907
12115500,12035000,34.72,769.9,22.17453917050691,603.5999999999999,143.8129638155358
12115500,12145500,34.72,78.98,2.2747695852534564,341.0,28.003430475892618
12115500,12147500,34.72,102.89,2.9634216589861753,151.77999999999997,41.30498601097019
12115500,12167000,34.72,683.75,19.693260368663594,272.4,105.271054621322
12115500,14236200,34.72,360.99,10.39717741935484,262.37,103.46083755547193
12117000,12020000,44.85,294.22,6.5600891861761434,204.54999999999995,138.1899173948548
12117000,12025000,44.85,404.9,9.027870680044593,403.65,119.18728939623607
12117000,12025700,44.85,103.3,2.3032329988851727,84.15999999999997,88.68901267055317
12117000,12035000,44.85,769.9,17.166109253065773,491.22999999999996,131.75000604539923
12117000,12145500,44.85,78.98,1.7609810479375696,228.63,17.690661483437154
12117000,12147500,44.85,102.89,2.2940914158305463,39.40999999999997,36.48665480258858
12117000,12167000,44.85,683.75,15.24526198439242,160.02999999999997,98.45065733573588
12117000,14236200,44.85,360.99,8.048829431438127,150.0,99.51004265586263
12141300,12035000,401.51,769.9,1.917511394485816,919.1000000000001,149.50095045755216
12141300,12167000,401.51,683.75,1.7029463774252198,587.9000000000001,91.2459011453729
12143600,12025000,165.01,404.9,2.4537906793527666,744.33,131.21819096568618
12143600,12035000,165.01,769.9,4.665777831646567,831.9100000000001,143.28338681541683
12143600,12167000,165.01,683.75,4.143688261317497,500.71000000000004,93.2485052327384
12143600,14236200,165.01,360.99,2.187685594812436,490.68000000000006,110.66167383680533
12144000,12025000,210.11,404.9,1.9270858121936127,644.12,130.6658099181175
12144000,12035000,210.11,769.9,3.6642710960925227,731.7,139.83501022926288
12144000,12167000,210.11,683.75,3.254247774975013,400.5,87.5969910908332
12144000,14236200,210.11,360.99,1.7181000428347055,390.47,111.94806702232604
12145500,12025000,78.98,404.9,5.126614332742466,175.01999999999998,128.8937715147094
12145500,12035000,78.98,769.9,9.748037477842491,262.59999999999997,133.83108008299058
12147500,12025000,102.89,404.9,3.9352706774224897,364.24,149.6375270992593
12147500,12167000,102.89,683.75,6.645446593449315,120.62,64.03278496713835
12147500,14236200,102.89,360.99,3.5085042278161143,110.59000000000003,134.15610094497205
12147600,12025700,14.13,103.3,7.310686482661004,511.15999999999997,128.13812382624153
12147600,12054000,14.13,171.68,12.150035385704175,290.66999999999996,105.66422485180986
12147600,12056500,14.13,146.97,10.401273885350317,292.36,131.42317465201614
12147600,12082500,14.13,350.0,24.769992922859164,31.309999999999945,112.20536433717156
12147600,12095000,14.13,205.84,14.56758669497523,310.14,73.14954364595413
12147600,12114500,14.13,66.56,4.7105449398443024,215.02999999999997,40.736257659386055
12147600,12115000,14.13,102.8,7.275300778485491,167.45999999999992,37.48185698983104
12147600,12115500,14.13,34.72,2.457183297947629,314.63,39.87958207651803
12147600,12117000,14.13,44.85,3.1740976645435244,427.0,40.118933948880866
12147600,12143600,14.13,165.01,11.67799009200283,86.31999999999994,29.610772113154535
12147600,12144000,14.13,210.11,14.869780608634112,186.52999999999997,27.72369122136012
12147600,12145500,14.13,78.98,5.589525831564048,655.63,29.67388738690724
12147600,12147500,14.13,102.89,7.281670205237083,466.40999999999997,14.1263851412331
12147600,12167000,14.13,683.75,48.38995046001415,587.03,70.10042632176092
12147600,14236200,14.13,360.99,25.547770700636942,577.0,139.62637981048428
12175500,12167000,273.82,683.75,2.497078372653568,1058.25,85.17327495799111
12175500,12189500,273.82,1855.32,6.775692060477686,332.74,45.732941558811284
12175500,12451000,273.82,830.6,3.0333795924329854,29.11999999999989,47.366706805154166
12178100,12141300,69.68,401.51,5.762198622273249,236.6099999999999,133.6089076062891
12178100,12143600,69.68,165.01,2.368111366245694,323.79999999999995,138.4700470858011
12178100,12144000,69.68,210.11,3.0153559127439724,424.01,135.6666221306839
12178100,12167000,69.68,683.75,9.812715269804821,824.51,74.05569019129628
12178100,12186000,69.68,398.44,5.718140068886337,78.72000000000003,56.8247486476864
12178100,12189500,69.68,1855.32,26.62629161882893,99.0,35.387921594955046
12186000,12167000,398.44,683.75,1.7160676638891679,745.79,43.976393328230316
12186000,12189500,398.44,1855.32,4.656460194759562,20.279999999999973,29.35346100207792
12374250,12411000,50.79,867.48,17.07974010632014,233.91000000000008,96.75891711696222
12375900,12374250,19.72,50.79,2.575557809330629,148.37000000000012,62.74765779839257
12375900,12377150,19.72,32.18,1.63184584178499,16.060000000000173,19.08236497558971
12375900,12390700,19.72,470.23,23.84533468559838,112.91000000000008,100.26729228045473
12375900,12411000,19.72,867.48,43.98985801217039,382.2800000000002,148.31848162210483
12375900,13340600,19.72,3354.62,170.11257606490872,110.34000000000015,140.57362065826447
12377150,12374250,32.18,50.79,1.5783095090118087,132.30999999999995,77.94523177059975
12377150,12390700,32.18,470.23,14.612492231199504,96.84999999999991,107.48264333354254
12377150,13340600,32.18,3354.62,104.24549409571162,94.27999999999997,135.3503578793818
12381400,12358500,150.95,2939.19,19.47128188141769,317.72,145.01465254584488
12381400,12390700,150.95,470.23,3.115137462736006,461.74,121.29459462119311
12381400,13340600,150.95,3354.62,22.223385226896323,459.1700000000001,139.8688086018315
12383500,12358500,17.67,2939.19,166.3378607809847,481.78999999999996,149.8935285430584
12383500,12374250,17.67,50.79,2.8743633276740232,661.27,93.32097403903921
12383500,12377150,17.67,32.18,1.821165817770232,528.96,19.52545116381546
12383500,12381400,17.67,150.95,8.542727787209959,164.06999999999994,10.764734887766682
12383500,12388400,17.67,60.84,3.443123938879457,404.45000000000005,35.245953139367884
12383500,12390700,17.67,470.23,26.611771363893602,625.81,114.86405602267727
12383500,13340600,17.67,3354.62,189.84833050367854,623.24,129.44878017560592
12388400,12358500,60.84,2939.19,48.31015779092702,77.33999999999992,139.81439524955312
12388400,12390700,60.84,470.23,7.72896120973044,221.3599999999999,79.70991164993438
12388400,12411000,60.84,867.48,14.258382642998027,490.73,127.86896472747824
12388400,12414500,60.84,2678.97,44.03303747534516,255.16999999999985,134.47178767611308
12388400,13340600,60.84,3354.62,55.138395792241944,218.78999999999996,103.43779777920642
12390700,12411000,470.23,867.48,1.8447993535078577,269.3700000000001,48.61591252398132
12390700,12414500,470.23,2678.97,5.697148204070348,33.809999999999945,71.64982602423744
12447390,12175500,58.1,273.82,4.712908777969019,162.23000000000002,69.98927220083098
12447390,12186000,58.1,398.44,6.857831325301205,474.69000000000005,121.73626581711092
12447390,12189500,58.1,1855.32,31.933218588640273,494.97,113.55025189244837
12447390,12451000,58.1,830.6,14.296041308089501,191.3499999999999,67.98429825068294
12451000,12189500,830.6,1855.32,2.2337105706718035,303.6200000000001,65.60627625050516
12488500,12025000,205.17,404.9,1.9734854023492714,1215.6599999999999,140.94047015571755
12488500,12082500,205.17,350.0,1.7059024223814399,416.31999999999994,73.9273200462343
12488500,12141300,205.17,401.51,1.956962518886777,384.1399999999999,67.11032127225928
12488500,12186000,205.17,398.44,1.941999317639031,226.25,134.36725900832158
12488500,14216500,205.17,349.52,1.7035628990593166,627.64,118.70205794276025
12488500,14236200,205.17,360.99,1.759467758444217,962.01,107.07755065985226
13011900,06188000,851.8,1730.28,2.0313219065508337,113.78999999999996,121.222948696263
13011900,06191500,851.8,6783.59,7.963829537450106,135.4300000000003,144.38867776167302
13240000,13337000,125.57,3053.42,24.316476865493353,417.16999999999985,141.23018933473043
13240000,13338500,125.57,3027.0,24.10607629210799,546.99,130.4170195454254
13310700,13337000,853.13,3053.42,3.579079390010901,431.79999999999995,129.86224093411641
13310700,13338500,853.13,3027.0,3.5481110733416945,561.6200000000001,123.81454096092232
13313000,13235000,561.94,1163.23,2.0700252696017367,80.25999999999976,97.9306002185599
13313000,13310700,561.94,853.13,1.5181869950528524,175.6199999999999,17.92059276799287
13313000,13337000,561.94,3053.42,5.433711784176246,607.4199999999998,132.40280044423582
13313000,13338500,561.94,3027.0,5.386696088550378,737.24,130.4591448529997
13331500,13338500,618.93,3027.0,4.890698463477292,236.49,145.11119505376988
13331500,13340000,618.93,14268.92,23.054174139240303,196.8599999999999,148.20434761848978
13337000,13340000,3053.42,14268.92,4.673094431817438,90.19000000000005,63.05700134360968
14092750,14096850,57.48,374.62,6.517397355601949,639.1700000000001,29.868156904533894
14092750,14137000,57.48,674.24,11.72999304105776,542.8800000000001,82.31776322374995
14092750,14154500,57.48,546.81,9.513048016701461,675.21,149.9310881862393
14092750,14158500,57.48,237.08,4.124565066109952,421.93000000000006,51.95094446138101
14092750,14182500,57.48,286.85,4.990431454418929,877.73,74.78314020256934
14092750,14185000,57.48,458.18,7.971120389700766,620.45,79.22039034537343
14092750,14185900,57.48,258.2,4.491997216423104,773.8900000000001,67.65623272562277
14092750,14187000,57.48,134.75,2.344293667362561,802.8800000000001,88.96933184714125
14092750,14222500,57.48,323.89,5.634829505915101,1111.83,137.24494053918758
14137000,14301000,674.24,1743.54,2.5859337921214998,679.5899999999999,130.45977964307798
14138800,14139800,21.29,40.7,1.9116956317519964,180.62,17.03416206194511
14138800,14141500,21.29,59.87,2.812118365429779,169.52999999999997,22.237370651826687
14138800,14182500,21.29,286.85,13.473461719116958,101.66999999999996,91.17819007553771
14138800,14187000,21.29,134.75,6.329262564584313,26.82000000000005,133.22237992471662
14138800,14222500,21.29,323.89,15.2132456552372,335.77,61.81299706428902
14138800,14236200,21.29,360.99,16.955847815875998,331.09000000000003,134.4251703153527
14138800,14301000,21.29,1743.54,81.89478628464067,446.41,147.7327060627859
14138870,12025000,14.02,404.9,28.880171184022824,490.91999999999996,145.2672219106112
14138870,14139800,14.02,40.7,2.9029957203994297,86.79999999999995,7.644595001626882
14138870,14141500,14.02,59.87,4.270328102710414,75.70999999999992,13.461987894119245
14138870,14182500,14.02,286.85,20.460057061340944,7.849999999999909,88.01533503275787
14138870,14222500,14.02,323.89,23.101997146932952,241.94999999999993,52.39456859630534
14138870,14236200,14.02,360.99,25.74821683309558,237.26999999999998,128.45426832389936
14138870,14301000,14.02,1743.54,124.36091298145506,352.59,136.87262423353306
14138900,12025000,21.68,404.9,18.67619926199262,520.44,143.50054570387786
14138900,12025700,21.68,103.3,4.764760147601476,200.95000000000005,148.50338784816842
14138900,14139800,21.68,40.7,1.8773062730627308,116.32000000000005,7.970354910814747
14138900,14141500,21.68,59.87,2.761531365313653,105.23000000000002,13.738763979114834
14138900,14182500,21.68,286.85,13.23108856088561,37.370000000000005,88.99817885953851
14138900,14222500,21.68,323.89,14.939575645756458,271.47,50.67883044656136
14138900,14236200,21.68,360.99,16.650830258302584,266.7900000000001,126.72568695096922
14138900,14301000,21.68,1743.54,80.42158671586716,382.11000000000007,135.79020945723536
14139800,12025000,40.7,404.9,9.948402948402947,404.12,145.7619758208009
14139800,14222500,40.7,323.89,7.957985257985257,155.14999999999998,51.68151853073278
14139800,14236200,40.7,360.99,8.869533169533169,150.47000000000003,130.7880217387181
14139800,14301000,40.7,1743.54,42.838820638820636,265.79,131.31116495819123
14141500,12025000,59.87,404.9,6.762986470686488,415.21000000000004,146.67165157848393
14141500,14222500,59.87,323.89,5.409888090863538,166.24,52.16026074920123
14141500,14236200,59.87,360.99,6.029564055453483,161.56000000000006,133.0806725670833
14141500,14301000,59.87,1743.54,29.122097878737264,276.88000000000005,127.42058766459242
14154500,14306500,546.81,857.16,1.5675646019641192,614.1600000000001,105.2986748014794
14158500,14096850,237.08,374.62,1.5801417243124682,217.24,81.73513114672856
14158500,14137000,237.08,674.24,2.843934536865193,120.95000000000005,116.02643761886624
14158500,14154500,237.08,546.81,2.306436645857938,253.27999999999997,98.74687574466978
14158500,14185000,237.08,458.18,1.932596591867724,198.51999999999998,40.041734573613766
14158500,14306500,237.08,857.16,3.615488442719757,867.44,145.96467896077002
14158500,14316700,237.08,587.9,2.4797536696473763,223.49,126.8759627103587
14158790,14096850,40.57,374.62,9.233916687207296,68.29999999999995,86.50757472062594
14158790,14154500,40.57,546.81,13.478185851614493,104.33999999999992,93.77864497650573
14158790,14166500,40.57,226.52,5.583436036480158,777.3,114.4255597523527
14158790,14182500,40.57,286.85,7.070495439980282,306.8599999999999,66.01265886607456
14158790,14185000,40.57,458.18,11.293566674882918,49.57999999999993,36.37905182090278
14158790,14185900,40.57,258.2,6.364308602415577,203.01999999999998,38.41572804692118
14158790,14187000,40.57,134.75,3.3214197683017006,232.01,45.99959676925897
14158790,14306500,40.57,857.16,21.127927039684494,718.5,142.00079691728135
14158790,14316700,40.57,587.9,14.491003204338181,74.54999999999995,122.39415357954748
14182500,14301000,286.85,1743.54,6.078229039567717,344.74000000000007,137.02609854950606
14182500,14305500,286.85,526.33,1.8348614258323166,443.79,103.66142530343917
14182500,14306500,286.85,857.16,2.9881819766428444,411.64000000000004,108.97570633898447
14185000,14306500,458.18,857.16,1.870793138068008,668.9200000000001,106.01748064690803
14185900,14305500,258.2,526.33,2.038458559256391,547.6299999999999,116.49464659540934
14185900,14306500,258.2,857.16,3.319752130131681,515.48,112.09352911784518
14187000,14166500,134.75,226.52,1.681038961038961,545.29,73.36726959893272
14187000,14182500,134.75,286.85,2.128756957328386,74.84999999999991,46.739556744860415
14187000,14305500,134.75,526.33,3.905974025974026,518.6399999999999,107.19098941343458
14187000,14306500,134.75,857.16,6.361113172541744,486.48999999999995,96.0665387975477
14216500,14301000,349.52,1743.54,4.98838406958114,449.69,142.1005984597892
14222500,14301000,323.89,1743.54,5.383123900089537,110.64000000000004,101.0756677664982
14236200,12035000,360.99,769.9,2.13274605944763,341.22999999999996,90.78273596700572
14236200,14301000,360.99,1743.54,4.8298844843347455,115.32,140.66867531904396
14303200,12010000,8.06,142.18,17.640198511166254,427.04,117.71517793758275
14303200,12013500,8.06,337.69,41.897022332506204,263.05,147.74454249471705
14303200,12020000,8.06,294.22,36.50372208436725,136.24,145.27286167185858
14303200,14166500,8.06,226.52,28.10421836228288,322.71000000000004,142.02991996091728
14303200,14222500,8.06,323.89,40.1848635235732,86.37,101.5667779576474
14303200,14301000,8.06,1743.54,216.3200992555831,197.01000000000005,45.25168717202157
14303200,14305500,8.06,526.33,65.3014888337469,296.06,72.84042064278901
14303200,14306340,8.06,14.73,1.8275434243176178,174.78000000000003,119.89849233203873
14303200,14306500,8.06,857.16,106.34739454094291,263.91,106.73309350825218
14306340,14166500,14.73,226.52,15.378139850644942,147.93,27.685808817358826
14306340,14305500,14.73,526.33,35.73183978275628,121.27999999999997,55.63342613443226
14306340,14306500,14.73,857.16,58.191446028513234,89.13,21.84109693756037
14308990,11532500,167.76,1577.96,9.406056270863138,261.9699999999999,138.8033870060382
14308990,14154500,167.76,546.81,3.2594778254649497,64.56999999999994,103.53396608446836
14308990,14316700,167.76,587.9,3.504411063423939,34.77999999999997,66.84761995690792
14308990,14325000,167.76,443.07,2.6410944206008584,330.51,77.38208510325417
14308990,14400000,167.76,702.63,4.188304721030043,361.73,116.75603224741474
14309500,14325000,224.92,443.07,1.9699004090343233,53.30000000000007,38.722088006992436
14309500,14400000,224.92,702.63,3.1239107238129113,84.5200000000001,89.23072249199768
14325000,14400000,443.07,702.63,1.5858216534633354,31.220000000000027,85.93805910874498
14362250,11482500,41.42,718.04,17.33558667310478,328.67999999999995,124.86284772988827
14362250,11532500,41.42,1577.96,38.096571704490586,150.5999999999999,92.03690597632075
14362250,14309500,41.42,224.92,5.430226943505552,165.83999999999992,84.57499830298298
14362250,14325000,41.42,443.07,10.697006277160792,219.14,115.66303033121184
14362250,14400000,41.42,702.63,16.963544181554802,250.36,91.74985633548623
